ISO-10303-21;
HEADER;
FILE_DESCRIPTION(('Open CASCADE Model'),'2;1');
FILE_NAME('Open CASCADE Shape Model','2026-08-20T13:22:10',('Author'),(
    'Open CASCADE'),'Open CASCADE STEP processor 7.8','Open CASCADE 7.8'
  ,'Unknown');
FILE_SCHEMA(('AUTOMOTIVE_DESIGN { 1 0 10303 214 1 1 1 1 }'));
ENDSEC;
DATA;
#1 = APPLICATION_PROTOCOL_DEFINITION('international standard',
  'automotive_design',2000,#2);
#2 = APPLICATION_CONTEXT(
  'core data for automotive mechanical design processes');
#3 = SHAPE_DEFINITION_REPRESENTATION(#4,#10);
#4 = PRODUCT_DEFINITION_SHAPE('','',#5);
#5 = PRODUCT_DEFINITION('design','',#6,#9);
#6 = PRODUCT_DEFINITION_FORMATION('','',#7);
#7 = PRODUCT('d2671196-9cd4-11f1-a10e-81e6876eb9ac',
  'd2671196-9cd4-11f1-a10e-81e6876eb9ac','',(#8));
#8 = PRODUCT_CONTEXT('',#2,'mechanical');
#9 = PRODUCT_DEFINITION_CONTEXT('part definition',#2,'design');
#10 = SHAPE_REPRESENTATION('',(#11,#15,#19),#23);
#11 = AXIS2_PLACEMENT_3D('',#12,#13,#14);
#12 = CARTESIAN_POINT('',(0.,0.,0.));
#13 = DIRECTION('',(0.,0.,1.));
#14 = DIRECTION('',(1.,0.,-0.));
#15 = AXIS2_PLACEMENT_3D('',#16,#17,#18);
#16 = CARTESIAN_POINT('',(0.,0.,0.));
#17 = DIRECTION('',(0.,0.,1.));
#18 = DIRECTION('',(1.,0.,-0.));
#19 = AXIS2_PLACEMENT_3D('',#20,#21,#22);
#20 = CARTESIAN_POINT('',(0.,0.,0.));
#21 = DIRECTION('',(0.,0.,1.));
#22 = DIRECTION('',(1.,0.,-0.));
#23 = ( GEOMETRIC_REPRESENTATION_CONTEXT(3) 
GLOBAL_UNCERTAINTY_ASSIGNED_CONTEXT((#27)) GLOBAL_UNIT_ASSIGNED_CONTEXT(
(#24,#25,#26)) REPRESENTATION_CONTEXT('Context #1',
  '3D Context with UNIT and UNCERTAINTY') );
#24 = ( LENGTH_UNIT() NAMED_UNIT(*) SI_UNIT(.MILLI.,.METRE.) );
#25 = ( NAMED_UNIT(*) PLANE_ANGLE_UNIT() SI_UNIT($,.RADIAN.) );
#26 = ( NAMED_UNIT(*) SI_UNIT($,.STERADIAN.) SOLID_ANGLE_UNIT() );
#27 = UNCERTAINTY_MEASURE_WITH_UNIT(LENGTH_MEASURE(1.E-07),#24,
  'distance_accuracy_value','confusion accuracy');
#28 = PRODUCT_RELATED_PRODUCT_CATEGORY('part',$,(#7));
#29 = SHAPE_DEFINITION_REPRESENTATION(#30,#36);
#30 = PRODUCT_DEFINITION_SHAPE('','',#31);
#31 = PRODUCT_DEFINITION('design','',#32,#35);
#32 = PRODUCT_DEFINITION_FORMATION('','',#33);
#33 = PRODUCT('housing','housing','',(#34));
#34 = PRODUCT_CONTEXT('',#2,'mechanical');
#35 = PRODUCT_DEFINITION_CONTEXT('part definition',#2,'design');
#36 = ADVANCED_BREP_SHAPE_REPRESENTATION('',(#11,#37),#5964);
#37 = MANIFOLD_SOLID_BREP('',#38);
#38 = CLOSED_SHELL('',(#39,#266,#402,#481,#1378,#1428,#1594,#1643,#1772,
    #1826,#1875,#2120,#2174,#2345,#2416,#2446,#2548,#2630,#2682,#2730,
    #2909,#2963,#3026,#3079,#3133,#3196,#3249,#3303,#3356,#3389,#3438,
    #3466,#3535,#3583,#3610,#3679,#3727,#3754,#3827,#3932,#3959,#4122,
    #4149,#4176,#4203,#4229,#4357,#4489,#4636,#4729,#4756,#4782,#4827,
    #4834,#4841,#4895,#5261,#5288,#5315,#5369,#5418,#5468,#5515,#5569,
    #5596,#5623,#5630,#5637,#5644,#5668,#5737,#5747,#5774,#5781,#5787,
    #5832,#5839,#5846,#5901,#5956,#5960));
#39 = ADVANCED_FACE('',(#40),#54,.F.);
#40 = FACE_BOUND('',#41,.F.);
#41 = EDGE_LOOP('',(#42,#77,#105,#133,#161,#189,#212,#240));
#42 = ORIENTED_EDGE('',*,*,#43,.F.);
#43 = EDGE_CURVE('',#44,#46,#48,.T.);
#44 = VERTEX_POINT('',#45);
#45 = CARTESIAN_POINT('',(-7.185,9.185,2.9));
#46 = VERTEX_POINT('',#47);
#47 = CARTESIAN_POINT('',(-7.185,9.185,6.86));
#48 = SURFACE_CURVE('',#49,(#53,#65),.PCURVE_S1.);
#49 = LINE('',#50,#51);
#50 = CARTESIAN_POINT('',(-7.185,9.185,2.9));
#51 = VECTOR('',#52,1.);
#52 = DIRECTION('',(0.,0.,1.));
#53 = PCURVE('',#54,#59);
#54 = PLANE('',#55);
#55 = AXIS2_PLACEMENT_3D('',#56,#57,#58);
#56 = CARTESIAN_POINT('',(9.185,9.185,2.9));
#57 = DIRECTION('',(0.,-1.,0.));
#58 = DIRECTION('',(-1.,0.,0.));
#59 = DEFINITIONAL_REPRESENTATION('',(#60),#64);
#60 = LINE('',#61,#62);
#61 = CARTESIAN_POINT('',(16.37,0.));
#62 = VECTOR('',#63,1.);
#63 = DIRECTION('',(0.,-1.));
#64 = ( GEOMETRIC_REPRESENTATION_CONTEXT(2) 
PARAMETRIC_REPRESENTATION_CONTEXT() REPRESENTATION_CONTEXT('2D SPACE',''
  ) );
#65 = PCURVE('',#66,#71);
#66 = CYLINDRICAL_SURFACE('',#67,2.);
#67 = AXIS2_PLACEMENT_3D('',#68,#69,#70);
#68 = CARTESIAN_POINT('',(-7.185,7.185,2.9));
#69 = DIRECTION('',(0.,0.,1.));
#70 = DIRECTION('',(-0.,1.,0.));
#71 = DEFINITIONAL_REPRESENTATION('',(#72),#76);
#72 = LINE('',#73,#74);
#73 = CARTESIAN_POINT('',(0.,0.));
#74 = VECTOR('',#75,1.);
#75 = DIRECTION('',(0.,1.));
#76 = ( GEOMETRIC_REPRESENTATION_CONTEXT(2) 
PARAMETRIC_REPRESENTATION_CONTEXT() REPRESENTATION_CONTEXT('2D SPACE',''
  ) );
#77 = ORIENTED_EDGE('',*,*,#78,.F.);
#78 = EDGE_CURVE('',#79,#44,#81,.T.);
#79 = VERTEX_POINT('',#80);
#80 = CARTESIAN_POINT('',(-5.5,9.185,2.9));
#81 = SURFACE_CURVE('',#82,(#86,#93),.PCURVE_S1.);
#82 = LINE('',#83,#84);
#83 = CARTESIAN_POINT('',(9.185,9.185,2.9));
#84 = VECTOR('',#85,1.);
#85 = DIRECTION('',(-1.,0.,0.));
#86 = PCURVE('',#54,#87);
#87 = DEFINITIONAL_REPRESENTATION('',(#88),#92);
#88 = LINE('',#89,#90);
#89 = CARTESIAN_POINT('',(0.,-0.));
#90 = VECTOR('',#91,1.);
#91 = DIRECTION('',(1.,0.));
#92 = ( GEOMETRIC_REPRESENTATION_CONTEXT(2) 
PARAMETRIC_REPRESENTATION_CONTEXT() REPRESENTATION_CONTEXT('2D SPACE',''
  ) );
#93 = PCURVE('',#94,#99);
#94 = PLANE('',#95);
#95 = AXIS2_PLACEMENT_3D('',#96,#97,#98);
#96 = CARTESIAN_POINT('',(-3.636349722416E-16,3.636349722416E-16,2.9));
#97 = DIRECTION('',(0.,0.,1.));
#98 = DIRECTION('',(1.,0.,-0.));
#99 = DEFINITIONAL_REPRESENTATION('',(#100),#104);
#100 = LINE('',#101,#102);
#101 = CARTESIAN_POINT('',(9.185,9.185));
#102 = VECTOR('',#103,1.);
#103 = DIRECTION('',(-1.,0.));
#104 = ( GEOMETRIC_REPRESENTATION_CONTEXT(2) 
PARAMETRIC_REPRESENTATION_CONTEXT() REPRESENTATION_CONTEXT('2D SPACE',''
  ) );
#105 = ORIENTED_EDGE('',*,*,#106,.T.);
#106 = EDGE_CURVE('',#79,#107,#109,.T.);
#107 = VERTEX_POINT('',#108);
#108 = CARTESIAN_POINT('',(-5.5,9.185,4.26));
#109 = SURFACE_CURVE('',#110,(#114,#121),.PCURVE_S1.);
#110 = LINE('',#111,#112);
#111 = CARTESIAN_POINT('',(-5.5,9.185,2.9));
#112 = VECTOR('',#113,1.);
#113 = DIRECTION('',(0.,0.,1.));
#114 = PCURVE('',#54,#115);
#115 = DEFINITIONAL_REPRESENTATION('',(#116),#120);
#116 = LINE('',#117,#118);
#117 = CARTESIAN_POINT('',(14.685,0.));
#118 = VECTOR('',#119,1.);
#119 = DIRECTION('',(0.,-1.));
#120 = ( GEOMETRIC_REPRESENTATION_CONTEXT(2) 
PARAMETRIC_REPRESENTATION_CONTEXT() REPRESENTATION_CONTEXT('2D SPACE',''
  ) );
#121 = PCURVE('',#122,#127);
#122 = PLANE('',#123);
#123 = AXIS2_PLACEMENT_3D('',#124,#125,#126);
#124 = CARTESIAN_POINT('',(-5.5,10.95,2.9));
#125 = DIRECTION('',(1.,0.,-0.));
#126 = DIRECTION('',(0.,-1.,0.));
#127 = DEFINITIONAL_REPRESENTATION('',(#128),#132);
#128 = LINE('',#129,#130);
#129 = CARTESIAN_POINT('',(1.765,0.));
#130 = VECTOR('',#131,1.);
#131 = DIRECTION('',(0.,-1.));
#132 = ( GEOMETRIC_REPRESENTATION_CONTEXT(2) 
PARAMETRIC_REPRESENTATION_CONTEXT() REPRESENTATION_CONTEXT('2D SPACE',''
  ) );
#133 = ORIENTED_EDGE('',*,*,#134,.T.);
#134 = EDGE_CURVE('',#107,#135,#137,.T.);
#135 = VERTEX_POINT('',#136);
#136 = CARTESIAN_POINT('',(5.5,9.185,4.26));
#137 = SURFACE_CURVE('',#138,(#142,#149),.PCURVE_S1.);
#138 = LINE('',#139,#140);
#139 = CARTESIAN_POINT('',(-5.5,9.185,4.26));
#140 = VECTOR('',#141,1.);
#141 = DIRECTION('',(1.,0.,0.));
#142 = PCURVE('',#54,#143);
#143 = DEFINITIONAL_REPRESENTATION('',(#144),#148);
#144 = LINE('',#145,#146);
#145 = CARTESIAN_POINT('',(14.685,-1.36));
#146 = VECTOR('',#147,1.);
#147 = DIRECTION('',(-1.,-0.));
#148 = ( GEOMETRIC_REPRESENTATION_CONTEXT(2) 
PARAMETRIC_REPRESENTATION_CONTEXT() REPRESENTATION_CONTEXT('2D SPACE',''
  ) );
#149 = PCURVE('',#150,#155);
#150 = PLANE('',#151);
#151 = AXIS2_PLACEMENT_3D('',#152,#153,#154);
#152 = CARTESIAN_POINT('',(0.,10.0675,4.26));
#153 = DIRECTION('',(0.,0.,1.));
#154 = DIRECTION('',(1.,0.,-0.));
#155 = DEFINITIONAL_REPRESENTATION('',(#156),#160);
#156 = LINE('',#157,#158);
#157 = CARTESIAN_POINT('',(-5.5,-0.8825));
#158 = VECTOR('',#159,1.);
#159 = DIRECTION('',(1.,0.));
#160 = ( GEOMETRIC_REPRESENTATION_CONTEXT(2) 
PARAMETRIC_REPRESENTATION_CONTEXT() REPRESENTATION_CONTEXT('2D SPACE',''
  ) );
#161 = ORIENTED_EDGE('',*,*,#162,.F.);
#162 = EDGE_CURVE('',#163,#135,#165,.T.);
#163 = VERTEX_POINT('',#164);
#164 = CARTESIAN_POINT('',(5.5,9.185,2.9));
#165 = SURFACE_CURVE('',#166,(#170,#177),.PCURVE_S1.);
#166 = LINE('',#167,#168);
#167 = CARTESIAN_POINT('',(5.5,9.185,2.9));
#168 = VECTOR('',#169,1.);
#169 = DIRECTION('',(0.,0.,1.));
#170 = PCURVE('',#54,#171);
#171 = DEFINITIONAL_REPRESENTATION('',(#172),#176);
#172 = LINE('',#173,#174);
#173 = CARTESIAN_POINT('',(3.685,0.));
#174 = VECTOR('',#175,1.);
#175 = DIRECTION('',(0.,-1.));
#176 = ( GEOMETRIC_REPRESENTATION_CONTEXT(2) 
PARAMETRIC_REPRESENTATION_CONTEXT() REPRESENTATION_CONTEXT('2D SPACE',''
  ) );
#177 = PCURVE('',#178,#183);
#178 = PLANE('',#179);
#179 = AXIS2_PLACEMENT_3D('',#180,#181,#182);
#180 = CARTESIAN_POINT('',(5.5,9.185,2.9));
#181 = DIRECTION('',(-1.,0.,0.));
#182 = DIRECTION('',(0.,1.,0.));
#183 = DEFINITIONAL_REPRESENTATION('',(#184),#188);
#184 = LINE('',#185,#186);
#185 = CARTESIAN_POINT('',(0.,0.));
#186 = VECTOR('',#187,1.);
#187 = DIRECTION('',(0.,-1.));
#188 = ( GEOMETRIC_REPRESENTATION_CONTEXT(2) 
PARAMETRIC_REPRESENTATION_CONTEXT() REPRESENTATION_CONTEXT('2D SPACE',''
  ) );
#189 = ORIENTED_EDGE('',*,*,#190,.F.);
#190 = EDGE_CURVE('',#191,#163,#193,.T.);
#191 = VERTEX_POINT('',#192);
#192 = CARTESIAN_POINT('',(7.185,9.185,2.9));
#193 = SURFACE_CURVE('',#194,(#198,#205),.PCURVE_S1.);
#194 = LINE('',#195,#196);
#195 = CARTESIAN_POINT('',(9.185,9.185,2.9));
#196 = VECTOR('',#197,1.);
#197 = DIRECTION('',(-1.,0.,0.));
#198 = PCURVE('',#54,#199);
#199 = DEFINITIONAL_REPRESENTATION('',(#200),#204);
#200 = LINE('',#201,#202);
#201 = CARTESIAN_POINT('',(0.,-0.));
#202 = VECTOR('',#203,1.);
#203 = DIRECTION('',(1.,0.));
#204 = ( GEOMETRIC_REPRESENTATION_CONTEXT(2) 
PARAMETRIC_REPRESENTATION_CONTEXT() REPRESENTATION_CONTEXT('2D SPACE',''
  ) );
#205 = PCURVE('',#94,#206);
#206 = DEFINITIONAL_REPRESENTATION('',(#207),#211);
#207 = LINE('',#208,#209);
#208 = CARTESIAN_POINT('',(9.185,9.185));
#209 = VECTOR('',#210,1.);
#210 = DIRECTION('',(-1.,0.));
#211 = ( GEOMETRIC_REPRESENTATION_CONTEXT(2) 
PARAMETRIC_REPRESENTATION_CONTEXT() REPRESENTATION_CONTEXT('2D SPACE',''
  ) );
#212 = ORIENTED_EDGE('',*,*,#213,.T.);
#213 = EDGE_CURVE('',#191,#214,#216,.T.);
#214 = VERTEX_POINT('',#215);
#215 = CARTESIAN_POINT('',(7.185,9.185,6.86));
#216 = SURFACE_CURVE('',#217,(#221,#228),.PCURVE_S1.);
#217 = LINE('',#218,#219);
#218 = CARTESIAN_POINT('',(7.185,9.185,2.9));
#219 = VECTOR('',#220,1.);
#220 = DIRECTION('',(0.,0.,1.));
#221 = PCURVE('',#54,#222);
#222 = DEFINITIONAL_REPRESENTATION('',(#223),#227);
#223 = LINE('',#224,#225);
#224 = CARTESIAN_POINT('',(2.,0.));
#225 = VECTOR('',#226,1.);
#226 = DIRECTION('',(0.,-1.));
#227 = ( GEOMETRIC_REPRESENTATION_CONTEXT(2) 
PARAMETRIC_REPRESENTATION_CONTEXT() REPRESENTATION_CONTEXT('2D SPACE',''
  ) );
#228 = PCURVE('',#229,#234);
#229 = CYLINDRICAL_SURFACE('',#230,2.);
#230 = AXIS2_PLACEMENT_3D('',#231,#232,#233);
#231 = CARTESIAN_POINT('',(7.185,7.185,2.9));
#232 = DIRECTION('',(0.,0.,1.));
#233 = DIRECTION('',(1.,0.,-0.));
#234 = DEFINITIONAL_REPRESENTATION('',(#235),#239);
#235 = LINE('',#236,#237);
#236 = CARTESIAN_POINT('',(1.570796326795,0.));
#237 = VECTOR('',#238,1.);
#238 = DIRECTION('',(0.,1.));
#239 = ( GEOMETRIC_REPRESENTATION_CONTEXT(2) 
PARAMETRIC_REPRESENTATION_CONTEXT() REPRESENTATION_CONTEXT('2D SPACE',''
  ) );
#240 = ORIENTED_EDGE('',*,*,#241,.T.);
#241 = EDGE_CURVE('',#214,#46,#242,.T.);
#242 = SURFACE_CURVE('',#243,(#247,#254),.PCURVE_S1.);
#243 = LINE('',#244,#245);
#244 = CARTESIAN_POINT('',(7.185,9.185,6.86));
#245 = VECTOR('',#246,1.);
#246 = DIRECTION('',(-1.,0.,0.));
#247 = PCURVE('',#54,#248);
#248 = DEFINITIONAL_REPRESENTATION('',(#249),#253);
#249 = LINE('',#250,#251);
#250 = CARTESIAN_POINT('',(2.,-3.96));
#251 = VECTOR('',#252,1.);
#252 = DIRECTION('',(1.,0.));
#253 = ( GEOMETRIC_REPRESENTATION_CONTEXT(2) 
PARAMETRIC_REPRESENTATION_CONTEXT() REPRESENTATION_CONTEXT('2D SPACE',''
  ) );
#254 = PCURVE('',#255,#260);
#255 = CYLINDRICAL_SURFACE('',#256,0.3);
#256 = AXIS2_PLACEMENT_3D('',#257,#258,#259);
#257 = CARTESIAN_POINT('',(7.185,8.885,6.86));
#258 = DIRECTION('',(-1.,0.,0.));
#259 = DIRECTION('',(0.,1.,-0.));
#260 = DEFINITIONAL_REPRESENTATION('',(#261),#265);
#261 = LINE('',#262,#263);
#262 = CARTESIAN_POINT('',(-0.,0.));
#263 = VECTOR('',#264,1.);
#264 = DIRECTION('',(-0.,1.));
#265 = ( GEOMETRIC_REPRESENTATION_CONTEXT(2) 
PARAMETRIC_REPRESENTATION_CONTEXT() REPRESENTATION_CONTEXT('2D SPACE',''
  ) );
#266 = ADVANCED_FACE('',(#267),#66,.T.);
#267 = FACE_BOUND('',#268,.T.);
#268 = EDGE_LOOP('',(#269,#270,#294,#323,#347,#375));
#269 = ORIENTED_EDGE('',*,*,#43,.F.);
#270 = ORIENTED_EDGE('',*,*,#271,.T.);
#271 = EDGE_CURVE('',#44,#272,#274,.T.);
#272 = VERTEX_POINT('',#273);
#273 = CARTESIAN_POINT('',(-8.087094784377,8.97,2.9));
#274 = SURFACE_CURVE('',#275,(#280,#287),.PCURVE_S1.);
#275 = CIRCLE('',#276,2.);
#276 = AXIS2_PLACEMENT_3D('',#277,#278,#279);
#277 = CARTESIAN_POINT('',(-7.185,7.185,2.9));
#278 = DIRECTION('',(0.,0.,1.));
#279 = DIRECTION('',(0.,-1.,0.));
#280 = PCURVE('',#66,#281);
#281 = DEFINITIONAL_REPRESENTATION('',(#282),#286);
#282 = LINE('',#283,#284);
#283 = CARTESIAN_POINT('',(-3.14159265359,8.881784197001E-16));
#284 = VECTOR('',#285,1.);
#285 = DIRECTION('',(1.,0.));
#286 = ( GEOMETRIC_REPRESENTATION_CONTEXT(2) 
PARAMETRIC_REPRESENTATION_CONTEXT() REPRESENTATION_CONTEXT('2D SPACE',''
  ) );
#287 = PCURVE('',#94,#288);
#288 = DEFINITIONAL_REPRESENTATION('',(#289),#293);
#289 = CIRCLE('',#290,2.);
#290 = AXIS2_PLACEMENT_2D('',#291,#292);
#291 = CARTESIAN_POINT('',(-7.185,7.185));
#292 = DIRECTION('',(0.,-1.));
#293 = ( GEOMETRIC_REPRESENTATION_CONTEXT(2) 
PARAMETRIC_REPRESENTATION_CONTEXT() REPRESENTATION_CONTEXT('2D SPACE',''
  ) );
#294 = ORIENTED_EDGE('',*,*,#295,.T.);
#295 = EDGE_CURVE('',#272,#296,#298,.T.);
#296 = VERTEX_POINT('',#297);
#297 = CARTESIAN_POINT('',(-8.97,8.087094784377,2.9));
#298 = SURFACE_CURVE('',#299,(#304,#311),.PCURVE_S1.);
#299 = CIRCLE('',#300,2.);
#300 = AXIS2_PLACEMENT_3D('',#301,#302,#303);
#301 = CARTESIAN_POINT('',(-7.185,7.185,2.9));
#302 = DIRECTION('',(0.,0.,1.));
#303 = DIRECTION('',(0.,-1.,0.));
#304 = PCURVE('',#66,#305);
#305 = DEFINITIONAL_REPRESENTATION('',(#306),#310);
#306 = LINE('',#307,#308);
#307 = CARTESIAN_POINT('',(-3.14159265359,8.881784197001E-16));
#308 = VECTOR('',#309,1.);
#309 = DIRECTION('',(1.,0.));
#310 = ( GEOMETRIC_REPRESENTATION_CONTEXT(2) 
PARAMETRIC_REPRESENTATION_CONTEXT() REPRESENTATION_CONTEXT('2D SPACE',''
  ) );
#311 = PCURVE('',#312,#317);
#312 = PLANE('',#313);
#313 = AXIS2_PLACEMENT_3D('',#314,#315,#316);
#314 = CARTESIAN_POINT('',(0.,0.,2.9));
#315 = DIRECTION('',(0.,0.,1.));
#316 = DIRECTION('',(1.,0.,-0.));
#317 = DEFINITIONAL_REPRESENTATION('',(#318),#322);
#318 = CIRCLE('',#319,2.);
#319 = AXIS2_PLACEMENT_2D('',#320,#321);
#320 = CARTESIAN_POINT('',(-7.185,7.185));
#321 = DIRECTION('',(0.,-1.));
#322 = ( GEOMETRIC_REPRESENTATION_CONTEXT(2) 
PARAMETRIC_REPRESENTATION_CONTEXT() REPRESENTATION_CONTEXT('2D SPACE',''
  ) );
#323 = ORIENTED_EDGE('',*,*,#324,.T.);
#324 = EDGE_CURVE('',#296,#325,#327,.T.);
#325 = VERTEX_POINT('',#326);
#326 = CARTESIAN_POINT('',(-9.185,7.185,2.9));
#327 = SURFACE_CURVE('',#328,(#333,#340),.PCURVE_S1.);
#328 = CIRCLE('',#329,2.);
#329 = AXIS2_PLACEMENT_3D('',#330,#331,#332);
#330 = CARTESIAN_POINT('',(-7.185,7.185,2.9));
#331 = DIRECTION('',(0.,0.,1.));
#332 = DIRECTION('',(0.,-1.,0.));
#333 = PCURVE('',#66,#334);
#334 = DEFINITIONAL_REPRESENTATION('',(#335),#339);
#335 = LINE('',#336,#337);
#336 = CARTESIAN_POINT('',(-3.14159265359,8.881784197001E-16));
#337 = VECTOR('',#338,1.);
#338 = DIRECTION('',(1.,0.));
#339 = ( GEOMETRIC_REPRESENTATION_CONTEXT(2) 
PARAMETRIC_REPRESENTATION_CONTEXT() REPRESENTATION_CONTEXT('2D SPACE',''
  ) );
#340 = PCURVE('',#94,#341);
#341 = DEFINITIONAL_REPRESENTATION('',(#342),#346);
#342 = CIRCLE('',#343,2.);
#343 = AXIS2_PLACEMENT_2D('',#344,#345);
#344 = CARTESIAN_POINT('',(-7.185,7.185));
#345 = DIRECTION('',(0.,-1.));
#346 = ( GEOMETRIC_REPRESENTATION_CONTEXT(2) 
PARAMETRIC_REPRESENTATION_CONTEXT() REPRESENTATION_CONTEXT('2D SPACE',''
  ) );
#347 = ORIENTED_EDGE('',*,*,#348,.T.);
#348 = EDGE_CURVE('',#325,#349,#351,.T.);
#349 = VERTEX_POINT('',#350);
#350 = CARTESIAN_POINT('',(-9.185,7.185,6.86));
#351 = SURFACE_CURVE('',#352,(#356,#363),.PCURVE_S1.);
#352 = LINE('',#353,#354);
#353 = CARTESIAN_POINT('',(-9.185,7.185,2.9));
#354 = VECTOR('',#355,1.);
#355 = DIRECTION('',(0.,0.,1.));
#356 = PCURVE('',#66,#357);
#357 = DEFINITIONAL_REPRESENTATION('',(#358),#362);
#358 = LINE('',#359,#360);
#359 = CARTESIAN_POINT('',(1.570796326795,0.));
#360 = VECTOR('',#361,1.);
#361 = DIRECTION('',(0.,1.));
#362 = ( GEOMETRIC_REPRESENTATION_CONTEXT(2) 
PARAMETRIC_REPRESENTATION_CONTEXT() REPRESENTATION_CONTEXT('2D SPACE',''
  ) );
#363 = PCURVE('',#364,#369);
#364 = PLANE('',#365);
#365 = AXIS2_PLACEMENT_3D('',#366,#367,#368);
#366 = CARTESIAN_POINT('',(-9.185,9.185,2.9));
#367 = DIRECTION('',(1.,0.,-0.));
#368 = DIRECTION('',(0.,-1.,0.));
#369 = DEFINITIONAL_REPRESENTATION('',(#370),#374);
#370 = LINE('',#371,#372);
#371 = CARTESIAN_POINT('',(2.,0.));
#372 = VECTOR('',#373,1.);
#373 = DIRECTION('',(0.,-1.));
#374 = ( GEOMETRIC_REPRESENTATION_CONTEXT(2) 
PARAMETRIC_REPRESENTATION_CONTEXT() REPRESENTATION_CONTEXT('2D SPACE',''
  ) );
#375 = ORIENTED_EDGE('',*,*,#376,.F.);
#376 = EDGE_CURVE('',#46,#349,#377,.T.);
#377 = SURFACE_CURVE('',#378,(#383,#390),.PCURVE_S1.);
#378 = CIRCLE('',#379,2.);
#379 = AXIS2_PLACEMENT_3D('',#380,#381,#382);
#380 = CARTESIAN_POINT('',(-7.185,7.185,6.86));
#381 = DIRECTION('',(0.,0.,1.));
#382 = DIRECTION('',(0.,1.,-0.));
#383 = PCURVE('',#66,#384);
#384 = DEFINITIONAL_REPRESENTATION('',(#385),#389);
#385 = LINE('',#386,#387);
#386 = CARTESIAN_POINT('',(0.,3.96));
#387 = VECTOR('',#388,1.);
#388 = DIRECTION('',(1.,0.));
#389 = ( GEOMETRIC_REPRESENTATION_CONTEXT(2) 
PARAMETRIC_REPRESENTATION_CONTEXT() REPRESENTATION_CONTEXT('2D SPACE',''
  ) );
#390 = PCURVE('',#391,#396);
#391 = TOROIDAL_SURFACE('',#392,1.7,0.3);
#392 = AXIS2_PLACEMENT_3D('',#393,#394,#395);
#393 = CARTESIAN_POINT('',(-7.185,7.185,6.86));
#394 = DIRECTION('',(0.,0.,1.));
#395 = DIRECTION('',(0.,1.,-0.));
#396 = DEFINITIONAL_REPRESENTATION('',(#397),#401);
#397 = LINE('',#398,#399);
#398 = CARTESIAN_POINT('',(0.,0.));
#399 = VECTOR('',#400,1.);
#400 = DIRECTION('',(1.,0.));
#401 = ( GEOMETRIC_REPRESENTATION_CONTEXT(2) 
PARAMETRIC_REPRESENTATION_CONTEXT() REPRESENTATION_CONTEXT('2D SPACE',''
  ) );
#402 = ADVANCED_FACE('',(#403),#255,.T.);
#403 = FACE_BOUND('',#404,.F.);
#404 = EDGE_LOOP('',(#405,#432,#460,#480));
#405 = ORIENTED_EDGE('',*,*,#406,.T.);
#406 = EDGE_CURVE('',#214,#407,#409,.T.);
#407 = VERTEX_POINT('',#408);
#408 = CARTESIAN_POINT('',(7.185,8.885,7.16));
#409 = SURFACE_CURVE('',#410,(#415,#421),.PCURVE_S1.);
#410 = CIRCLE('',#411,0.3);
#411 = AXIS2_PLACEMENT_3D('',#412,#413,#414);
#412 = CARTESIAN_POINT('',(7.185,8.885,6.86));
#413 = DIRECTION('',(1.,-6.123233995737E-17,0.));
#414 = DIRECTION('',(6.123233995737E-17,1.,0.));
#415 = PCURVE('',#255,#416);
#416 = DEFINITIONAL_REPRESENTATION('',(#417),#420);
#417 = B_SPLINE_CURVE_WITH_KNOTS('',1,(#418,#419),.UNSPECIFIED.,.F.,.F.,
  (2,2),(0.,1.570796326795),.PIECEWISE_BEZIER_KNOTS.);
#418 = CARTESIAN_POINT('',(0.,0.));
#419 = CARTESIAN_POINT('',(-1.570796326795,0.));
#420 = ( GEOMETRIC_REPRESENTATION_CONTEXT(2) 
PARAMETRIC_REPRESENTATION_CONTEXT() REPRESENTATION_CONTEXT('2D SPACE',''
  ) );
#421 = PCURVE('',#422,#427);
#422 = TOROIDAL_SURFACE('',#423,1.7,0.3);
#423 = AXIS2_PLACEMENT_3D('',#424,#425,#426);
#424 = CARTESIAN_POINT('',(7.185,7.185,6.86));
#425 = DIRECTION('',(0.,0.,1.));
#426 = DIRECTION('',(1.,0.,-0.));
#427 = DEFINITIONAL_REPRESENTATION('',(#428),#431);
#428 = B_SPLINE_CURVE_WITH_KNOTS('',1,(#429,#430),.UNSPECIFIED.,.F.,.F.,
  (2,2),(0.,1.570796326795),.PIECEWISE_BEZIER_KNOTS.);
#429 = CARTESIAN_POINT('',(1.570796326795,0.));
#430 = CARTESIAN_POINT('',(1.570796326795,1.570796326795));
#431 = ( GEOMETRIC_REPRESENTATION_CONTEXT(2) 
PARAMETRIC_REPRESENTATION_CONTEXT() REPRESENTATION_CONTEXT('2D SPACE',''
  ) );
#432 = ORIENTED_EDGE('',*,*,#433,.T.);
#433 = EDGE_CURVE('',#407,#434,#436,.T.);
#434 = VERTEX_POINT('',#435);
#435 = CARTESIAN_POINT('',(-7.185,8.885,7.16));
#436 = SURFACE_CURVE('',#437,(#441,#448),.PCURVE_S1.);
#437 = LINE('',#438,#439);
#438 = CARTESIAN_POINT('',(7.185,8.885,7.16));
#439 = VECTOR('',#440,1.);
#440 = DIRECTION('',(-1.,0.,0.));
#441 = PCURVE('',#255,#442);
#442 = DEFINITIONAL_REPRESENTATION('',(#443),#447);
#443 = LINE('',#444,#445);
#444 = CARTESIAN_POINT('',(-1.570796326795,0.));
#445 = VECTOR('',#446,1.);
#446 = DIRECTION('',(-0.,1.));
#447 = ( GEOMETRIC_REPRESENTATION_CONTEXT(2) 
PARAMETRIC_REPRESENTATION_CONTEXT() REPRESENTATION_CONTEXT('2D SPACE',''
  ) );
#448 = PCURVE('',#449,#454);
#449 = PLANE('',#450);
#450 = AXIS2_PLACEMENT_3D('',#451,#452,#453);
#451 = CARTESIAN_POINT('',(0.,0.,7.16));
#452 = DIRECTION('',(0.,0.,1.));
#453 = DIRECTION('',(1.,0.,-0.));
#454 = DEFINITIONAL_REPRESENTATION('',(#455),#459);
#455 = LINE('',#456,#457);
#456 = CARTESIAN_POINT('',(7.185,8.885));
#457 = VECTOR('',#458,1.);
#458 = DIRECTION('',(-1.,0.));
#459 = ( GEOMETRIC_REPRESENTATION_CONTEXT(2) 
PARAMETRIC_REPRESENTATION_CONTEXT() REPRESENTATION_CONTEXT('2D SPACE',''
  ) );
#460 = ORIENTED_EDGE('',*,*,#461,.F.);
#461 = EDGE_CURVE('',#46,#434,#462,.T.);
#462 = SURFACE_CURVE('',#463,(#468,#474),.PCURVE_S1.);
#463 = CIRCLE('',#464,0.3);
#464 = AXIS2_PLACEMENT_3D('',#465,#466,#467);
#465 = CARTESIAN_POINT('',(-7.185,8.885,6.86));
#466 = DIRECTION('',(1.,0.,-0.));
#467 = DIRECTION('',(0.,1.,0.));
#468 = PCURVE('',#255,#469);
#469 = DEFINITIONAL_REPRESENTATION('',(#470),#473);
#470 = B_SPLINE_CURVE_WITH_KNOTS('',1,(#471,#472),.UNSPECIFIED.,.F.,.F.,
  (2,2),(0.,1.570796326795),.PIECEWISE_BEZIER_KNOTS.);
#471 = CARTESIAN_POINT('',(0.,14.37));
#472 = CARTESIAN_POINT('',(-1.570796326795,14.37));
#473 = ( GEOMETRIC_REPRESENTATION_CONTEXT(2) 
PARAMETRIC_REPRESENTATION_CONTEXT() REPRESENTATION_CONTEXT('2D SPACE',''
  ) );
#474 = PCURVE('',#391,#475);
#475 = DEFINITIONAL_REPRESENTATION('',(#476),#479);
#476 = B_SPLINE_CURVE_WITH_KNOTS('',1,(#477,#478),.UNSPECIFIED.,.F.,.F.,
  (2,2),(0.,1.570796326795),.PIECEWISE_BEZIER_KNOTS.);
#477 = CARTESIAN_POINT('',(0.,0.));
#478 = CARTESIAN_POINT('',(0.,1.570796326795));
#479 = ( GEOMETRIC_REPRESENTATION_CONTEXT(2) 
PARAMETRIC_REPRESENTATION_CONTEXT() REPRESENTATION_CONTEXT('2D SPACE',''
  ) );
#480 = ORIENTED_EDGE('',*,*,#241,.F.);
#481 = ADVANCED_FACE('',(#482,#1196,#1287),#94,.T.);
#482 = FACE_BOUND('',#483,.T.);
#483 = EDGE_LOOP('',(#484,#514,#547,#575,#604,#628,#656,#684,#705,#706,
    #729,#755,#756,#757,#780,#808,#837,#865,#893,#922,#950,#978,#1007,
    #1035,#1064,#1087,#1108,#1109,#1137,#1165));
#484 = ORIENTED_EDGE('',*,*,#485,.T.);
#485 = EDGE_CURVE('',#486,#488,#490,.T.);
#486 = VERTEX_POINT('',#487);
#487 = CARTESIAN_POINT('',(7.185,-9.185,2.9));
#488 = VERTEX_POINT('',#489);
#489 = CARTESIAN_POINT('',(-7.185,-9.185,2.9));
#490 = SURFACE_CURVE('',#491,(#495,#502),.PCURVE_S1.);
#491 = LINE('',#492,#493);
#492 = CARTESIAN_POINT('',(7.185,-9.185,2.9));
#493 = VECTOR('',#494,1.);
#494 = DIRECTION('',(-1.,0.,0.));
#495 = PCURVE('',#94,#496);
#496 = DEFINITIONAL_REPRESENTATION('',(#497),#501);
#497 = LINE('',#498,#499);
#498 = CARTESIAN_POINT('',(7.185,-9.185));
#499 = VECTOR('',#500,1.);
#500 = DIRECTION('',(-1.,0.));
#501 = ( GEOMETRIC_REPRESENTATION_CONTEXT(2) 
PARAMETRIC_REPRESENTATION_CONTEXT() REPRESENTATION_CONTEXT('2D SPACE',''
  ) );
#502 = PCURVE('',#503,#508);
#503 = PLANE('',#504);
#504 = AXIS2_PLACEMENT_3D('',#505,#506,#507);
#505 = CARTESIAN_POINT('',(-9.185,-9.185,2.9));
#506 = DIRECTION('',(0.,1.,0.));
#507 = DIRECTION('',(1.,0.,0.));
#508 = DEFINITIONAL_REPRESENTATION('',(#509),#513);
#509 = LINE('',#510,#511);
#510 = CARTESIAN_POINT('',(16.37,0.));
#511 = VECTOR('',#512,1.);
#512 = DIRECTION('',(-1.,0.));
#513 = ( GEOMETRIC_REPRESENTATION_CONTEXT(2) 
PARAMETRIC_REPRESENTATION_CONTEXT() REPRESENTATION_CONTEXT('2D SPACE',''
  ) );
#514 = ORIENTED_EDGE('',*,*,#515,.T.);
#515 = EDGE_CURVE('',#488,#516,#518,.T.);
#516 = VERTEX_POINT('',#517);
#517 = CARTESIAN_POINT('',(-8.087094784377,-8.97,2.9));
#518 = SURFACE_CURVE('',#519,(#524,#535),.PCURVE_S1.);
#519 = CIRCLE('',#520,2.);
#520 = AXIS2_PLACEMENT_3D('',#521,#522,#523);
#521 = CARTESIAN_POINT('',(-7.185,-7.185,2.9));
#522 = DIRECTION('',(-8.787316513863E-16,4.440892098501E-16,-1.));
#523 = DIRECTION('',(0.,-1.,-4.440892098501E-16));
#524 = PCURVE('',#94,#525);
#525 = DEFINITIONAL_REPRESENTATION('',(#526),#534);
#526 = ( BOUNDED_CURVE() B_SPLINE_CURVE(2,(#527,#528,#529,#530,#531,#532
,#533),.UNSPECIFIED.,.T.,.F.) B_SPLINE_CURVE_WITH_KNOTS((1,2,2,2,2,1),(
    -2.094395102393,0.,2.094395102393,4.188790204786,6.28318530718,
8.377580409573),.UNSPECIFIED.) CURVE() GEOMETRIC_REPRESENTATION_ITEM() 
RATIONAL_B_SPLINE_CURVE((1.,0.5,1.,0.5,1.,0.5,1.)) REPRESENTATION_ITEM(
  '') );
#527 = CARTESIAN_POINT('',(-7.185,-9.185));
#528 = CARTESIAN_POINT('',(-10.64910161513,-9.185));
#529 = CARTESIAN_POINT('',(-8.917050807569,-6.185));
#530 = CARTESIAN_POINT('',(-7.185,-3.185));
#531 = CARTESIAN_POINT('',(-5.452949192431,-6.185));
#532 = CARTESIAN_POINT('',(-3.720898384862,-9.185));
#533 = CARTESIAN_POINT('',(-7.185,-9.185));
#534 = ( GEOMETRIC_REPRESENTATION_CONTEXT(2) 
PARAMETRIC_REPRESENTATION_CONTEXT() REPRESENTATION_CONTEXT('2D SPACE',''
  ) );
#535 = PCURVE('',#536,#541);
#536 = CYLINDRICAL_SURFACE('',#537,2.);
#537 = AXIS2_PLACEMENT_3D('',#538,#539,#540);
#538 = CARTESIAN_POINT('',(-7.185,-7.185,2.9));
#539 = DIRECTION('',(0.,0.,1.));
#540 = DIRECTION('',(0.,-1.,0.));
#541 = DEFINITIONAL_REPRESENTATION('',(#542),#546);
#542 = LINE('',#543,#544);
#543 = CARTESIAN_POINT('',(-0.,8.881784197001E-16));
#544 = VECTOR('',#545,1.);
#545 = DIRECTION('',(-1.,0.));
#546 = ( GEOMETRIC_REPRESENTATION_CONTEXT(2) 
PARAMETRIC_REPRESENTATION_CONTEXT() REPRESENTATION_CONTEXT('2D SPACE',''
  ) );
#547 = ORIENTED_EDGE('',*,*,#548,.F.);
#548 = EDGE_CURVE('',#549,#516,#551,.T.);
#549 = VERTEX_POINT('',#550);
#550 = CARTESIAN_POINT('',(-8.585957662244,-8.97,2.9));
#551 = SURFACE_CURVE('',#552,(#556,#563),.PCURVE_S1.);
#552 = LINE('',#553,#554);
#553 = CARTESIAN_POINT('',(-8.97,-8.97,2.9));
#554 = VECTOR('',#555,1.);
#555 = DIRECTION('',(1.,0.,0.));
#556 = PCURVE('',#94,#557);
#557 = DEFINITIONAL_REPRESENTATION('',(#558),#562);
#558 = LINE('',#559,#560);
#559 = CARTESIAN_POINT('',(-8.97,-8.97));
#560 = VECTOR('',#561,1.);
#561 = DIRECTION('',(1.,0.));
#562 = ( GEOMETRIC_REPRESENTATION_CONTEXT(2) 
PARAMETRIC_REPRESENTATION_CONTEXT() REPRESENTATION_CONTEXT('2D SPACE',''
  ) );
#563 = PCURVE('',#564,#569);
#564 = PLANE('',#565);
#565 = AXIS2_PLACEMENT_3D('',#566,#567,#568);
#566 = CARTESIAN_POINT('',(-8.97,-8.97,0.));
#567 = DIRECTION('',(0.,1.,0.));
#568 = DIRECTION('',(1.,0.,0.));
#569 = DEFINITIONAL_REPRESENTATION('',(#570),#574);
#570 = LINE('',#571,#572);
#571 = CARTESIAN_POINT('',(0.,-2.9));
#572 = VECTOR('',#573,1.);
#573 = DIRECTION('',(1.,0.));
#574 = ( GEOMETRIC_REPRESENTATION_CONTEXT(2) 
PARAMETRIC_REPRESENTATION_CONTEXT() REPRESENTATION_CONTEXT('2D SPACE',''
  ) );
#575 = ORIENTED_EDGE('',*,*,#576,.F.);
#576 = EDGE_CURVE('',#577,#549,#579,.T.);
#577 = VERTEX_POINT('',#578);
#578 = CARTESIAN_POINT('',(-8.33514211019,-9.78514211019,2.9));
#579 = SURFACE_CURVE('',#580,(#585,#592),.PCURVE_S1.);
#580 = CIRCLE('',#581,1.45);
#581 = AXIS2_PLACEMENT_3D('',#582,#583,#584);
#582 = CARTESIAN_POINT('',(-9.78514211019,-9.78514211019,2.9));
#583 = DIRECTION('',(0.,0.,1.));
#584 = DIRECTION('',(1.,0.,-0.));
#585 = PCURVE('',#94,#586);
#586 = DEFINITIONAL_REPRESENTATION('',(#587),#591);
#587 = CIRCLE('',#588,1.45);
#588 = AXIS2_PLACEMENT_2D('',#589,#590);
#589 = CARTESIAN_POINT('',(-9.78514211019,-9.78514211019));
#590 = DIRECTION('',(1.,0.));
#591 = ( GEOMETRIC_REPRESENTATION_CONTEXT(2) 
PARAMETRIC_REPRESENTATION_CONTEXT() REPRESENTATION_CONTEXT('2D SPACE',''
  ) );
#592 = PCURVE('',#593,#598);
#593 = CONICAL_SURFACE('',#594,1.,0.785398163397);
#594 = AXIS2_PLACEMENT_3D('',#595,#596,#597);
#595 = CARTESIAN_POINT('',(-9.78514211019,-9.78514211019,2.45));
#596 = DIRECTION('',(0.,0.,1.));
#597 = DIRECTION('',(1.,0.,-0.));
#598 = DEFINITIONAL_REPRESENTATION('',(#599),#603);
#599 = LINE('',#600,#601);
#600 = CARTESIAN_POINT('',(0.,0.45));
#601 = VECTOR('',#602,1.);
#602 = DIRECTION('',(1.,0.));
#603 = ( GEOMETRIC_REPRESENTATION_CONTEXT(2) 
PARAMETRIC_REPRESENTATION_CONTEXT() REPRESENTATION_CONTEXT('2D SPACE',''
  ) );
#604 = ORIENTED_EDGE('',*,*,#605,.F.);
#605 = EDGE_CURVE('',#606,#577,#608,.T.);
#606 = VERTEX_POINT('',#607);
#607 = CARTESIAN_POINT('',(-8.97,-8.585957662244,2.9));
#608 = SURFACE_CURVE('',#609,(#614,#621),.PCURVE_S1.);
#609 = CIRCLE('',#610,1.45);
#610 = AXIS2_PLACEMENT_3D('',#611,#612,#613);
#611 = CARTESIAN_POINT('',(-9.78514211019,-9.78514211019,2.9));
#612 = DIRECTION('',(0.,0.,1.));
#613 = DIRECTION('',(1.,0.,-0.));
#614 = PCURVE('',#94,#615);
#615 = DEFINITIONAL_REPRESENTATION('',(#616),#620);
#616 = CIRCLE('',#617,1.45);
#617 = AXIS2_PLACEMENT_2D('',#618,#619);
#618 = CARTESIAN_POINT('',(-9.78514211019,-9.78514211019));
#619 = DIRECTION('',(1.,0.));
#620 = ( GEOMETRIC_REPRESENTATION_CONTEXT(2) 
PARAMETRIC_REPRESENTATION_CONTEXT() REPRESENTATION_CONTEXT('2D SPACE',''
  ) );
#621 = PCURVE('',#593,#622);
#622 = DEFINITIONAL_REPRESENTATION('',(#623),#627);
#623 = LINE('',#624,#625);
#624 = CARTESIAN_POINT('',(0.,0.45));
#625 = VECTOR('',#626,1.);
#626 = DIRECTION('',(1.,0.));
#627 = ( GEOMETRIC_REPRESENTATION_CONTEXT(2) 
PARAMETRIC_REPRESENTATION_CONTEXT() REPRESENTATION_CONTEXT('2D SPACE',''
  ) );
#628 = ORIENTED_EDGE('',*,*,#629,.F.);
#629 = EDGE_CURVE('',#630,#606,#632,.T.);
#630 = VERTEX_POINT('',#631);
#631 = CARTESIAN_POINT('',(-8.97,-8.087094784377,2.9));
#632 = SURFACE_CURVE('',#633,(#637,#644),.PCURVE_S1.);
#633 = LINE('',#634,#635);
#634 = CARTESIAN_POINT('',(-8.97,8.97,2.9));
#635 = VECTOR('',#636,1.);
#636 = DIRECTION('',(0.,-1.,0.));
#637 = PCURVE('',#94,#638);
#638 = DEFINITIONAL_REPRESENTATION('',(#639),#643);
#639 = LINE('',#640,#641);
#640 = CARTESIAN_POINT('',(-8.97,8.97));
#641 = VECTOR('',#642,1.);
#642 = DIRECTION('',(0.,-1.));
#643 = ( GEOMETRIC_REPRESENTATION_CONTEXT(2) 
PARAMETRIC_REPRESENTATION_CONTEXT() REPRESENTATION_CONTEXT('2D SPACE',''
  ) );
#644 = PCURVE('',#645,#650);
#645 = PLANE('',#646);
#646 = AXIS2_PLACEMENT_3D('',#647,#648,#649);
#647 = CARTESIAN_POINT('',(-8.97,8.97,0.));
#648 = DIRECTION('',(1.,0.,-0.));
#649 = DIRECTION('',(0.,-1.,0.));
#650 = DEFINITIONAL_REPRESENTATION('',(#651),#655);
#651 = LINE('',#652,#653);
#652 = CARTESIAN_POINT('',(0.,-2.9));
#653 = VECTOR('',#654,1.);
#654 = DIRECTION('',(1.,0.));
#655 = ( GEOMETRIC_REPRESENTATION_CONTEXT(2) 
PARAMETRIC_REPRESENTATION_CONTEXT() REPRESENTATION_CONTEXT('2D SPACE',''
  ) );
#656 = ORIENTED_EDGE('',*,*,#657,.T.);
#657 = EDGE_CURVE('',#630,#658,#660,.T.);
#658 = VERTEX_POINT('',#659);
#659 = CARTESIAN_POINT('',(-9.185,-7.185,2.9));
#660 = SURFACE_CURVE('',#661,(#666,#677),.PCURVE_S1.);
#661 = CIRCLE('',#662,2.);
#662 = AXIS2_PLACEMENT_3D('',#663,#664,#665);
#663 = CARTESIAN_POINT('',(-7.185,-7.185,2.9));
#664 = DIRECTION('',(-8.787316513863E-16,4.440892098501E-16,-1.));
#665 = DIRECTION('',(0.,-1.,-4.440892098501E-16));
#666 = PCURVE('',#94,#667);
#667 = DEFINITIONAL_REPRESENTATION('',(#668),#676);
#668 = ( BOUNDED_CURVE() B_SPLINE_CURVE(2,(#669,#670,#671,#672,#673,#674
,#675),.UNSPECIFIED.,.T.,.F.) B_SPLINE_CURVE_WITH_KNOTS((1,2,2,2,2,1),(
    -2.094395102393,0.,2.094395102393,4.188790204786,6.28318530718,
8.377580409573),.UNSPECIFIED.) CURVE() GEOMETRIC_REPRESENTATION_ITEM() 
RATIONAL_B_SPLINE_CURVE((1.,0.5,1.,0.5,1.,0.5,1.)) REPRESENTATION_ITEM(
  '') );
#669 = CARTESIAN_POINT('',(-7.185,-9.185));
#670 = CARTESIAN_POINT('',(-10.64910161513,-9.185));
#671 = CARTESIAN_POINT('',(-8.917050807569,-6.185));
#672 = CARTESIAN_POINT('',(-7.185,-3.185));
#673 = CARTESIAN_POINT('',(-5.452949192431,-6.185));
#674 = CARTESIAN_POINT('',(-3.720898384862,-9.185));
#675 = CARTESIAN_POINT('',(-7.185,-9.185));
#676 = ( GEOMETRIC_REPRESENTATION_CONTEXT(2) 
PARAMETRIC_REPRESENTATION_CONTEXT() REPRESENTATION_CONTEXT('2D SPACE',''
  ) );
#677 = PCURVE('',#536,#678);
#678 = DEFINITIONAL_REPRESENTATION('',(#679),#683);
#679 = LINE('',#680,#681);
#680 = CARTESIAN_POINT('',(-0.,8.881784197001E-16));
#681 = VECTOR('',#682,1.);
#682 = DIRECTION('',(-1.,0.));
#683 = ( GEOMETRIC_REPRESENTATION_CONTEXT(2) 
PARAMETRIC_REPRESENTATION_CONTEXT() REPRESENTATION_CONTEXT('2D SPACE',''
  ) );
#684 = ORIENTED_EDGE('',*,*,#685,.T.);
#685 = EDGE_CURVE('',#658,#325,#686,.T.);
#686 = SURFACE_CURVE('',#687,(#691,#698),.PCURVE_S1.);
#687 = LINE('',#688,#689);
#688 = CARTESIAN_POINT('',(-9.185,-7.185,2.9));
#689 = VECTOR('',#690,1.);
#690 = DIRECTION('',(0.,1.,0.));
#691 = PCURVE('',#94,#692);
#692 = DEFINITIONAL_REPRESENTATION('',(#693),#697);
#693 = LINE('',#694,#695);
#694 = CARTESIAN_POINT('',(-9.185,-7.185));
#695 = VECTOR('',#696,1.);
#696 = DIRECTION('',(0.,1.));
#697 = ( GEOMETRIC_REPRESENTATION_CONTEXT(2) 
PARAMETRIC_REPRESENTATION_CONTEXT() REPRESENTATION_CONTEXT('2D SPACE',''
  ) );
#698 = PCURVE('',#364,#699);
#699 = DEFINITIONAL_REPRESENTATION('',(#700),#704);
#700 = LINE('',#701,#702);
#701 = CARTESIAN_POINT('',(16.37,0.));
#702 = VECTOR('',#703,1.);
#703 = DIRECTION('',(-1.,0.));
#704 = ( GEOMETRIC_REPRESENTATION_CONTEXT(2) 
PARAMETRIC_REPRESENTATION_CONTEXT() REPRESENTATION_CONTEXT('2D SPACE',''
  ) );
#705 = ORIENTED_EDGE('',*,*,#324,.F.);
#706 = ORIENTED_EDGE('',*,*,#707,.F.);
#707 = EDGE_CURVE('',#708,#296,#710,.T.);
#708 = VERTEX_POINT('',#709);
#709 = CARTESIAN_POINT('',(-8.97,8.97,2.9));
#710 = SURFACE_CURVE('',#711,(#715,#722),.PCURVE_S1.);
#711 = LINE('',#712,#713);
#712 = CARTESIAN_POINT('',(-8.97,8.97,2.9));
#713 = VECTOR('',#714,1.);
#714 = DIRECTION('',(0.,-1.,0.));
#715 = PCURVE('',#94,#716);
#716 = DEFINITIONAL_REPRESENTATION('',(#717),#721);
#717 = LINE('',#718,#719);
#718 = CARTESIAN_POINT('',(-8.97,8.97));
#719 = VECTOR('',#720,1.);
#720 = DIRECTION('',(0.,-1.));
#721 = ( GEOMETRIC_REPRESENTATION_CONTEXT(2) 
PARAMETRIC_REPRESENTATION_CONTEXT() REPRESENTATION_CONTEXT('2D SPACE',''
  ) );
#722 = PCURVE('',#645,#723);
#723 = DEFINITIONAL_REPRESENTATION('',(#724),#728);
#724 = LINE('',#725,#726);
#725 = CARTESIAN_POINT('',(0.,-2.9));
#726 = VECTOR('',#727,1.);
#727 = DIRECTION('',(1.,0.));
#728 = ( GEOMETRIC_REPRESENTATION_CONTEXT(2) 
PARAMETRIC_REPRESENTATION_CONTEXT() REPRESENTATION_CONTEXT('2D SPACE',''
  ) );
#729 = ORIENTED_EDGE('',*,*,#730,.F.);
#730 = EDGE_CURVE('',#272,#708,#731,.T.);
#731 = SURFACE_CURVE('',#732,(#736,#743),.PCURVE_S1.);
#732 = LINE('',#733,#734);
#733 = CARTESIAN_POINT('',(8.97,8.97,2.9));
#734 = VECTOR('',#735,1.);
#735 = DIRECTION('',(-1.,0.,0.));
#736 = PCURVE('',#94,#737);
#737 = DEFINITIONAL_REPRESENTATION('',(#738),#742);
#738 = LINE('',#739,#740);
#739 = CARTESIAN_POINT('',(8.97,8.97));
#740 = VECTOR('',#741,1.);
#741 = DIRECTION('',(-1.,0.));
#742 = ( GEOMETRIC_REPRESENTATION_CONTEXT(2) 
PARAMETRIC_REPRESENTATION_CONTEXT() REPRESENTATION_CONTEXT('2D SPACE',''
  ) );
#743 = PCURVE('',#744,#749);
#744 = PLANE('',#745);
#745 = AXIS2_PLACEMENT_3D('',#746,#747,#748);
#746 = CARTESIAN_POINT('',(8.97,8.97,0.));
#747 = DIRECTION('',(0.,-1.,0.));
#748 = DIRECTION('',(-1.,0.,0.));
#749 = DEFINITIONAL_REPRESENTATION('',(#750),#754);
#750 = LINE('',#751,#752);
#751 = CARTESIAN_POINT('',(0.,-2.9));
#752 = VECTOR('',#753,1.);
#753 = DIRECTION('',(1.,0.));
#754 = ( GEOMETRIC_REPRESENTATION_CONTEXT(2) 
PARAMETRIC_REPRESENTATION_CONTEXT() REPRESENTATION_CONTEXT('2D SPACE',''
  ) );
#755 = ORIENTED_EDGE('',*,*,#271,.F.);
#756 = ORIENTED_EDGE('',*,*,#78,.F.);
#757 = ORIENTED_EDGE('',*,*,#758,.F.);
#758 = EDGE_CURVE('',#759,#79,#761,.T.);
#759 = VERTEX_POINT('',#760);
#760 = CARTESIAN_POINT('',(-5.5,9.47,2.9));
#761 = SURFACE_CURVE('',#762,(#766,#773),.PCURVE_S1.);
#762 = LINE('',#763,#764);
#763 = CARTESIAN_POINT('',(-5.5,10.95,2.9));
#764 = VECTOR('',#765,1.);
#765 = DIRECTION('',(0.,-1.,0.));
#766 = PCURVE('',#94,#767);
#767 = DEFINITIONAL_REPRESENTATION('',(#768),#772);
#768 = LINE('',#769,#770);
#769 = CARTESIAN_POINT('',(-5.5,10.95));
#770 = VECTOR('',#771,1.);
#771 = DIRECTION('',(0.,-1.));
#772 = ( GEOMETRIC_REPRESENTATION_CONTEXT(2) 
PARAMETRIC_REPRESENTATION_CONTEXT() REPRESENTATION_CONTEXT('2D SPACE',''
  ) );
#773 = PCURVE('',#122,#774);
#774 = DEFINITIONAL_REPRESENTATION('',(#775),#779);
#775 = LINE('',#776,#777);
#776 = CARTESIAN_POINT('',(0.,0.));
#777 = VECTOR('',#778,1.);
#778 = DIRECTION('',(1.,0.));
#779 = ( GEOMETRIC_REPRESENTATION_CONTEXT(2) 
PARAMETRIC_REPRESENTATION_CONTEXT() REPRESENTATION_CONTEXT('2D SPACE',''
  ) );
#780 = ORIENTED_EDGE('',*,*,#781,.T.);
#781 = EDGE_CURVE('',#759,#782,#784,.T.);
#782 = VERTEX_POINT('',#783);
#783 = CARTESIAN_POINT('',(-7.77,9.47,2.9));
#784 = SURFACE_CURVE('',#785,(#789,#796),.PCURVE_S1.);
#785 = LINE('',#786,#787);
#786 = CARTESIAN_POINT('',(7.77,9.47,2.9));
#787 = VECTOR('',#788,1.);
#788 = DIRECTION('',(-1.,0.,0.));
#789 = PCURVE('',#94,#790);
#790 = DEFINITIONAL_REPRESENTATION('',(#791),#795);
#791 = LINE('',#792,#793);
#792 = CARTESIAN_POINT('',(7.77,9.47));
#793 = VECTOR('',#794,1.);
#794 = DIRECTION('',(-1.,0.));
#795 = ( GEOMETRIC_REPRESENTATION_CONTEXT(2) 
PARAMETRIC_REPRESENTATION_CONTEXT() REPRESENTATION_CONTEXT('2D SPACE',''
  ) );
#796 = PCURVE('',#797,#802);
#797 = CYLINDRICAL_SURFACE('',#798,0.3);
#798 = AXIS2_PLACEMENT_3D('',#799,#800,#801);
#799 = CARTESIAN_POINT('',(7.77,9.47,2.6));
#800 = DIRECTION('',(-1.,0.,0.));
#801 = DIRECTION('',(0.,1.,-0.));
#802 = DEFINITIONAL_REPRESENTATION('',(#803),#807);
#803 = LINE('',#804,#805);
#804 = CARTESIAN_POINT('',(-1.570796326795,0.));
#805 = VECTOR('',#806,1.);
#806 = DIRECTION('',(-0.,1.));
#807 = ( GEOMETRIC_REPRESENTATION_CONTEXT(2) 
PARAMETRIC_REPRESENTATION_CONTEXT() REPRESENTATION_CONTEXT('2D SPACE',''
  ) );
#808 = ORIENTED_EDGE('',*,*,#809,.T.);
#809 = EDGE_CURVE('',#782,#810,#812,.T.);
#810 = VERTEX_POINT('',#811);
#811 = CARTESIAN_POINT('',(-9.47,7.77,2.9));
#812 = SURFACE_CURVE('',#813,(#818,#825),.PCURVE_S1.);
#813 = CIRCLE('',#814,1.7);
#814 = AXIS2_PLACEMENT_3D('',#815,#816,#817);
#815 = CARTESIAN_POINT('',(-7.77,7.77,2.9));
#816 = DIRECTION('',(0.,0.,1.));
#817 = DIRECTION('',(0.,1.,-0.));
#818 = PCURVE('',#94,#819);
#819 = DEFINITIONAL_REPRESENTATION('',(#820),#824);
#820 = CIRCLE('',#821,1.7);
#821 = AXIS2_PLACEMENT_2D('',#822,#823);
#822 = CARTESIAN_POINT('',(-7.77,7.77));
#823 = DIRECTION('',(0.,1.));
#824 = ( GEOMETRIC_REPRESENTATION_CONTEXT(2) 
PARAMETRIC_REPRESENTATION_CONTEXT() REPRESENTATION_CONTEXT('2D SPACE',''
  ) );
#825 = PCURVE('',#826,#831);
#826 = TOROIDAL_SURFACE('',#827,1.7,0.3);
#827 = AXIS2_PLACEMENT_3D('',#828,#829,#830);
#828 = CARTESIAN_POINT('',(-7.77,7.77,2.6));
#829 = DIRECTION('',(0.,0.,1.));
#830 = DIRECTION('',(0.,1.,-0.));
#831 = DEFINITIONAL_REPRESENTATION('',(#832),#836);
#832 = LINE('',#833,#834);
#833 = CARTESIAN_POINT('',(0.,1.570796326795));
#834 = VECTOR('',#835,1.);
#835 = DIRECTION('',(1.,0.));
#836 = ( GEOMETRIC_REPRESENTATION_CONTEXT(2) 
PARAMETRIC_REPRESENTATION_CONTEXT() REPRESENTATION_CONTEXT('2D SPACE',''
  ) );
#837 = ORIENTED_EDGE('',*,*,#838,.T.);
#838 = EDGE_CURVE('',#810,#839,#841,.T.);
#839 = VERTEX_POINT('',#840);
#840 = CARTESIAN_POINT('',(-9.47,-6.273877349037,2.9));
#841 = SURFACE_CURVE('',#842,(#846,#853),.PCURVE_S1.);
#842 = LINE('',#843,#844);
#843 = CARTESIAN_POINT('',(-9.47,7.77,2.9));
#844 = VECTOR('',#845,1.);
#845 = DIRECTION('',(0.,-1.,0.));
#846 = PCURVE('',#94,#847);
#847 = DEFINITIONAL_REPRESENTATION('',(#848),#852);
#848 = LINE('',#849,#850);
#849 = CARTESIAN_POINT('',(-9.47,7.77));
#850 = VECTOR('',#851,1.);
#851 = DIRECTION('',(0.,-1.));
#852 = ( GEOMETRIC_REPRESENTATION_CONTEXT(2) 
PARAMETRIC_REPRESENTATION_CONTEXT() REPRESENTATION_CONTEXT('2D SPACE',''
  ) );
#853 = PCURVE('',#854,#859);
#854 = CYLINDRICAL_SURFACE('',#855,0.3);
#855 = AXIS2_PLACEMENT_3D('',#856,#857,#858);
#856 = CARTESIAN_POINT('',(-9.47,7.77,2.6));
#857 = DIRECTION('',(0.,-1.,0.));
#858 = DIRECTION('',(-1.,-0.,0.));
#859 = DEFINITIONAL_REPRESENTATION('',(#860),#864);
#860 = LINE('',#861,#862);
#861 = CARTESIAN_POINT('',(-1.570796326795,0.));
#862 = VECTOR('',#863,1.);
#863 = DIRECTION('',(-0.,1.));
#864 = ( GEOMETRIC_REPRESENTATION_CONTEXT(2) 
PARAMETRIC_REPRESENTATION_CONTEXT() REPRESENTATION_CONTEXT('2D SPACE',''
  ) );
#865 = ORIENTED_EDGE('',*,*,#866,.T.);
#866 = EDGE_CURVE('',#839,#867,#869,.T.);
#867 = VERTEX_POINT('',#868);
#868 = CARTESIAN_POINT('',(-11.38320343854,-8.187080787579,2.9));
#869 = SURFACE_CURVE('',#870,(#874,#881),.PCURVE_S1.);
#870 = LINE('',#871,#872);
#871 = CARTESIAN_POINT('',(-7.962022342611,-4.765899691648,2.9));
#872 = VECTOR('',#873,1.);
#873 = DIRECTION('',(-0.707106781187,-0.707106781187,0.));
#874 = PCURVE('',#94,#875);
#875 = DEFINITIONAL_REPRESENTATION('',(#876),#880);
#876 = LINE('',#877,#878);
#877 = CARTESIAN_POINT('',(-7.962022342611,-4.765899691648));
#878 = VECTOR('',#879,1.);
#879 = DIRECTION('',(-0.707106781187,-0.707106781187));
#880 = ( GEOMETRIC_REPRESENTATION_CONTEXT(2) 
PARAMETRIC_REPRESENTATION_CONTEXT() REPRESENTATION_CONTEXT('2D SPACE',''
  ) );
#881 = PCURVE('',#882,#887);
#882 = CYLINDRICAL_SURFACE('',#883,0.3);
#883 = AXIS2_PLACEMENT_3D('',#884,#885,#886);
#884 = CARTESIAN_POINT('',(-7.962022342611,-4.765899691648,2.6));
#885 = DIRECTION('',(-0.707106781187,-0.707106781187,0.));
#886 = DIRECTION('',(-0.707106781187,0.707106781187,0.));
#887 = DEFINITIONAL_REPRESENTATION('',(#888),#892);
#888 = LINE('',#889,#890);
#889 = CARTESIAN_POINT('',(-1.570796326795,0.));
#890 = VECTOR('',#891,1.);
#891 = DIRECTION('',(-0.,1.));
#892 = ( GEOMETRIC_REPRESENTATION_CONTEXT(2) 
PARAMETRIC_REPRESENTATION_CONTEXT() REPRESENTATION_CONTEXT('2D SPACE',''
  ) );
#893 = ORIENTED_EDGE('',*,*,#894,.T.);
#894 = EDGE_CURVE('',#867,#895,#897,.T.);
#895 = VERTEX_POINT('',#896);
#896 = CARTESIAN_POINT('',(-8.187080787243,-11.3832034382,2.9));
#897 = SURFACE_CURVE('',#898,(#903,#910),.PCURVE_S1.);
#898 = CIRCLE('',#899,2.26);
#899 = AXIS2_PLACEMENT_3D('',#900,#901,#902);
#900 = CARTESIAN_POINT('',(-9.78514211019,-9.78514211019,2.9));
#901 = DIRECTION('',(0.,0.,1.));
#902 = DIRECTION('',(-0.707106782308,0.707106780065,0.));
#903 = PCURVE('',#94,#904);
#904 = DEFINITIONAL_REPRESENTATION('',(#905),#909);
#905 = CIRCLE('',#906,2.26);
#906 = AXIS2_PLACEMENT_2D('',#907,#908);
#907 = CARTESIAN_POINT('',(-9.78514211019,-9.78514211019));
#908 = DIRECTION('',(-0.707106782308,0.707106780065));
#909 = ( GEOMETRIC_REPRESENTATION_CONTEXT(2) 
PARAMETRIC_REPRESENTATION_CONTEXT() REPRESENTATION_CONTEXT('2D SPACE',''
  ) );
#910 = PCURVE('',#911,#916);
#911 = TOROIDAL_SURFACE('',#912,2.26,0.3);
#912 = AXIS2_PLACEMENT_3D('',#913,#914,#915);
#913 = CARTESIAN_POINT('',(-9.78514211019,-9.78514211019,2.6));
#914 = DIRECTION('',(0.,-0.,1.));
#915 = DIRECTION('',(-0.707106782308,0.707106780065,0.));
#916 = DEFINITIONAL_REPRESENTATION('',(#917),#921);
#917 = LINE('',#918,#919);
#918 = CARTESIAN_POINT('',(0.,1.570796326795));
#919 = VECTOR('',#920,1.);
#920 = DIRECTION('',(1.,0.));
#921 = ( GEOMETRIC_REPRESENTATION_CONTEXT(2) 
PARAMETRIC_REPRESENTATION_CONTEXT() REPRESENTATION_CONTEXT('2D SPACE',''
  ) );
#922 = ORIENTED_EDGE('',*,*,#923,.T.);
#923 = EDGE_CURVE('',#895,#924,#926,.T.);
#924 = VERTEX_POINT('',#925);
#925 = CARTESIAN_POINT('',(-6.273877349037,-9.47,2.9));
#926 = SURFACE_CURVE('',#927,(#931,#938),.PCURVE_S1.);
#927 = LINE('',#928,#929);
#928 = CARTESIAN_POINT('',(-8.187080787579,-11.38320343854,2.9));
#929 = VECTOR('',#930,1.);
#930 = DIRECTION('',(0.707106781187,0.707106781187,0.));
#931 = PCURVE('',#94,#932);
#932 = DEFINITIONAL_REPRESENTATION('',(#933),#937);
#933 = LINE('',#934,#935);
#934 = CARTESIAN_POINT('',(-8.187080787579,-11.38320343854));
#935 = VECTOR('',#936,1.);
#936 = DIRECTION('',(0.707106781187,0.707106781187));
#937 = ( GEOMETRIC_REPRESENTATION_CONTEXT(2) 
PARAMETRIC_REPRESENTATION_CONTEXT() REPRESENTATION_CONTEXT('2D SPACE',''
  ) );
#938 = PCURVE('',#939,#944);
#939 = CYLINDRICAL_SURFACE('',#940,0.3);
#940 = AXIS2_PLACEMENT_3D('',#941,#942,#943);
#941 = CARTESIAN_POINT('',(-8.187080787579,-11.38320343854,2.6));
#942 = DIRECTION('',(0.707106781187,0.707106781187,0.));
#943 = DIRECTION('',(0.707106781187,-0.707106781187,-0.));
#944 = DEFINITIONAL_REPRESENTATION('',(#945),#949);
#945 = LINE('',#946,#947);
#946 = CARTESIAN_POINT('',(-1.570796326795,0.));
#947 = VECTOR('',#948,1.);
#948 = DIRECTION('',(-0.,1.));
#949 = ( GEOMETRIC_REPRESENTATION_CONTEXT(2) 
PARAMETRIC_REPRESENTATION_CONTEXT() REPRESENTATION_CONTEXT('2D SPACE',''
  ) );
#950 = ORIENTED_EDGE('',*,*,#951,.T.);
#951 = EDGE_CURVE('',#924,#952,#954,.T.);
#952 = VERTEX_POINT('',#953);
#953 = CARTESIAN_POINT('',(7.77,-9.47,2.9));
#954 = SURFACE_CURVE('',#955,(#959,#966),.PCURVE_S1.);
#955 = LINE('',#956,#957);
#956 = CARTESIAN_POINT('',(-7.77,-9.47,2.9));
#957 = VECTOR('',#958,1.);
#958 = DIRECTION('',(1.,0.,0.));
#959 = PCURVE('',#94,#960);
#960 = DEFINITIONAL_REPRESENTATION('',(#961),#965);
#961 = LINE('',#962,#963);
#962 = CARTESIAN_POINT('',(-7.77,-9.47));
#963 = VECTOR('',#964,1.);
#964 = DIRECTION('',(1.,0.));
#965 = ( GEOMETRIC_REPRESENTATION_CONTEXT(2) 
PARAMETRIC_REPRESENTATION_CONTEXT() REPRESENTATION_CONTEXT('2D SPACE',''
  ) );
#966 = PCURVE('',#967,#972);
#967 = CYLINDRICAL_SURFACE('',#968,0.3);
#968 = AXIS2_PLACEMENT_3D('',#969,#970,#971);
#969 = CARTESIAN_POINT('',(-7.77,-9.47,2.6));
#970 = DIRECTION('',(1.,0.,0.));
#971 = DIRECTION('',(0.,-1.,-0.));
#972 = DEFINITIONAL_REPRESENTATION('',(#973),#977);
#973 = LINE('',#974,#975);
#974 = CARTESIAN_POINT('',(-1.570796326795,0.));
#975 = VECTOR('',#976,1.);
#976 = DIRECTION('',(-0.,1.));
#977 = ( GEOMETRIC_REPRESENTATION_CONTEXT(2) 
PARAMETRIC_REPRESENTATION_CONTEXT() REPRESENTATION_CONTEXT('2D SPACE',''
  ) );
#978 = ORIENTED_EDGE('',*,*,#979,.T.);
#979 = EDGE_CURVE('',#952,#980,#982,.T.);
#980 = VERTEX_POINT('',#981);
#981 = CARTESIAN_POINT('',(9.47,-7.77,2.9));
#982 = SURFACE_CURVE('',#983,(#988,#995),.PCURVE_S1.);
#983 = CIRCLE('',#984,1.7);
#984 = AXIS2_PLACEMENT_3D('',#985,#986,#987);
#985 = CARTESIAN_POINT('',(7.77,-7.77,2.9));
#986 = DIRECTION('',(0.,0.,1.));
#987 = DIRECTION('',(0.,-1.,0.));
#988 = PCURVE('',#94,#989);
#989 = DEFINITIONAL_REPRESENTATION('',(#990),#994);
#990 = CIRCLE('',#991,1.7);
#991 = AXIS2_PLACEMENT_2D('',#992,#993);
#992 = CARTESIAN_POINT('',(7.77,-7.77));
#993 = DIRECTION('',(0.,-1.));
#994 = ( GEOMETRIC_REPRESENTATION_CONTEXT(2) 
PARAMETRIC_REPRESENTATION_CONTEXT() REPRESENTATION_CONTEXT('2D SPACE',''
  ) );
#995 = PCURVE('',#996,#1001);
#996 = TOROIDAL_SURFACE('',#997,1.7,0.3);
#997 = AXIS2_PLACEMENT_3D('',#998,#999,#1000);
#998 = CARTESIAN_POINT('',(7.77,-7.77,2.6));
#999 = DIRECTION('',(0.,0.,1.));
#1000 = DIRECTION('',(0.,-1.,0.));
#1001 = DEFINITIONAL_REPRESENTATION('',(#1002),#1006);
#1002 = LINE('',#1003,#1004);
#1003 = CARTESIAN_POINT('',(0.,1.570796326795));
#1004 = VECTOR('',#1005,1.);
#1005 = DIRECTION('',(1.,0.));
#1006 = ( GEOMETRIC_REPRESENTATION_CONTEXT(2) 
PARAMETRIC_REPRESENTATION_CONTEXT() REPRESENTATION_CONTEXT('2D SPACE',''
  ) );
#1007 = ORIENTED_EDGE('',*,*,#1008,.T.);
#1008 = EDGE_CURVE('',#980,#1009,#1011,.T.);
#1009 = VERTEX_POINT('',#1010);
#1010 = CARTESIAN_POINT('',(9.47,7.77,2.9));
#1011 = SURFACE_CURVE('',#1012,(#1016,#1023),.PCURVE_S1.);
#1012 = LINE('',#1013,#1014);
#1013 = CARTESIAN_POINT('',(9.47,-7.77,2.9));
#1014 = VECTOR('',#1015,1.);
#1015 = DIRECTION('',(0.,1.,0.));
#1016 = PCURVE('',#94,#1017);
#1017 = DEFINITIONAL_REPRESENTATION('',(#1018),#1022);
#1018 = LINE('',#1019,#1020);
#1019 = CARTESIAN_POINT('',(9.47,-7.77));
#1020 = VECTOR('',#1021,1.);
#1021 = DIRECTION('',(0.,1.));
#1022 = ( GEOMETRIC_REPRESENTATION_CONTEXT(2) 
PARAMETRIC_REPRESENTATION_CONTEXT() REPRESENTATION_CONTEXT('2D SPACE',''
  ) );
#1023 = PCURVE('',#1024,#1029);
#1024 = CYLINDRICAL_SURFACE('',#1025,0.3);
#1025 = AXIS2_PLACEMENT_3D('',#1026,#1027,#1028);
#1026 = CARTESIAN_POINT('',(9.47,-7.77,2.6));
#1027 = DIRECTION('',(0.,1.,0.));
#1028 = DIRECTION('',(1.,0.,-0.));
#1029 = DEFINITIONAL_REPRESENTATION('',(#1030),#1034);
#1030 = LINE('',#1031,#1032);
#1031 = CARTESIAN_POINT('',(-1.570796326795,0.));
#1032 = VECTOR('',#1033,1.);
#1033 = DIRECTION('',(-0.,1.));
#1034 = ( GEOMETRIC_REPRESENTATION_CONTEXT(2) 
PARAMETRIC_REPRESENTATION_CONTEXT() REPRESENTATION_CONTEXT('2D SPACE',''
  ) );
#1035 = ORIENTED_EDGE('',*,*,#1036,.T.);
#1036 = EDGE_CURVE('',#1009,#1037,#1039,.T.);
#1037 = VERTEX_POINT('',#1038);
#1038 = CARTESIAN_POINT('',(7.77,9.47,2.9));
#1039 = SURFACE_CURVE('',#1040,(#1045,#1052),.PCURVE_S1.);
#1040 = CIRCLE('',#1041,1.7);
#1041 = AXIS2_PLACEMENT_3D('',#1042,#1043,#1044);
#1042 = CARTESIAN_POINT('',(7.77,7.77,2.9));
#1043 = DIRECTION('',(0.,0.,1.));
#1044 = DIRECTION('',(1.,0.,-0.));
#1045 = PCURVE('',#94,#1046);
#1046 = DEFINITIONAL_REPRESENTATION('',(#1047),#1051);
#1047 = CIRCLE('',#1048,1.7);
#1048 = AXIS2_PLACEMENT_2D('',#1049,#1050);
#1049 = CARTESIAN_POINT('',(7.77,7.77));
#1050 = DIRECTION('',(1.,0.));
#1051 = ( GEOMETRIC_REPRESENTATION_CONTEXT(2) 
PARAMETRIC_REPRESENTATION_CONTEXT() REPRESENTATION_CONTEXT('2D SPACE',''
  ) );
#1052 = PCURVE('',#1053,#1058);
#1053 = TOROIDAL_SURFACE('',#1054,1.7,0.3);
#1054 = AXIS2_PLACEMENT_3D('',#1055,#1056,#1057);
#1055 = CARTESIAN_POINT('',(7.77,7.77,2.6));
#1056 = DIRECTION('',(0.,0.,1.));
#1057 = DIRECTION('',(1.,0.,-0.));
#1058 = DEFINITIONAL_REPRESENTATION('',(#1059),#1063);
#1059 = LINE('',#1060,#1061);
#1060 = CARTESIAN_POINT('',(0.,1.570796326795));
#1061 = VECTOR('',#1062,1.);
#1062 = DIRECTION('',(1.,0.));
#1063 = ( GEOMETRIC_REPRESENTATION_CONTEXT(2) 
PARAMETRIC_REPRESENTATION_CONTEXT() REPRESENTATION_CONTEXT('2D SPACE',''
  ) );
#1064 = ORIENTED_EDGE('',*,*,#1065,.T.);
#1065 = EDGE_CURVE('',#1037,#1066,#1068,.T.);
#1066 = VERTEX_POINT('',#1067);
#1067 = CARTESIAN_POINT('',(5.5,9.47,2.9));
#1068 = SURFACE_CURVE('',#1069,(#1073,#1080),.PCURVE_S1.);
#1069 = LINE('',#1070,#1071);
#1070 = CARTESIAN_POINT('',(7.77,9.47,2.9));
#1071 = VECTOR('',#1072,1.);
#1072 = DIRECTION('',(-1.,0.,0.));
#1073 = PCURVE('',#94,#1074);
#1074 = DEFINITIONAL_REPRESENTATION('',(#1075),#1079);
#1075 = LINE('',#1076,#1077);
#1076 = CARTESIAN_POINT('',(7.77,9.47));
#1077 = VECTOR('',#1078,1.);
#1078 = DIRECTION('',(-1.,0.));
#1079 = ( GEOMETRIC_REPRESENTATION_CONTEXT(2) 
PARAMETRIC_REPRESENTATION_CONTEXT() REPRESENTATION_CONTEXT('2D SPACE',''
  ) );
#1080 = PCURVE('',#797,#1081);
#1081 = DEFINITIONAL_REPRESENTATION('',(#1082),#1086);
#1082 = LINE('',#1083,#1084);
#1083 = CARTESIAN_POINT('',(-1.570796326795,0.));
#1084 = VECTOR('',#1085,1.);
#1085 = DIRECTION('',(-0.,1.));
#1086 = ( GEOMETRIC_REPRESENTATION_CONTEXT(2) 
PARAMETRIC_REPRESENTATION_CONTEXT() REPRESENTATION_CONTEXT('2D SPACE',''
  ) );
#1087 = ORIENTED_EDGE('',*,*,#1088,.F.);
#1088 = EDGE_CURVE('',#163,#1066,#1089,.T.);
#1089 = SURFACE_CURVE('',#1090,(#1094,#1101),.PCURVE_S1.);
#1090 = LINE('',#1091,#1092);
#1091 = CARTESIAN_POINT('',(5.5,9.185,2.9));
#1092 = VECTOR('',#1093,1.);
#1093 = DIRECTION('',(0.,1.,0.));
#1094 = PCURVE('',#94,#1095);
#1095 = DEFINITIONAL_REPRESENTATION('',(#1096),#1100);
#1096 = LINE('',#1097,#1098);
#1097 = CARTESIAN_POINT('',(5.5,9.185));
#1098 = VECTOR('',#1099,1.);
#1099 = DIRECTION('',(0.,1.));
#1100 = ( GEOMETRIC_REPRESENTATION_CONTEXT(2) 
PARAMETRIC_REPRESENTATION_CONTEXT() REPRESENTATION_CONTEXT('2D SPACE',''
  ) );
#1101 = PCURVE('',#178,#1102);
#1102 = DEFINITIONAL_REPRESENTATION('',(#1103),#1107);
#1103 = LINE('',#1104,#1105);
#1104 = CARTESIAN_POINT('',(0.,0.));
#1105 = VECTOR('',#1106,1.);
#1106 = DIRECTION('',(1.,0.));
#1107 = ( GEOMETRIC_REPRESENTATION_CONTEXT(2) 
PARAMETRIC_REPRESENTATION_CONTEXT() REPRESENTATION_CONTEXT('2D SPACE',''
  ) );
#1108 = ORIENTED_EDGE('',*,*,#190,.F.);
#1109 = ORIENTED_EDGE('',*,*,#1110,.T.);
#1110 = EDGE_CURVE('',#191,#1111,#1113,.T.);
#1111 = VERTEX_POINT('',#1112);
#1112 = CARTESIAN_POINT('',(9.185,7.185,2.9));
#1113 = SURFACE_CURVE('',#1114,(#1119,#1130),.PCURVE_S1.);
#1114 = CIRCLE('',#1115,2.);
#1115 = AXIS2_PLACEMENT_3D('',#1116,#1117,#1118);
#1116 = CARTESIAN_POINT('',(7.185,7.185,2.9));
#1117 = DIRECTION('',(2.546085319753E-15,-4.440892098501E-16,-1.));
#1118 = DIRECTION('',(0.,1.,-4.440892098501E-16));
#1119 = PCURVE('',#94,#1120);
#1120 = DEFINITIONAL_REPRESENTATION('',(#1121),#1129);
#1121 = ( BOUNDED_CURVE() B_SPLINE_CURVE(2,(#1122,#1123,#1124,#1125,
#1126,#1127,#1128),.UNSPECIFIED.,.T.,.F.) B_SPLINE_CURVE_WITH_KNOTS((1,2
    ,2,2,2,1),(-2.094395102393,0.,2.094395102393,4.188790204786,
6.28318530718,8.377580409573),.UNSPECIFIED.) CURVE() 
GEOMETRIC_REPRESENTATION_ITEM() RATIONAL_B_SPLINE_CURVE((1.,0.5,1.,0.5,
1.,0.5,1.)) REPRESENTATION_ITEM('') );
#1122 = CARTESIAN_POINT('',(7.185,9.185));
#1123 = CARTESIAN_POINT('',(10.649101615138,9.185));
#1124 = CARTESIAN_POINT('',(8.917050807569,6.185));
#1125 = CARTESIAN_POINT('',(7.185,3.185));
#1126 = CARTESIAN_POINT('',(5.452949192431,6.185));
#1127 = CARTESIAN_POINT('',(3.720898384862,9.185));
#1128 = CARTESIAN_POINT('',(7.185,9.185));
#1129 = ( GEOMETRIC_REPRESENTATION_CONTEXT(2) 
PARAMETRIC_REPRESENTATION_CONTEXT() REPRESENTATION_CONTEXT('2D SPACE',''
  ) );
#1130 = PCURVE('',#229,#1131);
#1131 = DEFINITIONAL_REPRESENTATION('',(#1132),#1136);
#1132 = LINE('',#1133,#1134);
#1133 = CARTESIAN_POINT('',(1.570796326795,8.881784197001E-16));
#1134 = VECTOR('',#1135,1.);
#1135 = DIRECTION('',(-1.,-0.));
#1136 = ( GEOMETRIC_REPRESENTATION_CONTEXT(2) 
PARAMETRIC_REPRESENTATION_CONTEXT() REPRESENTATION_CONTEXT('2D SPACE',''
  ) );
#1137 = ORIENTED_EDGE('',*,*,#1138,.F.);
#1138 = EDGE_CURVE('',#1139,#1111,#1141,.T.);
#1139 = VERTEX_POINT('',#1140);
#1140 = CARTESIAN_POINT('',(9.185,-7.185,2.9));
#1141 = SURFACE_CURVE('',#1142,(#1146,#1153),.PCURVE_S1.);
#1142 = LINE('',#1143,#1144);
#1143 = CARTESIAN_POINT('',(9.185,-9.185,2.9));
#1144 = VECTOR('',#1145,1.);
#1145 = DIRECTION('',(0.,1.,0.));
#1146 = PCURVE('',#94,#1147);
#1147 = DEFINITIONAL_REPRESENTATION('',(#1148),#1152);
#1148 = LINE('',#1149,#1150);
#1149 = CARTESIAN_POINT('',(9.185,-9.185));
#1150 = VECTOR('',#1151,1.);
#1151 = DIRECTION('',(0.,1.));
#1152 = ( GEOMETRIC_REPRESENTATION_CONTEXT(2) 
PARAMETRIC_REPRESENTATION_CONTEXT() REPRESENTATION_CONTEXT('2D SPACE',''
  ) );
#1153 = PCURVE('',#1154,#1159);
#1154 = PLANE('',#1155);
#1155 = AXIS2_PLACEMENT_3D('',#1156,#1157,#1158);
#1156 = CARTESIAN_POINT('',(9.185,-9.185,2.9));
#1157 = DIRECTION('',(-1.,0.,0.));
#1158 = DIRECTION('',(0.,1.,0.));
#1159 = DEFINITIONAL_REPRESENTATION('',(#1160),#1164);
#1160 = LINE('',#1161,#1162);
#1161 = CARTESIAN_POINT('',(0.,0.));
#1162 = VECTOR('',#1163,1.);
#1163 = DIRECTION('',(1.,0.));
#1164 = ( GEOMETRIC_REPRESENTATION_CONTEXT(2) 
PARAMETRIC_REPRESENTATION_CONTEXT() REPRESENTATION_CONTEXT('2D SPACE',''
  ) );
#1165 = ORIENTED_EDGE('',*,*,#1166,.T.);
#1166 = EDGE_CURVE('',#1139,#486,#1167,.T.);
#1167 = SURFACE_CURVE('',#1168,(#1173,#1184),.PCURVE_S1.);
#1168 = CIRCLE('',#1169,2.);
#1169 = AXIS2_PLACEMENT_3D('',#1170,#1171,#1172);
#1170 = CARTESIAN_POINT('',(7.185,-7.185,2.9));
#1171 = DIRECTION('',(-4.440892098501E-16,-2.546085319753E-15,-1.));
#1172 = DIRECTION('',(1.,0.,-4.440892098501E-16));
#1173 = PCURVE('',#94,#1174);
#1174 = DEFINITIONAL_REPRESENTATION('',(#1175),#1183);
#1175 = ( BOUNDED_CURVE() B_SPLINE_CURVE(2,(#1176,#1177,#1178,#1179,
#1180,#1181,#1182),.UNSPECIFIED.,.T.,.F.) B_SPLINE_CURVE_WITH_KNOTS((1,2
    ,2,2,2,1),(-2.094395102393,0.,2.094395102393,4.188790204786,
6.28318530718,8.377580409573),.UNSPECIFIED.) CURVE() 
GEOMETRIC_REPRESENTATION_ITEM() RATIONAL_B_SPLINE_CURVE((1.,0.5,1.,0.5,
1.,0.5,1.)) REPRESENTATION_ITEM('') );
#1176 = CARTESIAN_POINT('',(9.185,-7.185));
#1177 = CARTESIAN_POINT('',(9.185,-10.64910161513));
#1178 = CARTESIAN_POINT('',(6.185,-8.917050807569));
#1179 = CARTESIAN_POINT('',(3.185,-7.185));
#1180 = CARTESIAN_POINT('',(6.185,-5.452949192431));
#1181 = CARTESIAN_POINT('',(9.185,-3.720898384862));
#1182 = CARTESIAN_POINT('',(9.185,-7.185));
#1183 = ( GEOMETRIC_REPRESENTATION_CONTEXT(2) 
PARAMETRIC_REPRESENTATION_CONTEXT() REPRESENTATION_CONTEXT('2D SPACE',''
  ) );
#1184 = PCURVE('',#1185,#1190);
#1185 = CYLINDRICAL_SURFACE('',#1186,2.);
#1186 = AXIS2_PLACEMENT_3D('',#1187,#1188,#1189);
#1187 = CARTESIAN_POINT('',(7.185,-7.185,2.9));
#1188 = DIRECTION('',(0.,0.,1.));
#1189 = DIRECTION('',(0.,-1.,0.));
#1190 = DEFINITIONAL_REPRESENTATION('',(#1191),#1195);
#1191 = LINE('',#1192,#1193);
#1192 = CARTESIAN_POINT('',(1.570796326795,8.881784197001E-16));
#1193 = VECTOR('',#1194,1.);
#1194 = DIRECTION('',(-1.,-0.));
#1195 = ( GEOMETRIC_REPRESENTATION_CONTEXT(2) 
PARAMETRIC_REPRESENTATION_CONTEXT() REPRESENTATION_CONTEXT('2D SPACE',''
  ) );
#1196 = FACE_BOUND('',#1197,.T.);
#1197 = EDGE_LOOP('',(#1198,#1228,#1261));
#1198 = ORIENTED_EDGE('',*,*,#1199,.F.);
#1199 = EDGE_CURVE('',#1200,#1202,#1204,.T.);
#1200 = VERTEX_POINT('',#1201);
#1201 = CARTESIAN_POINT('',(8.926498638837,-8.97,2.9));
#1202 = VERTEX_POINT('',#1203);
#1203 = CARTESIAN_POINT('',(8.97,-8.97,2.9));
#1204 = SURFACE_CURVE('',#1205,(#1209,#1216),.PCURVE_S1.);
#1205 = LINE('',#1206,#1207);
#1206 = CARTESIAN_POINT('',(-8.97,-8.97,2.9));
#1207 = VECTOR('',#1208,1.);
#1208 = DIRECTION('',(1.,0.,0.));
#1209 = PCURVE('',#94,#1210);
#1210 = DEFINITIONAL_REPRESENTATION('',(#1211),#1215);
#1211 = LINE('',#1212,#1213);
#1212 = CARTESIAN_POINT('',(-8.97,-8.97));
#1213 = VECTOR('',#1214,1.);
#1214 = DIRECTION('',(1.,0.));
#1215 = ( GEOMETRIC_REPRESENTATION_CONTEXT(2) 
PARAMETRIC_REPRESENTATION_CONTEXT() REPRESENTATION_CONTEXT('2D SPACE',''
  ) );
#1216 = PCURVE('',#1217,#1222);
#1217 = PLANE('',#1218);
#1218 = AXIS2_PLACEMENT_3D('',#1219,#1220,#1221);
#1219 = CARTESIAN_POINT('',(-8.97,-8.97,0.));
#1220 = DIRECTION('',(0.,1.,0.));
#1221 = DIRECTION('',(1.,0.,0.));
#1222 = DEFINITIONAL_REPRESENTATION('',(#1223),#1227);
#1223 = LINE('',#1224,#1225);
#1224 = CARTESIAN_POINT('',(0.,-2.9));
#1225 = VECTOR('',#1226,1.);
#1226 = DIRECTION('',(1.,0.));
#1227 = ( GEOMETRIC_REPRESENTATION_CONTEXT(2) 
PARAMETRIC_REPRESENTATION_CONTEXT() REPRESENTATION_CONTEXT('2D SPACE',''
  ) );
#1228 = ORIENTED_EDGE('',*,*,#1229,.F.);
#1229 = EDGE_CURVE('',#1230,#1200,#1232,.T.);
#1230 = VERTEX_POINT('',#1231);
#1231 = CARTESIAN_POINT('',(8.97,-8.926498638837,2.9));
#1232 = SURFACE_CURVE('',#1233,(#1238,#1249),.PCURVE_S1.);
#1233 = CIRCLE('',#1234,1.2);
#1234 = AXIS2_PLACEMENT_3D('',#1235,#1236,#1237);
#1235 = CARTESIAN_POINT('',(8.1,-8.1,2.9));
#1236 = DIRECTION('',(0.,0.,-1.));
#1237 = DIRECTION('',(1.,0.,0.));
#1238 = PCURVE('',#94,#1239);
#1239 = DEFINITIONAL_REPRESENTATION('',(#1240),#1248);
#1240 = ( BOUNDED_CURVE() B_SPLINE_CURVE(2,(#1241,#1242,#1243,#1244,
#1245,#1246,#1247),.UNSPECIFIED.,.T.,.F.) B_SPLINE_CURVE_WITH_KNOTS((1,2
    ,2,2,2,1),(-2.094395102393,0.,2.094395102393,4.188790204786,
6.28318530718,8.377580409573),.UNSPECIFIED.) CURVE() 
GEOMETRIC_REPRESENTATION_ITEM() RATIONAL_B_SPLINE_CURVE((1.,0.5,1.,0.5,
1.,0.5,1.)) REPRESENTATION_ITEM('') );
#1241 = CARTESIAN_POINT('',(9.3,-8.1));
#1242 = CARTESIAN_POINT('',(9.3,-10.17846096908));
#1243 = CARTESIAN_POINT('',(7.5,-9.139230484541));
#1244 = CARTESIAN_POINT('',(5.7,-8.1));
#1245 = CARTESIAN_POINT('',(7.5,-7.060769515459));
#1246 = CARTESIAN_POINT('',(9.3,-6.021539030917));
#1247 = CARTESIAN_POINT('',(9.3,-8.1));
#1248 = ( GEOMETRIC_REPRESENTATION_CONTEXT(2) 
PARAMETRIC_REPRESENTATION_CONTEXT() REPRESENTATION_CONTEXT('2D SPACE',''
  ) );
#1249 = PCURVE('',#1250,#1255);
#1250 = CYLINDRICAL_SURFACE('',#1251,1.2);
#1251 = AXIS2_PLACEMENT_3D('',#1252,#1253,#1254);
#1252 = CARTESIAN_POINT('',(8.1,-8.1,0.));
#1253 = DIRECTION('',(-0.,-0.,-1.));
#1254 = DIRECTION('',(1.,0.,0.));
#1255 = DEFINITIONAL_REPRESENTATION('',(#1256),#1260);
#1256 = LINE('',#1257,#1258);
#1257 = CARTESIAN_POINT('',(-6.28318530718,-2.9));
#1258 = VECTOR('',#1259,1.);
#1259 = DIRECTION('',(1.,-0.));
#1260 = ( GEOMETRIC_REPRESENTATION_CONTEXT(2) 
PARAMETRIC_REPRESENTATION_CONTEXT() REPRESENTATION_CONTEXT('2D SPACE',''
  ) );
#1261 = ORIENTED_EDGE('',*,*,#1262,.F.);
#1262 = EDGE_CURVE('',#1202,#1230,#1263,.T.);
#1263 = SURFACE_CURVE('',#1264,(#1268,#1275),.PCURVE_S1.);
#1264 = LINE('',#1265,#1266);
#1265 = CARTESIAN_POINT('',(8.97,-8.97,2.9));
#1266 = VECTOR('',#1267,1.);
#1267 = DIRECTION('',(0.,1.,0.));
#1268 = PCURVE('',#94,#1269);
#1269 = DEFINITIONAL_REPRESENTATION('',(#1270),#1274);
#1270 = LINE('',#1271,#1272);
#1271 = CARTESIAN_POINT('',(8.97,-8.97));
#1272 = VECTOR('',#1273,1.);
#1273 = DIRECTION('',(0.,1.));
#1274 = ( GEOMETRIC_REPRESENTATION_CONTEXT(2) 
PARAMETRIC_REPRESENTATION_CONTEXT() REPRESENTATION_CONTEXT('2D SPACE',''
  ) );
#1275 = PCURVE('',#1276,#1281);
#1276 = PLANE('',#1277);
#1277 = AXIS2_PLACEMENT_3D('',#1278,#1279,#1280);
#1278 = CARTESIAN_POINT('',(8.97,-8.97,0.));
#1279 = DIRECTION('',(-1.,0.,0.));
#1280 = DIRECTION('',(0.,1.,0.));
#1281 = DEFINITIONAL_REPRESENTATION('',(#1282),#1286);
#1282 = LINE('',#1283,#1284);
#1283 = CARTESIAN_POINT('',(0.,-2.9));
#1284 = VECTOR('',#1285,1.);
#1285 = DIRECTION('',(1.,0.));
#1286 = ( GEOMETRIC_REPRESENTATION_CONTEXT(2) 
PARAMETRIC_REPRESENTATION_CONTEXT() REPRESENTATION_CONTEXT('2D SPACE',''
  ) );
#1287 = FACE_BOUND('',#1288,.T.);
#1288 = EDGE_LOOP('',(#1289,#1319,#1352));
#1289 = ORIENTED_EDGE('',*,*,#1290,.F.);
#1290 = EDGE_CURVE('',#1291,#1293,#1295,.T.);
#1291 = VERTEX_POINT('',#1292);
#1292 = CARTESIAN_POINT('',(8.97,8.926498638837,2.9));
#1293 = VERTEX_POINT('',#1294);
#1294 = CARTESIAN_POINT('',(8.97,8.97,2.9));
#1295 = SURFACE_CURVE('',#1296,(#1300,#1307),.PCURVE_S1.);
#1296 = LINE('',#1297,#1298);
#1297 = CARTESIAN_POINT('',(8.97,-8.97,2.9));
#1298 = VECTOR('',#1299,1.);
#1299 = DIRECTION('',(0.,1.,0.));
#1300 = PCURVE('',#94,#1301);
#1301 = DEFINITIONAL_REPRESENTATION('',(#1302),#1306);
#1302 = LINE('',#1303,#1304);
#1303 = CARTESIAN_POINT('',(8.97,-8.97));
#1304 = VECTOR('',#1305,1.);
#1305 = DIRECTION('',(0.,1.));
#1306 = ( GEOMETRIC_REPRESENTATION_CONTEXT(2) 
PARAMETRIC_REPRESENTATION_CONTEXT() REPRESENTATION_CONTEXT('2D SPACE',''
  ) );
#1307 = PCURVE('',#1308,#1313);
#1308 = PLANE('',#1309);
#1309 = AXIS2_PLACEMENT_3D('',#1310,#1311,#1312);
#1310 = CARTESIAN_POINT('',(8.97,-8.97,0.));
#1311 = DIRECTION('',(-1.,0.,0.));
#1312 = DIRECTION('',(0.,1.,0.));
#1313 = DEFINITIONAL_REPRESENTATION('',(#1314),#1318);
#1314 = LINE('',#1315,#1316);
#1315 = CARTESIAN_POINT('',(0.,-2.9));
#1316 = VECTOR('',#1317,1.);
#1317 = DIRECTION('',(1.,0.));
#1318 = ( GEOMETRIC_REPRESENTATION_CONTEXT(2) 
PARAMETRIC_REPRESENTATION_CONTEXT() REPRESENTATION_CONTEXT('2D SPACE',''
  ) );
#1319 = ORIENTED_EDGE('',*,*,#1320,.F.);
#1320 = EDGE_CURVE('',#1321,#1291,#1323,.T.);
#1321 = VERTEX_POINT('',#1322);
#1322 = CARTESIAN_POINT('',(8.926498638837,8.97,2.9));
#1323 = SURFACE_CURVE('',#1324,(#1329,#1340),.PCURVE_S1.);
#1324 = CIRCLE('',#1325,1.2);
#1325 = AXIS2_PLACEMENT_3D('',#1326,#1327,#1328);
#1326 = CARTESIAN_POINT('',(8.1,8.1,2.9));
#1327 = DIRECTION('',(0.,0.,-1.));
#1328 = DIRECTION('',(1.,0.,0.));
#1329 = PCURVE('',#94,#1330);
#1330 = DEFINITIONAL_REPRESENTATION('',(#1331),#1339);
#1331 = ( BOUNDED_CURVE() B_SPLINE_CURVE(2,(#1332,#1333,#1334,#1335,
#1336,#1337,#1338),.UNSPECIFIED.,.T.,.F.) B_SPLINE_CURVE_WITH_KNOTS((1,2
    ,2,2,2,1),(-2.094395102393,0.,2.094395102393,4.188790204786,
6.28318530718,8.377580409573),.UNSPECIFIED.) CURVE() 
GEOMETRIC_REPRESENTATION_ITEM() RATIONAL_B_SPLINE_CURVE((1.,0.5,1.,0.5,
1.,0.5,1.)) REPRESENTATION_ITEM('') );
#1332 = CARTESIAN_POINT('',(9.3,8.1));
#1333 = CARTESIAN_POINT('',(9.3,6.021539030917));
#1334 = CARTESIAN_POINT('',(7.5,7.060769515459));
#1335 = CARTESIAN_POINT('',(5.7,8.1));
#1336 = CARTESIAN_POINT('',(7.5,9.139230484541));
#1337 = CARTESIAN_POINT('',(9.3,10.178460969083));
#1338 = CARTESIAN_POINT('',(9.3,8.1));
#1339 = ( GEOMETRIC_REPRESENTATION_CONTEXT(2) 
PARAMETRIC_REPRESENTATION_CONTEXT() REPRESENTATION_CONTEXT('2D SPACE',''
  ) );
#1340 = PCURVE('',#1341,#1346);
#1341 = CYLINDRICAL_SURFACE('',#1342,1.2);
#1342 = AXIS2_PLACEMENT_3D('',#1343,#1344,#1345);
#1343 = CARTESIAN_POINT('',(8.1,8.1,0.));
#1344 = DIRECTION('',(-0.,-0.,-1.));
#1345 = DIRECTION('',(1.,0.,0.));
#1346 = DEFINITIONAL_REPRESENTATION('',(#1347),#1351);
#1347 = LINE('',#1348,#1349);
#1348 = CARTESIAN_POINT('',(-6.28318530718,-2.9));
#1349 = VECTOR('',#1350,1.);
#1350 = DIRECTION('',(1.,-0.));
#1351 = ( GEOMETRIC_REPRESENTATION_CONTEXT(2) 
PARAMETRIC_REPRESENTATION_CONTEXT() REPRESENTATION_CONTEXT('2D SPACE',''
  ) );
#1352 = ORIENTED_EDGE('',*,*,#1353,.F.);
#1353 = EDGE_CURVE('',#1293,#1321,#1354,.T.);
#1354 = SURFACE_CURVE('',#1355,(#1359,#1366),.PCURVE_S1.);
#1355 = LINE('',#1356,#1357);
#1356 = CARTESIAN_POINT('',(8.97,8.97,2.9));
#1357 = VECTOR('',#1358,1.);
#1358 = DIRECTION('',(-1.,0.,0.));
#1359 = PCURVE('',#94,#1360);
#1360 = DEFINITIONAL_REPRESENTATION('',(#1361),#1365);
#1361 = LINE('',#1362,#1363);
#1362 = CARTESIAN_POINT('',(8.97,8.97));
#1363 = VECTOR('',#1364,1.);
#1364 = DIRECTION('',(-1.,0.));
#1365 = ( GEOMETRIC_REPRESENTATION_CONTEXT(2) 
PARAMETRIC_REPRESENTATION_CONTEXT() REPRESENTATION_CONTEXT('2D SPACE',''
  ) );
#1366 = PCURVE('',#1367,#1372);
#1367 = PLANE('',#1368);
#1368 = AXIS2_PLACEMENT_3D('',#1369,#1370,#1371);
#1369 = CARTESIAN_POINT('',(8.97,8.97,0.));
#1370 = DIRECTION('',(0.,-1.,0.));
#1371 = DIRECTION('',(-1.,0.,0.));
#1372 = DEFINITIONAL_REPRESENTATION('',(#1373),#1377);
#1373 = LINE('',#1374,#1375);
#1374 = CARTESIAN_POINT('',(0.,-2.9));
#1375 = VECTOR('',#1376,1.);
#1376 = DIRECTION('',(1.,0.));
#1377 = ( GEOMETRIC_REPRESENTATION_CONTEXT(2) 
PARAMETRIC_REPRESENTATION_CONTEXT() REPRESENTATION_CONTEXT('2D SPACE',''
  ) );
#1378 = ADVANCED_FACE('',(#1379),#229,.T.);
#1379 = FACE_BOUND('',#1380,.T.);
#1380 = EDGE_LOOP('',(#1381,#1404,#1405,#1406));
#1381 = ORIENTED_EDGE('',*,*,#1382,.F.);
#1382 = EDGE_CURVE('',#1111,#1383,#1385,.T.);
#1383 = VERTEX_POINT('',#1384);
#1384 = CARTESIAN_POINT('',(9.185,7.185,6.86));
#1385 = SURFACE_CURVE('',#1386,(#1390,#1397),.PCURVE_S1.);
#1386 = LINE('',#1387,#1388);
#1387 = CARTESIAN_POINT('',(9.185,7.185,2.9));
#1388 = VECTOR('',#1389,1.);
#1389 = DIRECTION('',(0.,0.,1.));
#1390 = PCURVE('',#229,#1391);
#1391 = DEFINITIONAL_REPRESENTATION('',(#1392),#1396);
#1392 = LINE('',#1393,#1394);
#1393 = CARTESIAN_POINT('',(0.,0.));
#1394 = VECTOR('',#1395,1.);
#1395 = DIRECTION('',(0.,1.));
#1396 = ( GEOMETRIC_REPRESENTATION_CONTEXT(2) 
PARAMETRIC_REPRESENTATION_CONTEXT() REPRESENTATION_CONTEXT('2D SPACE',''
  ) );
#1397 = PCURVE('',#1154,#1398);
#1398 = DEFINITIONAL_REPRESENTATION('',(#1399),#1403);
#1399 = LINE('',#1400,#1401);
#1400 = CARTESIAN_POINT('',(16.37,0.));
#1401 = VECTOR('',#1402,1.);
#1402 = DIRECTION('',(0.,-1.));
#1403 = ( GEOMETRIC_REPRESENTATION_CONTEXT(2) 
PARAMETRIC_REPRESENTATION_CONTEXT() REPRESENTATION_CONTEXT('2D SPACE',''
  ) );
#1404 = ORIENTED_EDGE('',*,*,#1110,.F.);
#1405 = ORIENTED_EDGE('',*,*,#213,.T.);
#1406 = ORIENTED_EDGE('',*,*,#1407,.F.);
#1407 = EDGE_CURVE('',#1383,#214,#1408,.T.);
#1408 = SURFACE_CURVE('',#1409,(#1414,#1421),.PCURVE_S1.);
#1409 = CIRCLE('',#1410,2.);
#1410 = AXIS2_PLACEMENT_3D('',#1411,#1412,#1413);
#1411 = CARTESIAN_POINT('',(7.185,7.185,6.86));
#1412 = DIRECTION('',(0.,0.,1.));
#1413 = DIRECTION('',(1.,0.,-0.));
#1414 = PCURVE('',#229,#1415);
#1415 = DEFINITIONAL_REPRESENTATION('',(#1416),#1420);
#1416 = LINE('',#1417,#1418);
#1417 = CARTESIAN_POINT('',(0.,3.96));
#1418 = VECTOR('',#1419,1.);
#1419 = DIRECTION('',(1.,0.));
#1420 = ( GEOMETRIC_REPRESENTATION_CONTEXT(2) 
PARAMETRIC_REPRESENTATION_CONTEXT() REPRESENTATION_CONTEXT('2D SPACE',''
  ) );
#1421 = PCURVE('',#422,#1422);
#1422 = DEFINITIONAL_REPRESENTATION('',(#1423),#1427);
#1423 = LINE('',#1424,#1425);
#1424 = CARTESIAN_POINT('',(0.,0.));
#1425 = VECTOR('',#1426,1.);
#1426 = DIRECTION('',(1.,0.));
#1427 = ( GEOMETRIC_REPRESENTATION_CONTEXT(2) 
PARAMETRIC_REPRESENTATION_CONTEXT() REPRESENTATION_CONTEXT('2D SPACE',''
  ) );
#1428 = ADVANCED_FACE('',(#1429),#122,.F.);
#1429 = FACE_BOUND('',#1430,.F.);
#1430 = EDGE_LOOP('',(#1431,#1461,#1482,#1483,#1484,#1512,#1540,#1568));
#1431 = ORIENTED_EDGE('',*,*,#1432,.T.);
#1432 = EDGE_CURVE('',#1433,#1435,#1437,.T.);
#1433 = VERTEX_POINT('',#1434);
#1434 = CARTESIAN_POINT('',(-5.5,10.95,2.9));
#1435 = VERTEX_POINT('',#1436);
#1436 = CARTESIAN_POINT('',(-5.5,10.95,4.26));
#1437 = SURFACE_CURVE('',#1438,(#1442,#1449),.PCURVE_S1.);
#1438 = LINE('',#1439,#1440);
#1439 = CARTESIAN_POINT('',(-5.5,10.95,2.9));
#1440 = VECTOR('',#1441,1.);
#1441 = DIRECTION('',(0.,0.,1.));
#1442 = PCURVE('',#122,#1443);
#1443 = DEFINITIONAL_REPRESENTATION('',(#1444),#1448);
#1444 = LINE('',#1445,#1446);
#1445 = CARTESIAN_POINT('',(0.,0.));
#1446 = VECTOR('',#1447,1.);
#1447 = DIRECTION('',(0.,-1.));
#1448 = ( GEOMETRIC_REPRESENTATION_CONTEXT(2) 
PARAMETRIC_REPRESENTATION_CONTEXT() REPRESENTATION_CONTEXT('2D SPACE',''
  ) );
#1449 = PCURVE('',#1450,#1455);
#1450 = PLANE('',#1451);
#1451 = AXIS2_PLACEMENT_3D('',#1452,#1453,#1454);
#1452 = CARTESIAN_POINT('',(5.5,10.95,2.9));
#1453 = DIRECTION('',(0.,-1.,0.));
#1454 = DIRECTION('',(-1.,0.,0.));
#1455 = DEFINITIONAL_REPRESENTATION('',(#1456),#1460);
#1456 = LINE('',#1457,#1458);
#1457 = CARTESIAN_POINT('',(11.,0.));
#1458 = VECTOR('',#1459,1.);
#1459 = DIRECTION('',(0.,-1.));
#1460 = ( GEOMETRIC_REPRESENTATION_CONTEXT(2) 
PARAMETRIC_REPRESENTATION_CONTEXT() REPRESENTATION_CONTEXT('2D SPACE',''
  ) );
#1461 = ORIENTED_EDGE('',*,*,#1462,.T.);
#1462 = EDGE_CURVE('',#1435,#107,#1463,.T.);
#1463 = SURFACE_CURVE('',#1464,(#1468,#1475),.PCURVE_S1.);
#1464 = LINE('',#1465,#1466);
#1465 = CARTESIAN_POINT('',(-5.5,10.95,4.26));
#1466 = VECTOR('',#1467,1.);
#1467 = DIRECTION('',(0.,-1.,0.));
#1468 = PCURVE('',#122,#1469);
#1469 = DEFINITIONAL_REPRESENTATION('',(#1470),#1474);
#1470 = LINE('',#1471,#1472);
#1471 = CARTESIAN_POINT('',(0.,-1.36));
#1472 = VECTOR('',#1473,1.);
#1473 = DIRECTION('',(1.,0.));
#1474 = ( GEOMETRIC_REPRESENTATION_CONTEXT(2) 
PARAMETRIC_REPRESENTATION_CONTEXT() REPRESENTATION_CONTEXT('2D SPACE',''
  ) );
#1475 = PCURVE('',#150,#1476);
#1476 = DEFINITIONAL_REPRESENTATION('',(#1477),#1481);
#1477 = LINE('',#1478,#1479);
#1478 = CARTESIAN_POINT('',(-5.5,0.8825));
#1479 = VECTOR('',#1480,1.);
#1480 = DIRECTION('',(0.,-1.));
#1481 = ( GEOMETRIC_REPRESENTATION_CONTEXT(2) 
PARAMETRIC_REPRESENTATION_CONTEXT() REPRESENTATION_CONTEXT('2D SPACE',''
  ) );
#1482 = ORIENTED_EDGE('',*,*,#106,.F.);
#1483 = ORIENTED_EDGE('',*,*,#758,.F.);
#1484 = ORIENTED_EDGE('',*,*,#1485,.F.);
#1485 = EDGE_CURVE('',#1486,#759,#1488,.T.);
#1486 = VERTEX_POINT('',#1487);
#1487 = CARTESIAN_POINT('',(-5.5,9.77,2.9));
#1488 = SURFACE_CURVE('',#1489,(#1493,#1500),.PCURVE_S1.);
#1489 = LINE('',#1490,#1491);
#1490 = CARTESIAN_POINT('',(-5.5,10.95,2.9));
#1491 = VECTOR('',#1492,1.);
#1492 = DIRECTION('',(0.,-1.,0.));
#1493 = PCURVE('',#122,#1494);
#1494 = DEFINITIONAL_REPRESENTATION('',(#1495),#1499);
#1495 = LINE('',#1496,#1497);
#1496 = CARTESIAN_POINT('',(0.,0.));
#1497 = VECTOR('',#1498,1.);
#1498 = DIRECTION('',(1.,0.));
#1499 = ( GEOMETRIC_REPRESENTATION_CONTEXT(2) 
PARAMETRIC_REPRESENTATION_CONTEXT() REPRESENTATION_CONTEXT('2D SPACE',''
  ) );
#1500 = PCURVE('',#1501,#1506);
#1501 = PLANE('',#1502);
#1502 = AXIS2_PLACEMENT_3D('',#1503,#1504,#1505);
#1503 = CARTESIAN_POINT('',(0.,10.0675,2.9));
#1504 = DIRECTION('',(0.,0.,1.));
#1505 = DIRECTION('',(1.,0.,-0.));
#1506 = DEFINITIONAL_REPRESENTATION('',(#1507),#1511);
#1507 = LINE('',#1508,#1509);
#1508 = CARTESIAN_POINT('',(-5.5,0.8825));
#1509 = VECTOR('',#1510,1.);
#1510 = DIRECTION('',(0.,-1.));
#1511 = ( GEOMETRIC_REPRESENTATION_CONTEXT(2) 
PARAMETRIC_REPRESENTATION_CONTEXT() REPRESENTATION_CONTEXT('2D SPACE',''
  ) );
#1512 = ORIENTED_EDGE('',*,*,#1513,.F.);
#1513 = EDGE_CURVE('',#1514,#1486,#1516,.T.);
#1514 = VERTEX_POINT('',#1515);
#1515 = CARTESIAN_POINT('',(-5.5,9.77,2.6));
#1516 = SURFACE_CURVE('',#1517,(#1521,#1528),.PCURVE_S1.);
#1517 = LINE('',#1518,#1519);
#1518 = CARTESIAN_POINT('',(-5.5,9.77,1.64));
#1519 = VECTOR('',#1520,1.);
#1520 = DIRECTION('',(0.,0.,1.));
#1521 = PCURVE('',#122,#1522);
#1522 = DEFINITIONAL_REPRESENTATION('',(#1523),#1527);
#1523 = LINE('',#1524,#1525);
#1524 = CARTESIAN_POINT('',(1.18,1.26));
#1525 = VECTOR('',#1526,1.);
#1526 = DIRECTION('',(0.,-1.));
#1527 = ( GEOMETRIC_REPRESENTATION_CONTEXT(2) 
PARAMETRIC_REPRESENTATION_CONTEXT() REPRESENTATION_CONTEXT('2D SPACE',''
  ) );
#1528 = PCURVE('',#1529,#1534);
#1529 = PLANE('',#1530);
#1530 = AXIS2_PLACEMENT_3D('',#1531,#1532,#1533);
#1531 = CARTESIAN_POINT('',(-5.5,9.77,1.64));
#1532 = DIRECTION('',(0.,-1.,0.));
#1533 = DIRECTION('',(0.,0.,1.));
#1534 = DEFINITIONAL_REPRESENTATION('',(#1535),#1539);
#1535 = LINE('',#1536,#1537);
#1536 = CARTESIAN_POINT('',(0.,0.));
#1537 = VECTOR('',#1538,1.);
#1538 = DIRECTION('',(1.,0.));
#1539 = ( GEOMETRIC_REPRESENTATION_CONTEXT(2) 
PARAMETRIC_REPRESENTATION_CONTEXT() REPRESENTATION_CONTEXT('2D SPACE',''
  ) );
#1540 = ORIENTED_EDGE('',*,*,#1541,.F.);
#1541 = EDGE_CURVE('',#1542,#1514,#1544,.T.);
#1542 = VERTEX_POINT('',#1543);
#1543 = CARTESIAN_POINT('',(-5.5,9.77,1.64));
#1544 = SURFACE_CURVE('',#1545,(#1549,#1556),.PCURVE_S1.);
#1545 = LINE('',#1546,#1547);
#1546 = CARTESIAN_POINT('',(-5.5,9.77,1.64));
#1547 = VECTOR('',#1548,1.);
#1548 = DIRECTION('',(0.,0.,1.));
#1549 = PCURVE('',#122,#1550);
#1550 = DEFINITIONAL_REPRESENTATION('',(#1551),#1555);
#1551 = LINE('',#1552,#1553);
#1552 = CARTESIAN_POINT('',(1.18,1.26));
#1553 = VECTOR('',#1554,1.);
#1554 = DIRECTION('',(0.,-1.));
#1555 = ( GEOMETRIC_REPRESENTATION_CONTEXT(2) 
PARAMETRIC_REPRESENTATION_CONTEXT() REPRESENTATION_CONTEXT('2D SPACE',''
  ) );
#1556 = PCURVE('',#1557,#1562);
#1557 = PLANE('',#1558);
#1558 = AXIS2_PLACEMENT_3D('',#1559,#1560,#1561);
#1559 = CARTESIAN_POINT('',(9.77,9.77,0.));
#1560 = DIRECTION('',(0.,-1.,0.));
#1561 = DIRECTION('',(-1.,0.,0.));
#1562 = DEFINITIONAL_REPRESENTATION('',(#1563),#1567);
#1563 = LINE('',#1564,#1565);
#1564 = CARTESIAN_POINT('',(15.27,-1.64));
#1565 = VECTOR('',#1566,1.);
#1566 = DIRECTION('',(0.,-1.));
#1567 = ( GEOMETRIC_REPRESENTATION_CONTEXT(2) 
PARAMETRIC_REPRESENTATION_CONTEXT() REPRESENTATION_CONTEXT('2D SPACE',''
  ) );
#1568 = ORIENTED_EDGE('',*,*,#1569,.F.);
#1569 = EDGE_CURVE('',#1433,#1542,#1570,.T.);
#1570 = SURFACE_CURVE('',#1571,(#1575,#1582),.PCURVE_S1.);
#1571 = LINE('',#1572,#1573);
#1572 = CARTESIAN_POINT('',(-5.5,10.95,2.9));
#1573 = VECTOR('',#1574,1.);
#1574 = DIRECTION('',(0.,-0.683555646709,-0.729898402418));
#1575 = PCURVE('',#122,#1576);
#1576 = DEFINITIONAL_REPRESENTATION('',(#1577),#1581);
#1577 = LINE('',#1578,#1579);
#1578 = CARTESIAN_POINT('',(0.,0.));
#1579 = VECTOR('',#1580,1.);
#1580 = DIRECTION('',(0.683555646709,0.729898402418));
#1581 = ( GEOMETRIC_REPRESENTATION_CONTEXT(2) 
PARAMETRIC_REPRESENTATION_CONTEXT() REPRESENTATION_CONTEXT('2D SPACE',''
  ) );
#1582 = PCURVE('',#1583,#1588);
#1583 = PLANE('',#1584);
#1584 = AXIS2_PLACEMENT_3D('',#1585,#1586,#1587);
#1585 = CARTESIAN_POINT('',(-5.5,10.95,2.9));
#1586 = DIRECTION('',(0.,0.729898402418,-0.683555646709));
#1587 = DIRECTION('',(0.,-0.683555646709,-0.729898402418));
#1588 = DEFINITIONAL_REPRESENTATION('',(#1589),#1593);
#1589 = LINE('',#1590,#1591);
#1590 = CARTESIAN_POINT('',(0.,0.));
#1591 = VECTOR('',#1592,1.);
#1592 = DIRECTION('',(1.,0.));
#1593 = ( GEOMETRIC_REPRESENTATION_CONTEXT(2) 
PARAMETRIC_REPRESENTATION_CONTEXT() REPRESENTATION_CONTEXT('2D SPACE',''
  ) );
#1594 = ADVANCED_FACE('',(#1595),#150,.T.);
#1595 = FACE_BOUND('',#1596,.T.);
#1596 = EDGE_LOOP('',(#1597,#1598,#1621,#1642));
#1597 = ORIENTED_EDGE('',*,*,#134,.T.);
#1598 = ORIENTED_EDGE('',*,*,#1599,.T.);
#1599 = EDGE_CURVE('',#135,#1600,#1602,.T.);
#1600 = VERTEX_POINT('',#1601);
#1601 = CARTESIAN_POINT('',(5.5,10.95,4.26));
#1602 = SURFACE_CURVE('',#1603,(#1607,#1614),.PCURVE_S1.);
#1603 = LINE('',#1604,#1605);
#1604 = CARTESIAN_POINT('',(5.5,9.185,4.26));
#1605 = VECTOR('',#1606,1.);
#1606 = DIRECTION('',(0.,1.,0.));
#1607 = PCURVE('',#150,#1608);
#1608 = DEFINITIONAL_REPRESENTATION('',(#1609),#1613);
#1609 = LINE('',#1610,#1611);
#1610 = CARTESIAN_POINT('',(5.5,-0.8825));
#1611 = VECTOR('',#1612,1.);
#1612 = DIRECTION('',(0.,1.));
#1613 = ( GEOMETRIC_REPRESENTATION_CONTEXT(2) 
PARAMETRIC_REPRESENTATION_CONTEXT() REPRESENTATION_CONTEXT('2D SPACE',''
  ) );
#1614 = PCURVE('',#178,#1615);
#1615 = DEFINITIONAL_REPRESENTATION('',(#1616),#1620);
#1616 = LINE('',#1617,#1618);
#1617 = CARTESIAN_POINT('',(0.,-1.36));
#1618 = VECTOR('',#1619,1.);
#1619 = DIRECTION('',(1.,0.));
#1620 = ( GEOMETRIC_REPRESENTATION_CONTEXT(2) 
PARAMETRIC_REPRESENTATION_CONTEXT() REPRESENTATION_CONTEXT('2D SPACE',''
  ) );
#1621 = ORIENTED_EDGE('',*,*,#1622,.T.);
#1622 = EDGE_CURVE('',#1600,#1435,#1623,.T.);
#1623 = SURFACE_CURVE('',#1624,(#1628,#1635),.PCURVE_S1.);
#1624 = LINE('',#1625,#1626);
#1625 = CARTESIAN_POINT('',(5.5,10.95,4.26));
#1626 = VECTOR('',#1627,1.);
#1627 = DIRECTION('',(-1.,0.,0.));
#1628 = PCURVE('',#150,#1629);
#1629 = DEFINITIONAL_REPRESENTATION('',(#1630),#1634);
#1630 = LINE('',#1631,#1632);
#1631 = CARTESIAN_POINT('',(5.5,0.8825));
#1632 = VECTOR('',#1633,1.);
#1633 = DIRECTION('',(-1.,0.));
#1634 = ( GEOMETRIC_REPRESENTATION_CONTEXT(2) 
PARAMETRIC_REPRESENTATION_CONTEXT() REPRESENTATION_CONTEXT('2D SPACE',''
  ) );
#1635 = PCURVE('',#1450,#1636);
#1636 = DEFINITIONAL_REPRESENTATION('',(#1637),#1641);
#1637 = LINE('',#1638,#1639);
#1638 = CARTESIAN_POINT('',(0.,-1.36));
#1639 = VECTOR('',#1640,1.);
#1640 = DIRECTION('',(1.,0.));
#1641 = ( GEOMETRIC_REPRESENTATION_CONTEXT(2) 
PARAMETRIC_REPRESENTATION_CONTEXT() REPRESENTATION_CONTEXT('2D SPACE',''
  ) );
#1642 = ORIENTED_EDGE('',*,*,#1462,.T.);
#1643 = ADVANCED_FACE('',(#1644),#178,.F.);
#1644 = FACE_BOUND('',#1645,.F.);
#1645 = EDGE_LOOP('',(#1646,#1647,#1648,#1671,#1699,#1722,#1750,#1771));
#1646 = ORIENTED_EDGE('',*,*,#162,.T.);
#1647 = ORIENTED_EDGE('',*,*,#1599,.T.);
#1648 = ORIENTED_EDGE('',*,*,#1649,.F.);
#1649 = EDGE_CURVE('',#1650,#1600,#1652,.T.);
#1650 = VERTEX_POINT('',#1651);
#1651 = CARTESIAN_POINT('',(5.5,10.95,2.9));
#1652 = SURFACE_CURVE('',#1653,(#1657,#1664),.PCURVE_S1.);
#1653 = LINE('',#1654,#1655);
#1654 = CARTESIAN_POINT('',(5.5,10.95,2.9));
#1655 = VECTOR('',#1656,1.);
#1656 = DIRECTION('',(0.,0.,1.));
#1657 = PCURVE('',#178,#1658);
#1658 = DEFINITIONAL_REPRESENTATION('',(#1659),#1663);
#1659 = LINE('',#1660,#1661);
#1660 = CARTESIAN_POINT('',(1.765,0.));
#1661 = VECTOR('',#1662,1.);
#1662 = DIRECTION('',(0.,-1.));
#1663 = ( GEOMETRIC_REPRESENTATION_CONTEXT(2) 
PARAMETRIC_REPRESENTATION_CONTEXT() REPRESENTATION_CONTEXT('2D SPACE',''
  ) );
#1664 = PCURVE('',#1450,#1665);
#1665 = DEFINITIONAL_REPRESENTATION('',(#1666),#1670);
#1666 = LINE('',#1667,#1668);
#1667 = CARTESIAN_POINT('',(0.,-0.));
#1668 = VECTOR('',#1669,1.);
#1669 = DIRECTION('',(0.,-1.));
#1670 = ( GEOMETRIC_REPRESENTATION_CONTEXT(2) 
PARAMETRIC_REPRESENTATION_CONTEXT() REPRESENTATION_CONTEXT('2D SPACE',''
  ) );
#1671 = ORIENTED_EDGE('',*,*,#1672,.T.);
#1672 = EDGE_CURVE('',#1650,#1673,#1675,.T.);
#1673 = VERTEX_POINT('',#1674);
#1674 = CARTESIAN_POINT('',(5.5,9.77,1.64));
#1675 = SURFACE_CURVE('',#1676,(#1680,#1687),.PCURVE_S1.);
#1676 = LINE('',#1677,#1678);
#1677 = CARTESIAN_POINT('',(5.5,10.95,2.9));
#1678 = VECTOR('',#1679,1.);
#1679 = DIRECTION('',(0.,-0.683555646709,-0.729898402418));
#1680 = PCURVE('',#178,#1681);
#1681 = DEFINITIONAL_REPRESENTATION('',(#1682),#1686);
#1682 = LINE('',#1683,#1684);
#1683 = CARTESIAN_POINT('',(1.765,0.));
#1684 = VECTOR('',#1685,1.);
#1685 = DIRECTION('',(-0.683555646709,0.729898402418));
#1686 = ( GEOMETRIC_REPRESENTATION_CONTEXT(2) 
PARAMETRIC_REPRESENTATION_CONTEXT() REPRESENTATION_CONTEXT('2D SPACE',''
  ) );
#1687 = PCURVE('',#1688,#1693);
#1688 = PLANE('',#1689);
#1689 = AXIS2_PLACEMENT_3D('',#1690,#1691,#1692);
#1690 = CARTESIAN_POINT('',(4.4,10.95,2.9));
#1691 = DIRECTION('',(0.,0.729898402418,-0.683555646709));
#1692 = DIRECTION('',(0.,-0.683555646709,-0.729898402418));
#1693 = DEFINITIONAL_REPRESENTATION('',(#1694),#1698);
#1694 = LINE('',#1695,#1696);
#1695 = CARTESIAN_POINT('',(0.,-1.1));
#1696 = VECTOR('',#1697,1.);
#1697 = DIRECTION('',(1.,0.));
#1698 = ( GEOMETRIC_REPRESENTATION_CONTEXT(2) 
PARAMETRIC_REPRESENTATION_CONTEXT() REPRESENTATION_CONTEXT('2D SPACE',''
  ) );
#1699 = ORIENTED_EDGE('',*,*,#1700,.T.);
#1700 = EDGE_CURVE('',#1673,#1701,#1703,.T.);
#1701 = VERTEX_POINT('',#1702);
#1702 = CARTESIAN_POINT('',(5.5,9.77,2.6));
#1703 = SURFACE_CURVE('',#1704,(#1708,#1715),.PCURVE_S1.);
#1704 = LINE('',#1705,#1706);
#1705 = CARTESIAN_POINT('',(5.5,9.77,1.64));
#1706 = VECTOR('',#1707,1.);
#1707 = DIRECTION('',(0.,0.,1.));
#1708 = PCURVE('',#178,#1709);
#1709 = DEFINITIONAL_REPRESENTATION('',(#1710),#1714);
#1710 = LINE('',#1711,#1712);
#1711 = CARTESIAN_POINT('',(0.585,1.26));
#1712 = VECTOR('',#1713,1.);
#1713 = DIRECTION('',(0.,-1.));
#1714 = ( GEOMETRIC_REPRESENTATION_CONTEXT(2) 
PARAMETRIC_REPRESENTATION_CONTEXT() REPRESENTATION_CONTEXT('2D SPACE',''
  ) );
#1715 = PCURVE('',#1557,#1716);
#1716 = DEFINITIONAL_REPRESENTATION('',(#1717),#1721);
#1717 = LINE('',#1718,#1719);
#1718 = CARTESIAN_POINT('',(4.27,-1.64));
#1719 = VECTOR('',#1720,1.);
#1720 = DIRECTION('',(0.,-1.));
#1721 = ( GEOMETRIC_REPRESENTATION_CONTEXT(2) 
PARAMETRIC_REPRESENTATION_CONTEXT() REPRESENTATION_CONTEXT('2D SPACE',''
  ) );
#1722 = ORIENTED_EDGE('',*,*,#1723,.T.);
#1723 = EDGE_CURVE('',#1701,#1724,#1726,.T.);
#1724 = VERTEX_POINT('',#1725);
#1725 = CARTESIAN_POINT('',(5.5,9.77,2.9));
#1726 = SURFACE_CURVE('',#1727,(#1731,#1738),.PCURVE_S1.);
#1727 = LINE('',#1728,#1729);
#1728 = CARTESIAN_POINT('',(5.5,9.77,1.64));
#1729 = VECTOR('',#1730,1.);
#1730 = DIRECTION('',(0.,0.,1.));
#1731 = PCURVE('',#178,#1732);
#1732 = DEFINITIONAL_REPRESENTATION('',(#1733),#1737);
#1733 = LINE('',#1734,#1735);
#1734 = CARTESIAN_POINT('',(0.585,1.26));
#1735 = VECTOR('',#1736,1.);
#1736 = DIRECTION('',(0.,-1.));
#1737 = ( GEOMETRIC_REPRESENTATION_CONTEXT(2) 
PARAMETRIC_REPRESENTATION_CONTEXT() REPRESENTATION_CONTEXT('2D SPACE',''
  ) );
#1738 = PCURVE('',#1739,#1744);
#1739 = PLANE('',#1740);
#1740 = AXIS2_PLACEMENT_3D('',#1741,#1742,#1743);
#1741 = CARTESIAN_POINT('',(4.4,9.77,1.64));
#1742 = DIRECTION('',(0.,-1.,0.));
#1743 = DIRECTION('',(0.,0.,1.));
#1744 = DEFINITIONAL_REPRESENTATION('',(#1745),#1749);
#1745 = LINE('',#1746,#1747);
#1746 = CARTESIAN_POINT('',(0.,-1.1));
#1747 = VECTOR('',#1748,1.);
#1748 = DIRECTION('',(1.,0.));
#1749 = ( GEOMETRIC_REPRESENTATION_CONTEXT(2) 
PARAMETRIC_REPRESENTATION_CONTEXT() REPRESENTATION_CONTEXT('2D SPACE',''
  ) );
#1750 = ORIENTED_EDGE('',*,*,#1751,.F.);
#1751 = EDGE_CURVE('',#1066,#1724,#1752,.T.);
#1752 = SURFACE_CURVE('',#1753,(#1757,#1764),.PCURVE_S1.);
#1753 = LINE('',#1754,#1755);
#1754 = CARTESIAN_POINT('',(5.5,9.185,2.9));
#1755 = VECTOR('',#1756,1.);
#1756 = DIRECTION('',(0.,1.,0.));
#1757 = PCURVE('',#178,#1758);
#1758 = DEFINITIONAL_REPRESENTATION('',(#1759),#1763);
#1759 = LINE('',#1760,#1761);
#1760 = CARTESIAN_POINT('',(0.,0.));
#1761 = VECTOR('',#1762,1.);
#1762 = DIRECTION('',(1.,0.));
#1763 = ( GEOMETRIC_REPRESENTATION_CONTEXT(2) 
PARAMETRIC_REPRESENTATION_CONTEXT() REPRESENTATION_CONTEXT('2D SPACE',''
  ) );
#1764 = PCURVE('',#1501,#1765);
#1765 = DEFINITIONAL_REPRESENTATION('',(#1766),#1770);
#1766 = LINE('',#1767,#1768);
#1767 = CARTESIAN_POINT('',(5.5,-0.8825));
#1768 = VECTOR('',#1769,1.);
#1769 = DIRECTION('',(0.,1.));
#1770 = ( GEOMETRIC_REPRESENTATION_CONTEXT(2) 
PARAMETRIC_REPRESENTATION_CONTEXT() REPRESENTATION_CONTEXT('2D SPACE',''
  ) );
#1771 = ORIENTED_EDGE('',*,*,#1088,.F.);
#1772 = ADVANCED_FACE('',(#1773),#391,.T.);
#1773 = FACE_BOUND('',#1774,.T.);
#1774 = EDGE_LOOP('',(#1775,#1776,#1777,#1804));
#1775 = ORIENTED_EDGE('',*,*,#461,.F.);
#1776 = ORIENTED_EDGE('',*,*,#376,.T.);
#1777 = ORIENTED_EDGE('',*,*,#1778,.T.);
#1778 = EDGE_CURVE('',#349,#1779,#1781,.T.);
#1779 = VERTEX_POINT('',#1780);
#1780 = CARTESIAN_POINT('',(-8.885,7.185,7.16));
#1781 = SURFACE_CURVE('',#1782,(#1787,#1793),.PCURVE_S1.);
#1782 = CIRCLE('',#1783,0.3);
#1783 = AXIS2_PLACEMENT_3D('',#1784,#1785,#1786);
#1784 = CARTESIAN_POINT('',(-8.885,7.185,6.86));
#1785 = DIRECTION('',(6.123233995737E-17,1.,-0.));
#1786 = DIRECTION('',(-1.,6.123233995737E-17,0.));
#1787 = PCURVE('',#391,#1788);
#1788 = DEFINITIONAL_REPRESENTATION('',(#1789),#1792);
#1789 = B_SPLINE_CURVE_WITH_KNOTS('',1,(#1790,#1791),.UNSPECIFIED.,.F.,
  .F.,(2,2),(0.,1.570796326795),.PIECEWISE_BEZIER_KNOTS.);
#1790 = CARTESIAN_POINT('',(1.570796326795,0.));
#1791 = CARTESIAN_POINT('',(1.570796326795,1.570796326795));
#1792 = ( GEOMETRIC_REPRESENTATION_CONTEXT(2) 
PARAMETRIC_REPRESENTATION_CONTEXT() REPRESENTATION_CONTEXT('2D SPACE',''
  ) );
#1793 = PCURVE('',#1794,#1799);
#1794 = CYLINDRICAL_SURFACE('',#1795,0.3);
#1795 = AXIS2_PLACEMENT_3D('',#1796,#1797,#1798);
#1796 = CARTESIAN_POINT('',(-8.885,7.185,6.86));
#1797 = DIRECTION('',(0.,-1.,0.));
#1798 = DIRECTION('',(-1.,-0.,0.));
#1799 = DEFINITIONAL_REPRESENTATION('',(#1800),#1803);
#1800 = B_SPLINE_CURVE_WITH_KNOTS('',1,(#1801,#1802),.UNSPECIFIED.,.F.,
  .F.,(2,2),(0.,1.570796326795),.PIECEWISE_BEZIER_KNOTS.);
#1801 = CARTESIAN_POINT('',(0.,0.));
#1802 = CARTESIAN_POINT('',(-1.570796326795,0.));
#1803 = ( GEOMETRIC_REPRESENTATION_CONTEXT(2) 
PARAMETRIC_REPRESENTATION_CONTEXT() REPRESENTATION_CONTEXT('2D SPACE',''
  ) );
#1804 = ORIENTED_EDGE('',*,*,#1805,.F.);
#1805 = EDGE_CURVE('',#434,#1779,#1806,.T.);
#1806 = SURFACE_CURVE('',#1807,(#1812,#1819),.PCURVE_S1.);
#1807 = CIRCLE('',#1808,1.7);
#1808 = AXIS2_PLACEMENT_3D('',#1809,#1810,#1811);
#1809 = CARTESIAN_POINT('',(-7.185,7.185,7.16));
#1810 = DIRECTION('',(0.,0.,1.));
#1811 = DIRECTION('',(0.,1.,-0.));
#1812 = PCURVE('',#391,#1813);
#1813 = DEFINITIONAL_REPRESENTATION('',(#1814),#1818);
#1814 = LINE('',#1815,#1816);
#1815 = CARTESIAN_POINT('',(0.,1.570796326795));
#1816 = VECTOR('',#1817,1.);
#1817 = DIRECTION('',(1.,0.));
#1818 = ( GEOMETRIC_REPRESENTATION_CONTEXT(2) 
PARAMETRIC_REPRESENTATION_CONTEXT() REPRESENTATION_CONTEXT('2D SPACE',''
  ) );
#1819 = PCURVE('',#449,#1820);
#1820 = DEFINITIONAL_REPRESENTATION('',(#1821),#1825);
#1821 = CIRCLE('',#1822,1.7);
#1822 = AXIS2_PLACEMENT_2D('',#1823,#1824);
#1823 = CARTESIAN_POINT('',(-7.185,7.185));
#1824 = DIRECTION('',(0.,1.));
#1825 = ( GEOMETRIC_REPRESENTATION_CONTEXT(2) 
PARAMETRIC_REPRESENTATION_CONTEXT() REPRESENTATION_CONTEXT('2D SPACE',''
  ) );
#1826 = ADVANCED_FACE('',(#1827),#364,.F.);
#1827 = FACE_BOUND('',#1828,.F.);
#1828 = EDGE_LOOP('',(#1829,#1830,#1853,#1874));
#1829 = ORIENTED_EDGE('',*,*,#348,.T.);
#1830 = ORIENTED_EDGE('',*,*,#1831,.T.);
#1831 = EDGE_CURVE('',#349,#1832,#1834,.T.);
#1832 = VERTEX_POINT('',#1833);
#1833 = CARTESIAN_POINT('',(-9.185,-7.185,6.86));
#1834 = SURFACE_CURVE('',#1835,(#1839,#1846),.PCURVE_S1.);
#1835 = LINE('',#1836,#1837);
#1836 = CARTESIAN_POINT('',(-9.185,7.185,6.86));
#1837 = VECTOR('',#1838,1.);
#1838 = DIRECTION('',(0.,-1.,0.));
#1839 = PCURVE('',#364,#1840);
#1840 = DEFINITIONAL_REPRESENTATION('',(#1841),#1845);
#1841 = LINE('',#1842,#1843);
#1842 = CARTESIAN_POINT('',(2.,-3.96));
#1843 = VECTOR('',#1844,1.);
#1844 = DIRECTION('',(1.,0.));
#1845 = ( GEOMETRIC_REPRESENTATION_CONTEXT(2) 
PARAMETRIC_REPRESENTATION_CONTEXT() REPRESENTATION_CONTEXT('2D SPACE',''
  ) );
#1846 = PCURVE('',#1794,#1847);
#1847 = DEFINITIONAL_REPRESENTATION('',(#1848),#1852);
#1848 = LINE('',#1849,#1850);
#1849 = CARTESIAN_POINT('',(-0.,0.));
#1850 = VECTOR('',#1851,1.);
#1851 = DIRECTION('',(-0.,1.));
#1852 = ( GEOMETRIC_REPRESENTATION_CONTEXT(2) 
PARAMETRIC_REPRESENTATION_CONTEXT() REPRESENTATION_CONTEXT('2D SPACE',''
  ) );
#1853 = ORIENTED_EDGE('',*,*,#1854,.F.);
#1854 = EDGE_CURVE('',#658,#1832,#1855,.T.);
#1855 = SURFACE_CURVE('',#1856,(#1860,#1867),.PCURVE_S1.);
#1856 = LINE('',#1857,#1858);
#1857 = CARTESIAN_POINT('',(-9.185,-7.185,2.9));
#1858 = VECTOR('',#1859,1.);
#1859 = DIRECTION('',(0.,0.,1.));
#1860 = PCURVE('',#364,#1861);
#1861 = DEFINITIONAL_REPRESENTATION('',(#1862),#1866);
#1862 = LINE('',#1863,#1864);
#1863 = CARTESIAN_POINT('',(16.37,0.));
#1864 = VECTOR('',#1865,1.);
#1865 = DIRECTION('',(0.,-1.));
#1866 = ( GEOMETRIC_REPRESENTATION_CONTEXT(2) 
PARAMETRIC_REPRESENTATION_CONTEXT() REPRESENTATION_CONTEXT('2D SPACE',''
  ) );
#1867 = PCURVE('',#536,#1868);
#1868 = DEFINITIONAL_REPRESENTATION('',(#1869),#1873);
#1869 = LINE('',#1870,#1871);
#1870 = CARTESIAN_POINT('',(-1.570796326795,0.));
#1871 = VECTOR('',#1872,1.);
#1872 = DIRECTION('',(-0.,1.));
#1873 = ( GEOMETRIC_REPRESENTATION_CONTEXT(2) 
PARAMETRIC_REPRESENTATION_CONTEXT() REPRESENTATION_CONTEXT('2D SPACE',''
  ) );
#1874 = ORIENTED_EDGE('',*,*,#685,.T.);
#1875 = ADVANCED_FACE('',(#1876),#312,.F.);
#1876 = FACE_BOUND('',#1877,.F.);
#1877 = EDGE_LOOP('',(#1878,#1908,#1936,#1964,#1997,#2018,#2019,#2040,
    #2066,#2089));
#1878 = ORIENTED_EDGE('',*,*,#1879,.F.);
#1879 = EDGE_CURVE('',#1880,#1882,#1884,.T.);
#1880 = VERTEX_POINT('',#1881);
#1881 = CARTESIAN_POINT('',(-8.385,-8.385,2.9));
#1882 = VERTEX_POINT('',#1883);
#1883 = CARTESIAN_POINT('',(6.934334953771,-8.385,2.9));
#1884 = SURFACE_CURVE('',#1885,(#1889,#1896),.PCURVE_S1.);
#1885 = LINE('',#1886,#1887);
#1886 = CARTESIAN_POINT('',(-8.385,-8.385,2.9));
#1887 = VECTOR('',#1888,1.);
#1888 = DIRECTION('',(1.,0.,0.));
#1889 = PCURVE('',#312,#1890);
#1890 = DEFINITIONAL_REPRESENTATION('',(#1891),#1895);
#1891 = LINE('',#1892,#1893);
#1892 = CARTESIAN_POINT('',(-8.385,-8.385));
#1893 = VECTOR('',#1894,1.);
#1894 = DIRECTION('',(1.,0.));
#1895 = ( GEOMETRIC_REPRESENTATION_CONTEXT(2) 
PARAMETRIC_REPRESENTATION_CONTEXT() REPRESENTATION_CONTEXT('2D SPACE',''
  ) );
#1896 = PCURVE('',#1897,#1902);
#1897 = PLANE('',#1898);
#1898 = AXIS2_PLACEMENT_3D('',#1899,#1900,#1901);
#1899 = CARTESIAN_POINT('',(-8.385,-8.385,2.9));
#1900 = DIRECTION('',(0.,1.,0.));
#1901 = DIRECTION('',(1.,0.,0.));
#1902 = DEFINITIONAL_REPRESENTATION('',(#1903),#1907);
#1903 = LINE('',#1904,#1905);
#1904 = CARTESIAN_POINT('',(0.,0.));
#1905 = VECTOR('',#1906,1.);
#1906 = DIRECTION('',(1.,0.));
#1907 = ( GEOMETRIC_REPRESENTATION_CONTEXT(2) 
PARAMETRIC_REPRESENTATION_CONTEXT() REPRESENTATION_CONTEXT('2D SPACE',''
  ) );
#1908 = ORIENTED_EDGE('',*,*,#1909,.F.);
#1909 = EDGE_CURVE('',#1910,#1880,#1912,.T.);
#1910 = VERTEX_POINT('',#1911);
#1911 = CARTESIAN_POINT('',(-8.385,8.385,2.9));
#1912 = SURFACE_CURVE('',#1913,(#1917,#1924),.PCURVE_S1.);
#1913 = LINE('',#1914,#1915);
#1914 = CARTESIAN_POINT('',(-8.385,8.385,2.9));
#1915 = VECTOR('',#1916,1.);
#1916 = DIRECTION('',(0.,-1.,0.));
#1917 = PCURVE('',#312,#1918);
#1918 = DEFINITIONAL_REPRESENTATION('',(#1919),#1923);
#1919 = LINE('',#1920,#1921);
#1920 = CARTESIAN_POINT('',(-8.385,8.385));
#1921 = VECTOR('',#1922,1.);
#1922 = DIRECTION('',(0.,-1.));
#1923 = ( GEOMETRIC_REPRESENTATION_CONTEXT(2) 
PARAMETRIC_REPRESENTATION_CONTEXT() REPRESENTATION_CONTEXT('2D SPACE',''
  ) );
#1924 = PCURVE('',#1925,#1930);
#1925 = PLANE('',#1926);
#1926 = AXIS2_PLACEMENT_3D('',#1927,#1928,#1929);
#1927 = CARTESIAN_POINT('',(-8.385,8.385,2.9));
#1928 = DIRECTION('',(1.,0.,-0.));
#1929 = DIRECTION('',(0.,-1.,0.));
#1930 = DEFINITIONAL_REPRESENTATION('',(#1931),#1935);
#1931 = LINE('',#1932,#1933);
#1932 = CARTESIAN_POINT('',(0.,0.));
#1933 = VECTOR('',#1934,1.);
#1934 = DIRECTION('',(1.,0.));
#1935 = ( GEOMETRIC_REPRESENTATION_CONTEXT(2) 
PARAMETRIC_REPRESENTATION_CONTEXT() REPRESENTATION_CONTEXT('2D SPACE',''
  ) );
#1936 = ORIENTED_EDGE('',*,*,#1937,.F.);
#1937 = EDGE_CURVE('',#1938,#1910,#1940,.T.);
#1938 = VERTEX_POINT('',#1939);
#1939 = CARTESIAN_POINT('',(6.934334953771,8.385,2.9));
#1940 = SURFACE_CURVE('',#1941,(#1945,#1952),.PCURVE_S1.);
#1941 = LINE('',#1942,#1943);
#1942 = CARTESIAN_POINT('',(8.385,8.385,2.9));
#1943 = VECTOR('',#1944,1.);
#1944 = DIRECTION('',(-1.,0.,0.));
#1945 = PCURVE('',#312,#1946);
#1946 = DEFINITIONAL_REPRESENTATION('',(#1947),#1951);
#1947 = LINE('',#1948,#1949);
#1948 = CARTESIAN_POINT('',(8.385,8.385));
#1949 = VECTOR('',#1950,1.);
#1950 = DIRECTION('',(-1.,0.));
#1951 = ( GEOMETRIC_REPRESENTATION_CONTEXT(2) 
PARAMETRIC_REPRESENTATION_CONTEXT() REPRESENTATION_CONTEXT('2D SPACE',''
  ) );
#1952 = PCURVE('',#1953,#1958);
#1953 = PLANE('',#1954);
#1954 = AXIS2_PLACEMENT_3D('',#1955,#1956,#1957);
#1955 = CARTESIAN_POINT('',(8.385,8.385,2.9));
#1956 = DIRECTION('',(0.,-1.,0.));
#1957 = DIRECTION('',(-1.,0.,0.));
#1958 = DEFINITIONAL_REPRESENTATION('',(#1959),#1963);
#1959 = LINE('',#1960,#1961);
#1960 = CARTESIAN_POINT('',(0.,-0.));
#1961 = VECTOR('',#1962,1.);
#1962 = DIRECTION('',(1.,0.));
#1963 = ( GEOMETRIC_REPRESENTATION_CONTEXT(2) 
PARAMETRIC_REPRESENTATION_CONTEXT() REPRESENTATION_CONTEXT('2D SPACE',''
  ) );
#1964 = ORIENTED_EDGE('',*,*,#1965,.T.);
#1965 = EDGE_CURVE('',#1938,#1966,#1968,.T.);
#1966 = VERTEX_POINT('',#1967);
#1967 = CARTESIAN_POINT('',(7.273501361163,8.97,2.9));
#1968 = SURFACE_CURVE('',#1969,(#1974,#1985),.PCURVE_S1.);
#1969 = CIRCLE('',#1970,1.2);
#1970 = AXIS2_PLACEMENT_3D('',#1971,#1972,#1973);
#1971 = CARTESIAN_POINT('',(8.1,8.1,2.9));
#1972 = DIRECTION('',(0.,0.,-1.));
#1973 = DIRECTION('',(1.,0.,0.));
#1974 = PCURVE('',#312,#1975);
#1975 = DEFINITIONAL_REPRESENTATION('',(#1976),#1984);
#1976 = ( BOUNDED_CURVE() B_SPLINE_CURVE(2,(#1977,#1978,#1979,#1980,
#1981,#1982,#1983),.UNSPECIFIED.,.T.,.F.) B_SPLINE_CURVE_WITH_KNOTS((1,2
    ,2,2,2,1),(-2.094395102393,0.,2.094395102393,4.188790204786,
6.28318530718,8.377580409573),.UNSPECIFIED.) CURVE() 
GEOMETRIC_REPRESENTATION_ITEM() RATIONAL_B_SPLINE_CURVE((1.,0.5,1.,0.5,
1.,0.5,1.)) REPRESENTATION_ITEM('') );
#1977 = CARTESIAN_POINT('',(9.3,8.1));
#1978 = CARTESIAN_POINT('',(9.3,6.021539030917));
#1979 = CARTESIAN_POINT('',(7.5,7.060769515459));
#1980 = CARTESIAN_POINT('',(5.7,8.1));
#1981 = CARTESIAN_POINT('',(7.5,9.139230484541));
#1982 = CARTESIAN_POINT('',(9.3,10.178460969083));
#1983 = CARTESIAN_POINT('',(9.3,8.1));
#1984 = ( GEOMETRIC_REPRESENTATION_CONTEXT(2) 
PARAMETRIC_REPRESENTATION_CONTEXT() REPRESENTATION_CONTEXT('2D SPACE',''
  ) );
#1985 = PCURVE('',#1986,#1991);
#1986 = CYLINDRICAL_SURFACE('',#1987,1.2);
#1987 = AXIS2_PLACEMENT_3D('',#1988,#1989,#1990);
#1988 = CARTESIAN_POINT('',(8.1,8.1,0.));
#1989 = DIRECTION('',(-0.,-0.,-1.));
#1990 = DIRECTION('',(1.,0.,0.));
#1991 = DEFINITIONAL_REPRESENTATION('',(#1992),#1996);
#1992 = LINE('',#1993,#1994);
#1993 = CARTESIAN_POINT('',(-6.28318530718,-2.9));
#1994 = VECTOR('',#1995,1.);
#1995 = DIRECTION('',(1.,-0.));
#1996 = ( GEOMETRIC_REPRESENTATION_CONTEXT(2) 
PARAMETRIC_REPRESENTATION_CONTEXT() REPRESENTATION_CONTEXT('2D SPACE',''
  ) );
#1997 = ORIENTED_EDGE('',*,*,#1998,.T.);
#1998 = EDGE_CURVE('',#1966,#272,#1999,.T.);
#1999 = SURFACE_CURVE('',#2000,(#2004,#2011),.PCURVE_S1.);
#2000 = LINE('',#2001,#2002);
#2001 = CARTESIAN_POINT('',(8.97,8.97,2.9));
#2002 = VECTOR('',#2003,1.);
#2003 = DIRECTION('',(-1.,0.,0.));
#2004 = PCURVE('',#312,#2005);
#2005 = DEFINITIONAL_REPRESENTATION('',(#2006),#2010);
#2006 = LINE('',#2007,#2008);
#2007 = CARTESIAN_POINT('',(8.97,8.97));
#2008 = VECTOR('',#2009,1.);
#2009 = DIRECTION('',(-1.,0.));
#2010 = ( GEOMETRIC_REPRESENTATION_CONTEXT(2) 
PARAMETRIC_REPRESENTATION_CONTEXT() REPRESENTATION_CONTEXT('2D SPACE',''
  ) );
#2011 = PCURVE('',#744,#2012);
#2012 = DEFINITIONAL_REPRESENTATION('',(#2013),#2017);
#2013 = LINE('',#2014,#2015);
#2014 = CARTESIAN_POINT('',(0.,-2.9));
#2015 = VECTOR('',#2016,1.);
#2016 = DIRECTION('',(1.,0.));
#2017 = ( GEOMETRIC_REPRESENTATION_CONTEXT(2) 
PARAMETRIC_REPRESENTATION_CONTEXT() REPRESENTATION_CONTEXT('2D SPACE',''
  ) );
#2018 = ORIENTED_EDGE('',*,*,#295,.T.);
#2019 = ORIENTED_EDGE('',*,*,#2020,.T.);
#2020 = EDGE_CURVE('',#296,#630,#2021,.T.);
#2021 = SURFACE_CURVE('',#2022,(#2026,#2033),.PCURVE_S1.);
#2022 = LINE('',#2023,#2024);
#2023 = CARTESIAN_POINT('',(-8.97,8.087094784377,2.9));
#2024 = VECTOR('',#2025,1.);
#2025 = DIRECTION('',(0.,-1.,2.745665913969E-17));
#2026 = PCURVE('',#312,#2027);
#2027 = DEFINITIONAL_REPRESENTATION('',(#2028),#2032);
#2028 = LINE('',#2029,#2030);
#2029 = CARTESIAN_POINT('',(-8.97,8.087094784377));
#2030 = VECTOR('',#2031,1.);
#2031 = DIRECTION('',(0.,-1.));
#2032 = ( GEOMETRIC_REPRESENTATION_CONTEXT(2) 
PARAMETRIC_REPRESENTATION_CONTEXT() REPRESENTATION_CONTEXT('2D SPACE',''
  ) );
#2033 = PCURVE('',#645,#2034);
#2034 = DEFINITIONAL_REPRESENTATION('',(#2035),#2039);
#2035 = LINE('',#2036,#2037);
#2036 = CARTESIAN_POINT('',(0.882905215623,-2.9));
#2037 = VECTOR('',#2038,1.);
#2038 = DIRECTION('',(1.,-2.745665913969E-17));
#2039 = ( GEOMETRIC_REPRESENTATION_CONTEXT(2) 
PARAMETRIC_REPRESENTATION_CONTEXT() REPRESENTATION_CONTEXT('2D SPACE',''
  ) );
#2040 = ORIENTED_EDGE('',*,*,#2041,.F.);
#2041 = EDGE_CURVE('',#516,#630,#2042,.T.);
#2042 = SURFACE_CURVE('',#2043,(#2048,#2059),.PCURVE_S1.);
#2043 = CIRCLE('',#2044,2.);
#2044 = AXIS2_PLACEMENT_3D('',#2045,#2046,#2047);
#2045 = CARTESIAN_POINT('',(-7.185,-7.185,2.9));
#2046 = DIRECTION('',(-8.787316513863E-16,4.440892098501E-16,-1.));
#2047 = DIRECTION('',(0.,-1.,-4.440892098501E-16));
#2048 = PCURVE('',#312,#2049);
#2049 = DEFINITIONAL_REPRESENTATION('',(#2050),#2058);
#2050 = ( BOUNDED_CURVE() B_SPLINE_CURVE(2,(#2051,#2052,#2053,#2054,
#2055,#2056,#2057),.UNSPECIFIED.,.T.,.F.) B_SPLINE_CURVE_WITH_KNOTS((1,2
    ,2,2,2,1),(-2.094395102393,0.,2.094395102393,4.188790204786,
6.28318530718,8.377580409573),.UNSPECIFIED.) CURVE() 
GEOMETRIC_REPRESENTATION_ITEM() RATIONAL_B_SPLINE_CURVE((1.,0.5,1.,0.5,
1.,0.5,1.)) REPRESENTATION_ITEM('') );
#2051 = CARTESIAN_POINT('',(-7.185,-9.185));
#2052 = CARTESIAN_POINT('',(-10.64910161513,-9.185));
#2053 = CARTESIAN_POINT('',(-8.917050807569,-6.185));
#2054 = CARTESIAN_POINT('',(-7.185,-3.185));
#2055 = CARTESIAN_POINT('',(-5.452949192431,-6.185));
#2056 = CARTESIAN_POINT('',(-3.720898384862,-9.185));
#2057 = CARTESIAN_POINT('',(-7.185,-9.185));
#2058 = ( GEOMETRIC_REPRESENTATION_CONTEXT(2) 
PARAMETRIC_REPRESENTATION_CONTEXT() REPRESENTATION_CONTEXT('2D SPACE',''
  ) );
#2059 = PCURVE('',#536,#2060);
#2060 = DEFINITIONAL_REPRESENTATION('',(#2061),#2065);
#2061 = LINE('',#2062,#2063);
#2062 = CARTESIAN_POINT('',(-0.,8.881784197001E-16));
#2063 = VECTOR('',#2064,1.);
#2064 = DIRECTION('',(-1.,0.));
#2065 = ( GEOMETRIC_REPRESENTATION_CONTEXT(2) 
PARAMETRIC_REPRESENTATION_CONTEXT() REPRESENTATION_CONTEXT('2D SPACE',''
  ) );
#2066 = ORIENTED_EDGE('',*,*,#2067,.T.);
#2067 = EDGE_CURVE('',#516,#2068,#2070,.T.);
#2068 = VERTEX_POINT('',#2069);
#2069 = CARTESIAN_POINT('',(7.273501361163,-8.97,2.9));
#2070 = SURFACE_CURVE('',#2071,(#2075,#2082),.PCURVE_S1.);
#2071 = LINE('',#2072,#2073);
#2072 = CARTESIAN_POINT('',(-8.087094784377,-8.97,2.9));
#2073 = VECTOR('',#2074,1.);
#2074 = DIRECTION('',(1.,0.,0.));
#2075 = PCURVE('',#312,#2076);
#2076 = DEFINITIONAL_REPRESENTATION('',(#2077),#2081);
#2077 = LINE('',#2078,#2079);
#2078 = CARTESIAN_POINT('',(-8.087094784377,-8.97));
#2079 = VECTOR('',#2080,1.);
#2080 = DIRECTION('',(1.,0.));
#2081 = ( GEOMETRIC_REPRESENTATION_CONTEXT(2) 
PARAMETRIC_REPRESENTATION_CONTEXT() REPRESENTATION_CONTEXT('2D SPACE',''
  ) );
#2082 = PCURVE('',#564,#2083);
#2083 = DEFINITIONAL_REPRESENTATION('',(#2084),#2088);
#2084 = LINE('',#2085,#2086);
#2085 = CARTESIAN_POINT('',(0.882905215623,-2.9));
#2086 = VECTOR('',#2087,1.);
#2087 = DIRECTION('',(1.,0.));
#2088 = ( GEOMETRIC_REPRESENTATION_CONTEXT(2) 
PARAMETRIC_REPRESENTATION_CONTEXT() REPRESENTATION_CONTEXT('2D SPACE',''
  ) );
#2089 = ORIENTED_EDGE('',*,*,#2090,.T.);
#2090 = EDGE_CURVE('',#2068,#1882,#2091,.T.);
#2091 = SURFACE_CURVE('',#2092,(#2097,#2108),.PCURVE_S1.);
#2092 = CIRCLE('',#2093,1.2);
#2093 = AXIS2_PLACEMENT_3D('',#2094,#2095,#2096);
#2094 = CARTESIAN_POINT('',(8.1,-8.1,2.9));
#2095 = DIRECTION('',(0.,0.,-1.));
#2096 = DIRECTION('',(1.,0.,0.));
#2097 = PCURVE('',#312,#2098);
#2098 = DEFINITIONAL_REPRESENTATION('',(#2099),#2107);
#2099 = ( BOUNDED_CURVE() B_SPLINE_CURVE(2,(#2100,#2101,#2102,#2103,
#2104,#2105,#2106),.UNSPECIFIED.,.T.,.F.) B_SPLINE_CURVE_WITH_KNOTS((1,2
    ,2,2,2,1),(-2.094395102393,0.,2.094395102393,4.188790204786,
6.28318530718,8.377580409573),.UNSPECIFIED.) CURVE() 
GEOMETRIC_REPRESENTATION_ITEM() RATIONAL_B_SPLINE_CURVE((1.,0.5,1.,0.5,
1.,0.5,1.)) REPRESENTATION_ITEM('') );
#2100 = CARTESIAN_POINT('',(9.3,-8.1));
#2101 = CARTESIAN_POINT('',(9.3,-10.17846096908));
#2102 = CARTESIAN_POINT('',(7.5,-9.139230484541));
#2103 = CARTESIAN_POINT('',(5.7,-8.1));
#2104 = CARTESIAN_POINT('',(7.5,-7.060769515459));
#2105 = CARTESIAN_POINT('',(9.3,-6.021539030917));
#2106 = CARTESIAN_POINT('',(9.3,-8.1));
#2107 = ( GEOMETRIC_REPRESENTATION_CONTEXT(2) 
PARAMETRIC_REPRESENTATION_CONTEXT() REPRESENTATION_CONTEXT('2D SPACE',''
  ) );
#2108 = PCURVE('',#2109,#2114);
#2109 = CYLINDRICAL_SURFACE('',#2110,1.2);
#2110 = AXIS2_PLACEMENT_3D('',#2111,#2112,#2113);
#2111 = CARTESIAN_POINT('',(8.1,-8.1,0.));
#2112 = DIRECTION('',(-0.,-0.,-1.));
#2113 = DIRECTION('',(1.,0.,0.));
#2114 = DEFINITIONAL_REPRESENTATION('',(#2115),#2119);
#2115 = LINE('',#2116,#2117);
#2116 = CARTESIAN_POINT('',(-6.28318530718,-2.9));
#2117 = VECTOR('',#2118,1.);
#2118 = DIRECTION('',(1.,-0.));
#2119 = ( GEOMETRIC_REPRESENTATION_CONTEXT(2) 
PARAMETRIC_REPRESENTATION_CONTEXT() REPRESENTATION_CONTEXT('2D SPACE',''
  ) );
#2120 = ADVANCED_FACE('',(#2121),#422,.T.);
#2121 = FACE_BOUND('',#2122,.T.);
#2122 = EDGE_LOOP('',(#2123,#2150,#2151,#2152));
#2123 = ORIENTED_EDGE('',*,*,#2124,.F.);
#2124 = EDGE_CURVE('',#1383,#2125,#2127,.T.);
#2125 = VERTEX_POINT('',#2126);
#2126 = CARTESIAN_POINT('',(8.885,7.185,7.16));
#2127 = SURFACE_CURVE('',#2128,(#2133,#2139),.PCURVE_S1.);
#2128 = CIRCLE('',#2129,0.3);
#2129 = AXIS2_PLACEMENT_3D('',#2130,#2131,#2132);
#2130 = CARTESIAN_POINT('',(8.885,7.185,6.86));
#2131 = DIRECTION('',(0.,-1.,-0.));
#2132 = DIRECTION('',(1.,0.,-0.));
#2133 = PCURVE('',#422,#2134);
#2134 = DEFINITIONAL_REPRESENTATION('',(#2135),#2138);
#2135 = B_SPLINE_CURVE_WITH_KNOTS('',1,(#2136,#2137),.UNSPECIFIED.,.F.,
  .F.,(2,2),(0.,1.570796326795),.PIECEWISE_BEZIER_KNOTS.);
#2136 = CARTESIAN_POINT('',(0.,0.));
#2137 = CARTESIAN_POINT('',(0.,1.570796326795));
#2138 = ( GEOMETRIC_REPRESENTATION_CONTEXT(2) 
PARAMETRIC_REPRESENTATION_CONTEXT() REPRESENTATION_CONTEXT('2D SPACE',''
  ) );
#2139 = PCURVE('',#2140,#2145);
#2140 = CYLINDRICAL_SURFACE('',#2141,0.3);
#2141 = AXIS2_PLACEMENT_3D('',#2142,#2143,#2144);
#2142 = CARTESIAN_POINT('',(8.885,-7.185,6.86));
#2143 = DIRECTION('',(0.,1.,0.));
#2144 = DIRECTION('',(1.,0.,-0.));
#2145 = DEFINITIONAL_REPRESENTATION('',(#2146),#2149);
#2146 = B_SPLINE_CURVE_WITH_KNOTS('',1,(#2147,#2148),.UNSPECIFIED.,.F.,
  .F.,(2,2),(0.,1.570796326795),.PIECEWISE_BEZIER_KNOTS.);
#2147 = CARTESIAN_POINT('',(0.,14.37));
#2148 = CARTESIAN_POINT('',(-1.570796326795,14.37));
#2149 = ( GEOMETRIC_REPRESENTATION_CONTEXT(2) 
PARAMETRIC_REPRESENTATION_CONTEXT() REPRESENTATION_CONTEXT('2D SPACE',''
  ) );
#2150 = ORIENTED_EDGE('',*,*,#1407,.T.);
#2151 = ORIENTED_EDGE('',*,*,#406,.T.);
#2152 = ORIENTED_EDGE('',*,*,#2153,.F.);
#2153 = EDGE_CURVE('',#2125,#407,#2154,.T.);
#2154 = SURFACE_CURVE('',#2155,(#2160,#2167),.PCURVE_S1.);
#2155 = CIRCLE('',#2156,1.7);
#2156 = AXIS2_PLACEMENT_3D('',#2157,#2158,#2159);
#2157 = CARTESIAN_POINT('',(7.185,7.185,7.16));
#2158 = DIRECTION('',(0.,0.,1.));
#2159 = DIRECTION('',(1.,0.,-0.));
#2160 = PCURVE('',#422,#2161);
#2161 = DEFINITIONAL_REPRESENTATION('',(#2162),#2166);
#2162 = LINE('',#2163,#2164);
#2163 = CARTESIAN_POINT('',(0.,1.570796326795));
#2164 = VECTOR('',#2165,1.);
#2165 = DIRECTION('',(1.,0.));
#2166 = ( GEOMETRIC_REPRESENTATION_CONTEXT(2) 
PARAMETRIC_REPRESENTATION_CONTEXT() REPRESENTATION_CONTEXT('2D SPACE',''
  ) );
#2167 = PCURVE('',#449,#2168);
#2168 = DEFINITIONAL_REPRESENTATION('',(#2169),#2173);
#2169 = CIRCLE('',#2170,1.7);
#2170 = AXIS2_PLACEMENT_2D('',#2171,#2172);
#2171 = CARTESIAN_POINT('',(7.185,7.185));
#2172 = DIRECTION('',(1.,0.));
#2173 = ( GEOMETRIC_REPRESENTATION_CONTEXT(2) 
PARAMETRIC_REPRESENTATION_CONTEXT() REPRESENTATION_CONTEXT('2D SPACE',''
  ) );
#2174 = ADVANCED_FACE('',(#2175,#2310),#449,.T.);
#2175 = FACE_BOUND('',#2176,.T.);
#2176 = EDGE_LOOP('',(#2177,#2207,#2236,#2257,#2258,#2259,#2260,#2283));
#2177 = ORIENTED_EDGE('',*,*,#2178,.T.);
#2178 = EDGE_CURVE('',#2179,#2181,#2183,.T.);
#2179 = VERTEX_POINT('',#2180);
#2180 = CARTESIAN_POINT('',(-7.185,-8.885,7.16));
#2181 = VERTEX_POINT('',#2182);
#2182 = CARTESIAN_POINT('',(7.185,-8.885,7.16));
#2183 = SURFACE_CURVE('',#2184,(#2188,#2195),.PCURVE_S1.);
#2184 = LINE('',#2185,#2186);
#2185 = CARTESIAN_POINT('',(-7.185,-8.885,7.16));
#2186 = VECTOR('',#2187,1.);
#2187 = DIRECTION('',(1.,0.,0.));
#2188 = PCURVE('',#449,#2189);
#2189 = DEFINITIONAL_REPRESENTATION('',(#2190),#2194);
#2190 = LINE('',#2191,#2192);
#2191 = CARTESIAN_POINT('',(-7.185,-8.885));
#2192 = VECTOR('',#2193,1.);
#2193 = DIRECTION('',(1.,0.));
#2194 = ( GEOMETRIC_REPRESENTATION_CONTEXT(2) 
PARAMETRIC_REPRESENTATION_CONTEXT() REPRESENTATION_CONTEXT('2D SPACE',''
  ) );
#2195 = PCURVE('',#2196,#2201);
#2196 = CYLINDRICAL_SURFACE('',#2197,0.3);
#2197 = AXIS2_PLACEMENT_3D('',#2198,#2199,#2200);
#2198 = CARTESIAN_POINT('',(-7.185,-8.885,6.86));
#2199 = DIRECTION('',(1.,0.,0.));
#2200 = DIRECTION('',(0.,-1.,-0.));
#2201 = DEFINITIONAL_REPRESENTATION('',(#2202),#2206);
#2202 = LINE('',#2203,#2204);
#2203 = CARTESIAN_POINT('',(-1.570796326795,0.));
#2204 = VECTOR('',#2205,1.);
#2205 = DIRECTION('',(-0.,1.));
#2206 = ( GEOMETRIC_REPRESENTATION_CONTEXT(2) 
PARAMETRIC_REPRESENTATION_CONTEXT() REPRESENTATION_CONTEXT('2D SPACE',''
  ) );
#2207 = ORIENTED_EDGE('',*,*,#2208,.T.);
#2208 = EDGE_CURVE('',#2181,#2209,#2211,.T.);
#2209 = VERTEX_POINT('',#2210);
#2210 = CARTESIAN_POINT('',(8.885,-7.185,7.16));
#2211 = SURFACE_CURVE('',#2212,(#2217,#2224),.PCURVE_S1.);
#2212 = CIRCLE('',#2213,1.7);
#2213 = AXIS2_PLACEMENT_3D('',#2214,#2215,#2216);
#2214 = CARTESIAN_POINT('',(7.185,-7.185,7.16));
#2215 = DIRECTION('',(0.,0.,1.));
#2216 = DIRECTION('',(0.,-1.,0.));
#2217 = PCURVE('',#449,#2218);
#2218 = DEFINITIONAL_REPRESENTATION('',(#2219),#2223);
#2219 = CIRCLE('',#2220,1.7);
#2220 = AXIS2_PLACEMENT_2D('',#2221,#2222);
#2221 = CARTESIAN_POINT('',(7.185,-7.185));
#2222 = DIRECTION('',(0.,-1.));
#2223 = ( GEOMETRIC_REPRESENTATION_CONTEXT(2) 
PARAMETRIC_REPRESENTATION_CONTEXT() REPRESENTATION_CONTEXT('2D SPACE',''
  ) );
#2224 = PCURVE('',#2225,#2230);
#2225 = TOROIDAL_SURFACE('',#2226,1.7,0.3);
#2226 = AXIS2_PLACEMENT_3D('',#2227,#2228,#2229);
#2227 = CARTESIAN_POINT('',(7.185,-7.185,6.86));
#2228 = DIRECTION('',(0.,0.,1.));
#2229 = DIRECTION('',(0.,-1.,0.));
#2230 = DEFINITIONAL_REPRESENTATION('',(#2231),#2235);
#2231 = LINE('',#2232,#2233);
#2232 = CARTESIAN_POINT('',(0.,1.570796326795));
#2233 = VECTOR('',#2234,1.);
#2234 = DIRECTION('',(1.,0.));
#2235 = ( GEOMETRIC_REPRESENTATION_CONTEXT(2) 
PARAMETRIC_REPRESENTATION_CONTEXT() REPRESENTATION_CONTEXT('2D SPACE',''
  ) );
#2236 = ORIENTED_EDGE('',*,*,#2237,.T.);
#2237 = EDGE_CURVE('',#2209,#2125,#2238,.T.);
#2238 = SURFACE_CURVE('',#2239,(#2243,#2250),.PCURVE_S1.);
#2239 = LINE('',#2240,#2241);
#2240 = CARTESIAN_POINT('',(8.885,-7.185,7.16));
#2241 = VECTOR('',#2242,1.);
#2242 = DIRECTION('',(0.,1.,0.));
#2243 = PCURVE('',#449,#2244);
#2244 = DEFINITIONAL_REPRESENTATION('',(#2245),#2249);
#2245 = LINE('',#2246,#2247);
#2246 = CARTESIAN_POINT('',(8.885,-7.185));
#2247 = VECTOR('',#2248,1.);
#2248 = DIRECTION('',(0.,1.));
#2249 = ( GEOMETRIC_REPRESENTATION_CONTEXT(2) 
PARAMETRIC_REPRESENTATION_CONTEXT() REPRESENTATION_CONTEXT('2D SPACE',''
  ) );
#2250 = PCURVE('',#2140,#2251);
#2251 = DEFINITIONAL_REPRESENTATION('',(#2252),#2256);
#2252 = LINE('',#2253,#2254);
#2253 = CARTESIAN_POINT('',(-1.570796326795,0.));
#2254 = VECTOR('',#2255,1.);
#2255 = DIRECTION('',(-0.,1.));
#2256 = ( GEOMETRIC_REPRESENTATION_CONTEXT(2) 
PARAMETRIC_REPRESENTATION_CONTEXT() REPRESENTATION_CONTEXT('2D SPACE',''
  ) );
#2257 = ORIENTED_EDGE('',*,*,#2153,.T.);
#2258 = ORIENTED_EDGE('',*,*,#433,.T.);
#2259 = ORIENTED_EDGE('',*,*,#1805,.T.);
#2260 = ORIENTED_EDGE('',*,*,#2261,.T.);
#2261 = EDGE_CURVE('',#1779,#2262,#2264,.T.);
#2262 = VERTEX_POINT('',#2263);
#2263 = CARTESIAN_POINT('',(-8.885,-7.185,7.16));
#2264 = SURFACE_CURVE('',#2265,(#2269,#2276),.PCURVE_S1.);
#2265 = LINE('',#2266,#2267);
#2266 = CARTESIAN_POINT('',(-8.885,7.185,7.16));
#2267 = VECTOR('',#2268,1.);
#2268 = DIRECTION('',(0.,-1.,0.));
#2269 = PCURVE('',#449,#2270);
#2270 = DEFINITIONAL_REPRESENTATION('',(#2271),#2275);
#2271 = LINE('',#2272,#2273);
#2272 = CARTESIAN_POINT('',(-8.885,7.185));
#2273 = VECTOR('',#2274,1.);
#2274 = DIRECTION('',(0.,-1.));
#2275 = ( GEOMETRIC_REPRESENTATION_CONTEXT(2) 
PARAMETRIC_REPRESENTATION_CONTEXT() REPRESENTATION_CONTEXT('2D SPACE',''
  ) );
#2276 = PCURVE('',#1794,#2277);
#2277 = DEFINITIONAL_REPRESENTATION('',(#2278),#2282);
#2278 = LINE('',#2279,#2280);
#2279 = CARTESIAN_POINT('',(-1.570796326795,0.));
#2280 = VECTOR('',#2281,1.);
#2281 = DIRECTION('',(-0.,1.));
#2282 = ( GEOMETRIC_REPRESENTATION_CONTEXT(2) 
PARAMETRIC_REPRESENTATION_CONTEXT() REPRESENTATION_CONTEXT('2D SPACE',''
  ) );
#2283 = ORIENTED_EDGE('',*,*,#2284,.T.);
#2284 = EDGE_CURVE('',#2262,#2179,#2285,.T.);
#2285 = SURFACE_CURVE('',#2286,(#2291,#2298),.PCURVE_S1.);
#2286 = CIRCLE('',#2287,1.7);
#2287 = AXIS2_PLACEMENT_3D('',#2288,#2289,#2290);
#2288 = CARTESIAN_POINT('',(-7.185,-7.185,7.16));
#2289 = DIRECTION('',(0.,0.,1.));
#2290 = DIRECTION('',(-1.,0.,0.));
#2291 = PCURVE('',#449,#2292);
#2292 = DEFINITIONAL_REPRESENTATION('',(#2293),#2297);
#2293 = CIRCLE('',#2294,1.7);
#2294 = AXIS2_PLACEMENT_2D('',#2295,#2296);
#2295 = CARTESIAN_POINT('',(-7.185,-7.185));
#2296 = DIRECTION('',(-1.,0.));
#2297 = ( GEOMETRIC_REPRESENTATION_CONTEXT(2) 
PARAMETRIC_REPRESENTATION_CONTEXT() REPRESENTATION_CONTEXT('2D SPACE',''
  ) );
#2298 = PCURVE('',#2299,#2304);
#2299 = TOROIDAL_SURFACE('',#2300,1.7,0.3);
#2300 = AXIS2_PLACEMENT_3D('',#2301,#2302,#2303);
#2301 = CARTESIAN_POINT('',(-7.185,-7.185,6.86));
#2302 = DIRECTION('',(0.,0.,1.));
#2303 = DIRECTION('',(-1.,0.,0.));
#2304 = DEFINITIONAL_REPRESENTATION('',(#2305),#2309);
#2305 = LINE('',#2306,#2307);
#2306 = CARTESIAN_POINT('',(0.,1.570796326795));
#2307 = VECTOR('',#2308,1.);
#2308 = DIRECTION('',(1.,0.));
#2309 = ( GEOMETRIC_REPRESENTATION_CONTEXT(2) 
PARAMETRIC_REPRESENTATION_CONTEXT() REPRESENTATION_CONTEXT('2D SPACE',''
  ) );
#2310 = FACE_BOUND('',#2311,.T.);
#2311 = EDGE_LOOP('',(#2312));
#2312 = ORIENTED_EDGE('',*,*,#2313,.T.);
#2313 = EDGE_CURVE('',#2314,#2314,#2316,.T.);
#2314 = VERTEX_POINT('',#2315);
#2315 = CARTESIAN_POINT('',(7.8,0.,7.16));
#2316 = SURFACE_CURVE('',#2317,(#2322,#2333),.PCURVE_S1.);
#2317 = CIRCLE('',#2318,7.8);
#2318 = AXIS2_PLACEMENT_3D('',#2319,#2320,#2321);
#2319 = CARTESIAN_POINT('',(0.,0.,7.16));
#2320 = DIRECTION('',(0.,0.,-1.));
#2321 = DIRECTION('',(1.,0.,0.));
#2322 = PCURVE('',#449,#2323);
#2323 = DEFINITIONAL_REPRESENTATION('',(#2324),#2332);
#2324 = ( BOUNDED_CURVE() B_SPLINE_CURVE(2,(#2325,#2326,#2327,#2328,
#2329,#2330,#2331),.UNSPECIFIED.,.T.,.F.) B_SPLINE_CURVE_WITH_KNOTS((1,2
    ,2,2,2,1),(-2.094395102393,0.,2.094395102393,4.188790204786,
6.28318530718,8.377580409573),.UNSPECIFIED.) CURVE() 
GEOMETRIC_REPRESENTATION_ITEM() RATIONAL_B_SPLINE_CURVE((1.,0.5,1.,0.5,
1.,0.5,1.)) REPRESENTATION_ITEM('') );
#2325 = CARTESIAN_POINT('',(7.8,0.));
#2326 = CARTESIAN_POINT('',(7.8,-13.50999629903));
#2327 = CARTESIAN_POINT('',(-3.9,-6.754998149519));
#2328 = CARTESIAN_POINT('',(-15.6,-1.91044900667E-15));
#2329 = CARTESIAN_POINT('',(-3.9,6.754998149519));
#2330 = CARTESIAN_POINT('',(7.8,13.509996299037));
#2331 = CARTESIAN_POINT('',(7.8,0.));
#2332 = ( GEOMETRIC_REPRESENTATION_CONTEXT(2) 
PARAMETRIC_REPRESENTATION_CONTEXT() REPRESENTATION_CONTEXT('2D SPACE',''
  ) );
#2333 = PCURVE('',#2334,#2339);
#2334 = CYLINDRICAL_SURFACE('',#2335,7.8);
#2335 = AXIS2_PLACEMENT_3D('',#2336,#2337,#2338);
#2336 = CARTESIAN_POINT('',(0.,0.,-12.70956900117));
#2337 = DIRECTION('',(-0.,-0.,-1.));
#2338 = DIRECTION('',(1.,0.,0.));
#2339 = DEFINITIONAL_REPRESENTATION('',(#2340),#2344);
#2340 = LINE('',#2341,#2342);
#2341 = CARTESIAN_POINT('',(-6.28318530718,-19.86956900117));
#2342 = VECTOR('',#2343,1.);
#2343 = DIRECTION('',(1.,-0.));
#2344 = ( GEOMETRIC_REPRESENTATION_CONTEXT(2) 
PARAMETRIC_REPRESENTATION_CONTEXT() REPRESENTATION_CONTEXT('2D SPACE',''
  ) );
#2345 = ADVANCED_FACE('',(#2346),#503,.F.);
#2346 = FACE_BOUND('',#2347,.F.);
#2347 = EDGE_LOOP('',(#2348,#2371,#2394,#2415));
#2348 = ORIENTED_EDGE('',*,*,#2349,.T.);
#2349 = EDGE_CURVE('',#488,#2350,#2352,.T.);
#2350 = VERTEX_POINT('',#2351);
#2351 = CARTESIAN_POINT('',(-7.185,-9.185,6.86));
#2352 = SURFACE_CURVE('',#2353,(#2357,#2364),.PCURVE_S1.);
#2353 = LINE('',#2354,#2355);
#2354 = CARTESIAN_POINT('',(-7.185,-9.185,2.9));
#2355 = VECTOR('',#2356,1.);
#2356 = DIRECTION('',(0.,0.,1.));
#2357 = PCURVE('',#503,#2358);
#2358 = DEFINITIONAL_REPRESENTATION('',(#2359),#2363);
#2359 = LINE('',#2360,#2361);
#2360 = CARTESIAN_POINT('',(2.,0.));
#2361 = VECTOR('',#2362,1.);
#2362 = DIRECTION('',(0.,-1.));
#2363 = ( GEOMETRIC_REPRESENTATION_CONTEXT(2) 
PARAMETRIC_REPRESENTATION_CONTEXT() REPRESENTATION_CONTEXT('2D SPACE',''
  ) );
#2364 = PCURVE('',#536,#2365);
#2365 = DEFINITIONAL_REPRESENTATION('',(#2366),#2370);
#2366 = LINE('',#2367,#2368);
#2367 = CARTESIAN_POINT('',(-0.,0.));
#2368 = VECTOR('',#2369,1.);
#2369 = DIRECTION('',(-0.,1.));
#2370 = ( GEOMETRIC_REPRESENTATION_CONTEXT(2) 
PARAMETRIC_REPRESENTATION_CONTEXT() REPRESENTATION_CONTEXT('2D SPACE',''
  ) );
#2371 = ORIENTED_EDGE('',*,*,#2372,.T.);
#2372 = EDGE_CURVE('',#2350,#2373,#2375,.T.);
#2373 = VERTEX_POINT('',#2374);
#2374 = CARTESIAN_POINT('',(7.185,-9.185,6.86));
#2375 = SURFACE_CURVE('',#2376,(#2380,#2387),.PCURVE_S1.);
#2376 = LINE('',#2377,#2378);
#2377 = CARTESIAN_POINT('',(-7.185,-9.185,6.86));
#2378 = VECTOR('',#2379,1.);
#2379 = DIRECTION('',(1.,0.,0.));
#2380 = PCURVE('',#503,#2381);
#2381 = DEFINITIONAL_REPRESENTATION('',(#2382),#2386);
#2382 = LINE('',#2383,#2384);
#2383 = CARTESIAN_POINT('',(2.,-3.96));
#2384 = VECTOR('',#2385,1.);
#2385 = DIRECTION('',(1.,0.));
#2386 = ( GEOMETRIC_REPRESENTATION_CONTEXT(2) 
PARAMETRIC_REPRESENTATION_CONTEXT() REPRESENTATION_CONTEXT('2D SPACE',''
  ) );
#2387 = PCURVE('',#2196,#2388);
#2388 = DEFINITIONAL_REPRESENTATION('',(#2389),#2393);
#2389 = LINE('',#2390,#2391);
#2390 = CARTESIAN_POINT('',(-0.,0.));
#2391 = VECTOR('',#2392,1.);
#2392 = DIRECTION('',(-0.,1.));
#2393 = ( GEOMETRIC_REPRESENTATION_CONTEXT(2) 
PARAMETRIC_REPRESENTATION_CONTEXT() REPRESENTATION_CONTEXT('2D SPACE',''
  ) );
#2394 = ORIENTED_EDGE('',*,*,#2395,.F.);
#2395 = EDGE_CURVE('',#486,#2373,#2396,.T.);
#2396 = SURFACE_CURVE('',#2397,(#2401,#2408),.PCURVE_S1.);
#2397 = LINE('',#2398,#2399);
#2398 = CARTESIAN_POINT('',(7.185,-9.185,2.9));
#2399 = VECTOR('',#2400,1.);
#2400 = DIRECTION('',(0.,0.,1.));
#2401 = PCURVE('',#503,#2402);
#2402 = DEFINITIONAL_REPRESENTATION('',(#2403),#2407);
#2403 = LINE('',#2404,#2405);
#2404 = CARTESIAN_POINT('',(16.37,0.));
#2405 = VECTOR('',#2406,1.);
#2406 = DIRECTION('',(0.,-1.));
#2407 = ( GEOMETRIC_REPRESENTATION_CONTEXT(2) 
PARAMETRIC_REPRESENTATION_CONTEXT() REPRESENTATION_CONTEXT('2D SPACE',''
  ) );
#2408 = PCURVE('',#1185,#2409);
#2409 = DEFINITIONAL_REPRESENTATION('',(#2410),#2414);
#2410 = LINE('',#2411,#2412);
#2411 = CARTESIAN_POINT('',(0.,0.));
#2412 = VECTOR('',#2413,1.);
#2413 = DIRECTION('',(0.,1.));
#2414 = ( GEOMETRIC_REPRESENTATION_CONTEXT(2) 
PARAMETRIC_REPRESENTATION_CONTEXT() REPRESENTATION_CONTEXT('2D SPACE',''
  ) );
#2415 = ORIENTED_EDGE('',*,*,#485,.T.);
#2416 = ADVANCED_FACE('',(#2417),#536,.T.);
#2417 = FACE_BOUND('',#2418,.F.);
#2418 = EDGE_LOOP('',(#2419,#2420,#2442,#2443,#2444,#2445));
#2419 = ORIENTED_EDGE('',*,*,#1854,.T.);
#2420 = ORIENTED_EDGE('',*,*,#2421,.T.);
#2421 = EDGE_CURVE('',#1832,#2350,#2422,.T.);
#2422 = SURFACE_CURVE('',#2423,(#2428,#2435),.PCURVE_S1.);
#2423 = CIRCLE('',#2424,2.);
#2424 = AXIS2_PLACEMENT_3D('',#2425,#2426,#2427);
#2425 = CARTESIAN_POINT('',(-7.185,-7.185,6.86));
#2426 = DIRECTION('',(0.,0.,1.));
#2427 = DIRECTION('',(-1.,0.,0.));
#2428 = PCURVE('',#536,#2429);
#2429 = DEFINITIONAL_REPRESENTATION('',(#2430),#2434);
#2430 = LINE('',#2431,#2432);
#2431 = CARTESIAN_POINT('',(-1.570796326795,3.96));
#2432 = VECTOR('',#2433,1.);
#2433 = DIRECTION('',(1.,-0.));
#2434 = ( GEOMETRIC_REPRESENTATION_CONTEXT(2) 
PARAMETRIC_REPRESENTATION_CONTEXT() REPRESENTATION_CONTEXT('2D SPACE',''
  ) );
#2435 = PCURVE('',#2299,#2436);
#2436 = DEFINITIONAL_REPRESENTATION('',(#2437),#2441);
#2437 = LINE('',#2438,#2439);
#2438 = CARTESIAN_POINT('',(0.,0.));
#2439 = VECTOR('',#2440,1.);
#2440 = DIRECTION('',(1.,0.));
#2441 = ( GEOMETRIC_REPRESENTATION_CONTEXT(2) 
PARAMETRIC_REPRESENTATION_CONTEXT() REPRESENTATION_CONTEXT('2D SPACE',''
  ) );
#2442 = ORIENTED_EDGE('',*,*,#2349,.F.);
#2443 = ORIENTED_EDGE('',*,*,#515,.T.);
#2444 = ORIENTED_EDGE('',*,*,#2041,.T.);
#2445 = ORIENTED_EDGE('',*,*,#657,.T.);
#2446 = ADVANCED_FACE('',(#2447),#564,.T.);
#2447 = FACE_BOUND('',#2448,.T.);
#2448 = EDGE_LOOP('',(#2449,#2479,#2502,#2527,#2528,#2529));
#2449 = ORIENTED_EDGE('',*,*,#2450,.F.);
#2450 = EDGE_CURVE('',#2451,#2453,#2455,.T.);
#2451 = VERTEX_POINT('',#2452);
#2452 = CARTESIAN_POINT('',(-8.97,-8.97,0.));
#2453 = VERTEX_POINT('',#2454);
#2454 = CARTESIAN_POINT('',(7.273501361163,-8.97,0.));
#2455 = SURFACE_CURVE('',#2456,(#2460,#2467),.PCURVE_S1.);
#2456 = LINE('',#2457,#2458);
#2457 = CARTESIAN_POINT('',(-8.97,-8.97,0.));
#2458 = VECTOR('',#2459,1.);
#2459 = DIRECTION('',(1.,0.,0.));
#2460 = PCURVE('',#564,#2461);
#2461 = DEFINITIONAL_REPRESENTATION('',(#2462),#2466);
#2462 = LINE('',#2463,#2464);
#2463 = CARTESIAN_POINT('',(0.,0.));
#2464 = VECTOR('',#2465,1.);
#2465 = DIRECTION('',(1.,0.));
#2466 = ( GEOMETRIC_REPRESENTATION_CONTEXT(2) 
PARAMETRIC_REPRESENTATION_CONTEXT() REPRESENTATION_CONTEXT('2D SPACE',''
  ) );
#2467 = PCURVE('',#2468,#2473);
#2468 = PLANE('',#2469);
#2469 = AXIS2_PLACEMENT_3D('',#2470,#2471,#2472);
#2470 = CARTESIAN_POINT('',(-3.636349722416E-16,3.636349722416E-16,0.));
#2471 = DIRECTION('',(0.,0.,1.));
#2472 = DIRECTION('',(1.,0.,-0.));
#2473 = DEFINITIONAL_REPRESENTATION('',(#2474),#2478);
#2474 = LINE('',#2475,#2476);
#2475 = CARTESIAN_POINT('',(-8.97,-8.97));
#2476 = VECTOR('',#2477,1.);
#2477 = DIRECTION('',(1.,0.));
#2478 = ( GEOMETRIC_REPRESENTATION_CONTEXT(2) 
PARAMETRIC_REPRESENTATION_CONTEXT() REPRESENTATION_CONTEXT('2D SPACE',''
  ) );
#2479 = ORIENTED_EDGE('',*,*,#2480,.T.);
#2480 = EDGE_CURVE('',#2451,#2481,#2483,.T.);
#2481 = VERTEX_POINT('',#2482);
#2482 = CARTESIAN_POINT('',(-8.97,-8.97,2.602785027492));
#2483 = SURFACE_CURVE('',#2484,(#2488,#2495),.PCURVE_S1.);
#2484 = LINE('',#2485,#2486);
#2485 = CARTESIAN_POINT('',(-8.97,-8.97,0.));
#2486 = VECTOR('',#2487,1.);
#2487 = DIRECTION('',(0.,0.,1.));
#2488 = PCURVE('',#564,#2489);
#2489 = DEFINITIONAL_REPRESENTATION('',(#2490),#2494);
#2490 = LINE('',#2491,#2492);
#2491 = CARTESIAN_POINT('',(0.,0.));
#2492 = VECTOR('',#2493,1.);
#2493 = DIRECTION('',(0.,-1.));
#2494 = ( GEOMETRIC_REPRESENTATION_CONTEXT(2) 
PARAMETRIC_REPRESENTATION_CONTEXT() REPRESENTATION_CONTEXT('2D SPACE',''
  ) );
#2495 = PCURVE('',#645,#2496);
#2496 = DEFINITIONAL_REPRESENTATION('',(#2497),#2501);
#2497 = LINE('',#2498,#2499);
#2498 = CARTESIAN_POINT('',(17.94,0.));
#2499 = VECTOR('',#2500,1.);
#2500 = DIRECTION('',(0.,-1.));
#2501 = ( GEOMETRIC_REPRESENTATION_CONTEXT(2) 
PARAMETRIC_REPRESENTATION_CONTEXT() REPRESENTATION_CONTEXT('2D SPACE',''
  ) );
#2502 = ORIENTED_EDGE('',*,*,#2503,.T.);
#2503 = EDGE_CURVE('',#2481,#549,#2504,.T.);
#2504 = SURFACE_CURVE('',#2505,(#2510,#2517),.PCURVE_S1.);
#2505 = HYPERBOLA('',#2506,0.81514211019,0.81514211019);
#2506 = AXIS2_PLACEMENT_3D('',#2507,#2508,#2509);
#2507 = CARTESIAN_POINT('',(-9.78514211019,-8.97,1.45));
#2508 = DIRECTION('',(0.,1.,0.));
#2509 = DIRECTION('',(0.,-0.,1.));
#2510 = PCURVE('',#564,#2511);
#2511 = DEFINITIONAL_REPRESENTATION('',(#2512),#2516);
#2512 = ( BOUNDED_CURVE() B_SPLINE_CURVE(2,(#2513,#2514,#2515),
.UNSPECIFIED.,.F.,.F.) B_SPLINE_CURVE_WITH_KNOTS((3,3),(0.661349847338,
1.17864464975),.PIECEWISE_BEZIER_KNOTS.) CURVE() 
GEOMETRIC_REPRESENTATION_ITEM() RATIONAL_B_SPLINE_CURVE((1.,
1.033636130669,1.)) REPRESENTATION_ITEM('') );
#2513 = CARTESIAN_POINT('',(-0.235881080779,-2.45));
#2514 = CARTESIAN_POINT('',(1.714888597003E-02,-2.596570399011));
#2515 = CARTESIAN_POINT('',(0.384042337756,-2.9));
#2516 = ( GEOMETRIC_REPRESENTATION_CONTEXT(2) 
PARAMETRIC_REPRESENTATION_CONTEXT() REPRESENTATION_CONTEXT('2D SPACE',''
  ) );
#2517 = PCURVE('',#593,#2518);
#2518 = DEFINITIONAL_REPRESENTATION('',(#2519),#2526);
#2519 = B_SPLINE_CURVE_WITH_KNOTS('',5,(#2520,#2521,#2522,#2523,#2524,
    #2525),.UNSPECIFIED.,.F.,.F.,(6,6),(0.661349847338,1.17864464975),
  .PIECEWISE_BEZIER_KNOTS.);
#2520 = CARTESIAN_POINT('',(0.95297448275,-4.440892098501E-16));
#2521 = CARTESIAN_POINT('',(0.868640727384,5.992974395086E-02));
#2522 = CARTESIAN_POINT('',(0.790624284475,0.133238505143));
#2523 = CARTESIAN_POINT('',(0.719546971105,0.221267098215));
#2524 = CARTESIAN_POINT('',(0.655164890257,0.325933623589));
#2525 = CARTESIAN_POINT('',(0.59700367966,0.45));
#2526 = ( GEOMETRIC_REPRESENTATION_CONTEXT(2) 
PARAMETRIC_REPRESENTATION_CONTEXT() REPRESENTATION_CONTEXT('2D SPACE',''
  ) );
#2527 = ORIENTED_EDGE('',*,*,#548,.T.);
#2528 = ORIENTED_EDGE('',*,*,#2067,.T.);
#2529 = ORIENTED_EDGE('',*,*,#2530,.T.);
#2530 = EDGE_CURVE('',#2068,#2453,#2531,.T.);
#2531 = SURFACE_CURVE('',#2532,(#2536,#2542),.PCURVE_S1.);
#2532 = LINE('',#2533,#2534);
#2533 = CARTESIAN_POINT('',(7.273501361163,-8.97,0.));
#2534 = VECTOR('',#2535,1.);
#2535 = DIRECTION('',(-0.,-0.,-1.));
#2536 = PCURVE('',#564,#2537);
#2537 = DEFINITIONAL_REPRESENTATION('',(#2538),#2541);
#2538 = B_SPLINE_CURVE_WITH_KNOTS('',1,(#2539,#2540),.UNSPECIFIED.,.F.,
  .F.,(2,2),(-3.19,6.E-07),.PIECEWISE_BEZIER_KNOTS.);
#2539 = CARTESIAN_POINT('',(16.243501361163,-3.19));
#2540 = CARTESIAN_POINT('',(16.243501361163,6.E-07));
#2541 = ( GEOMETRIC_REPRESENTATION_CONTEXT(2) 
PARAMETRIC_REPRESENTATION_CONTEXT() REPRESENTATION_CONTEXT('2D SPACE',''
  ) );
#2542 = PCURVE('',#2109,#2543);
#2543 = DEFINITIONAL_REPRESENTATION('',(#2544),#2547);
#2544 = B_SPLINE_CURVE_WITH_KNOTS('',1,(#2545,#2546),.UNSPECIFIED.,.F.,
  .F.,(2,2),(-3.19,6.E-07),.PIECEWISE_BEZIER_KNOTS.);
#2545 = CARTESIAN_POINT('',(-3.952627047877,-3.19));
#2546 = CARTESIAN_POINT('',(-3.952627047877,6.E-07));
#2547 = ( GEOMETRIC_REPRESENTATION_CONTEXT(2) 
PARAMETRIC_REPRESENTATION_CONTEXT() REPRESENTATION_CONTEXT('2D SPACE',''
  ) );
#2548 = ADVANCED_FACE('',(#2549),#593,.F.);
#2549 = FACE_BOUND('',#2550,.F.);
#2550 = EDGE_LOOP('',(#2551,#2574,#2575,#2600,#2601,#2602,#2603));
#2551 = ORIENTED_EDGE('',*,*,#2552,.T.);
#2552 = EDGE_CURVE('',#2553,#577,#2555,.T.);
#2553 = VERTEX_POINT('',#2554);
#2554 = CARTESIAN_POINT('',(-8.78514211019,-9.78514211019,2.45));
#2555 = SEAM_CURVE('',#2556,(#2560,#2567),.PCURVE_S1.);
#2556 = LINE('',#2557,#2558);
#2557 = CARTESIAN_POINT('',(-8.78514211019,-9.78514211019,2.45));
#2558 = VECTOR('',#2559,1.);
#2559 = DIRECTION('',(0.707106781187,-1.731912112471E-16,0.707106781187)
  );
#2560 = PCURVE('',#593,#2561);
#2561 = DEFINITIONAL_REPRESENTATION('',(#2562),#2566);
#2562 = LINE('',#2563,#2564);
#2563 = CARTESIAN_POINT('',(6.28318530718,-0.));
#2564 = VECTOR('',#2565,1.);
#2565 = DIRECTION('',(0.,1.));
#2566 = ( GEOMETRIC_REPRESENTATION_CONTEXT(2) 
PARAMETRIC_REPRESENTATION_CONTEXT() REPRESENTATION_CONTEXT('2D SPACE',''
  ) );
#2567 = PCURVE('',#593,#2568);
#2568 = DEFINITIONAL_REPRESENTATION('',(#2569),#2573);
#2569 = LINE('',#2570,#2571);
#2570 = CARTESIAN_POINT('',(0.,-0.));
#2571 = VECTOR('',#2572,1.);
#2572 = DIRECTION('',(0.,1.));
#2573 = ( GEOMETRIC_REPRESENTATION_CONTEXT(2) 
PARAMETRIC_REPRESENTATION_CONTEXT() REPRESENTATION_CONTEXT('2D SPACE',''
  ) );
#2574 = ORIENTED_EDGE('',*,*,#605,.F.);
#2575 = ORIENTED_EDGE('',*,*,#2576,.T.);
#2576 = EDGE_CURVE('',#606,#2481,#2577,.T.);
#2577 = SURFACE_CURVE('',#2578,(#2583,#2593),.PCURVE_S1.);
#2578 = HYPERBOLA('',#2579,0.81514211019,0.81514211019);
#2579 = AXIS2_PLACEMENT_3D('',#2580,#2581,#2582);
#2580 = CARTESIAN_POINT('',(-8.97,-9.78514211019,1.45));
#2581 = DIRECTION('',(1.,0.,-0.));
#2582 = DIRECTION('',(0.,0.,1.));
#2583 = PCURVE('',#593,#2584);
#2584 = DEFINITIONAL_REPRESENTATION('',(#2585),#2592);
#2585 = B_SPLINE_CURVE_WITH_KNOTS('',5,(#2586,#2587,#2588,#2589,#2590,
    #2591),.UNSPECIFIED.,.F.,.F.,(6,6),(-1.17864464975,-0.661349847338),
  .PIECEWISE_BEZIER_KNOTS.);
#2586 = CARTESIAN_POINT('',(0.973792647135,0.45));
#2587 = CARTESIAN_POINT('',(0.915631436538,0.325933623589));
#2588 = CARTESIAN_POINT('',(0.85124935569,0.221267098215));
#2589 = CARTESIAN_POINT('',(0.78017204232,0.133238505143));
#2590 = CARTESIAN_POINT('',(0.70215559941,5.992974395086E-02));
#2591 = CARTESIAN_POINT('',(0.617821844045,-4.440892098501E-16));
#2592 = ( GEOMETRIC_REPRESENTATION_CONTEXT(2) 
PARAMETRIC_REPRESENTATION_CONTEXT() REPRESENTATION_CONTEXT('2D SPACE',''
  ) );
#2593 = PCURVE('',#645,#2594);
#2594 = DEFINITIONAL_REPRESENTATION('',(#2595),#2599);
#2595 = ( BOUNDED_CURVE() B_SPLINE_CURVE(2,(#2596,#2597,#2598),
.UNSPECIFIED.,.F.,.F.) B_SPLINE_CURVE_WITH_KNOTS((3,3),(-1.17864464975,
-0.661349847338),.PIECEWISE_BEZIER_KNOTS.) CURVE() 
GEOMETRIC_REPRESENTATION_ITEM() RATIONAL_B_SPLINE_CURVE((1.,
1.033636130669,1.)) REPRESENTATION_ITEM('') );
#2596 = CARTESIAN_POINT('',(17.555957662244,-2.9));
#2597 = CARTESIAN_POINT('',(17.92285111403,-2.596570399011));
#2598 = CARTESIAN_POINT('',(18.175881080779,-2.45));
#2599 = ( GEOMETRIC_REPRESENTATION_CONTEXT(2) 
PARAMETRIC_REPRESENTATION_CONTEXT() REPRESENTATION_CONTEXT('2D SPACE',''
  ) );
#2600 = ORIENTED_EDGE('',*,*,#2503,.T.);
#2601 = ORIENTED_EDGE('',*,*,#576,.F.);
#2602 = ORIENTED_EDGE('',*,*,#2552,.F.);
#2603 = ORIENTED_EDGE('',*,*,#2604,.T.);
#2604 = EDGE_CURVE('',#2553,#2553,#2605,.T.);
#2605 = SURFACE_CURVE('',#2606,(#2611,#2618),.PCURVE_S1.);
#2606 = CIRCLE('',#2607,1.);
#2607 = AXIS2_PLACEMENT_3D('',#2608,#2609,#2610);
#2608 = CARTESIAN_POINT('',(-9.78514211019,-9.78514211019,2.45));
#2609 = DIRECTION('',(0.,0.,1.));
#2610 = DIRECTION('',(1.,0.,-0.));
#2611 = PCURVE('',#593,#2612);
#2612 = DEFINITIONAL_REPRESENTATION('',(#2613),#2617);
#2613 = LINE('',#2614,#2615);
#2614 = CARTESIAN_POINT('',(0.,0.));
#2615 = VECTOR('',#2616,1.);
#2616 = DIRECTION('',(1.,0.));
#2617 = ( GEOMETRIC_REPRESENTATION_CONTEXT(2) 
PARAMETRIC_REPRESENTATION_CONTEXT() REPRESENTATION_CONTEXT('2D SPACE',''
  ) );
#2618 = PCURVE('',#2619,#2624);
#2619 = CYLINDRICAL_SURFACE('',#2620,1.);
#2620 = AXIS2_PLACEMENT_3D('',#2621,#2622,#2623);
#2621 = CARTESIAN_POINT('',(-9.78514211019,-9.78514211019,-0.5));
#2622 = DIRECTION('',(-0.,-0.,-1.));
#2623 = DIRECTION('',(1.,0.,0.));
#2624 = DEFINITIONAL_REPRESENTATION('',(#2625),#2629);
#2625 = LINE('',#2626,#2627);
#2626 = CARTESIAN_POINT('',(-0.,-2.95));
#2627 = VECTOR('',#2628,1.);
#2628 = DIRECTION('',(-1.,0.));
#2629 = ( GEOMETRIC_REPRESENTATION_CONTEXT(2) 
PARAMETRIC_REPRESENTATION_CONTEXT() REPRESENTATION_CONTEXT('2D SPACE',''
  ) );
#2630 = ADVANCED_FACE('',(#2631),#645,.T.);
#2631 = FACE_BOUND('',#2632,.T.);
#2632 = EDGE_LOOP('',(#2633,#2656,#2677,#2678,#2679,#2680,#2681));
#2633 = ORIENTED_EDGE('',*,*,#2634,.F.);
#2634 = EDGE_CURVE('',#2635,#2451,#2637,.T.);
#2635 = VERTEX_POINT('',#2636);
#2636 = CARTESIAN_POINT('',(-8.97,8.97,0.));
#2637 = SURFACE_CURVE('',#2638,(#2642,#2649),.PCURVE_S1.);
#2638 = LINE('',#2639,#2640);
#2639 = CARTESIAN_POINT('',(-8.97,8.97,0.));
#2640 = VECTOR('',#2641,1.);
#2641 = DIRECTION('',(0.,-1.,0.));
#2642 = PCURVE('',#645,#2643);
#2643 = DEFINITIONAL_REPRESENTATION('',(#2644),#2648);
#2644 = LINE('',#2645,#2646);
#2645 = CARTESIAN_POINT('',(0.,0.));
#2646 = VECTOR('',#2647,1.);
#2647 = DIRECTION('',(1.,0.));
#2648 = ( GEOMETRIC_REPRESENTATION_CONTEXT(2) 
PARAMETRIC_REPRESENTATION_CONTEXT() REPRESENTATION_CONTEXT('2D SPACE',''
  ) );
#2649 = PCURVE('',#2468,#2650);
#2650 = DEFINITIONAL_REPRESENTATION('',(#2651),#2655);
#2651 = LINE('',#2652,#2653);
#2652 = CARTESIAN_POINT('',(-8.97,8.97));
#2653 = VECTOR('',#2654,1.);
#2654 = DIRECTION('',(0.,-1.));
#2655 = ( GEOMETRIC_REPRESENTATION_CONTEXT(2) 
PARAMETRIC_REPRESENTATION_CONTEXT() REPRESENTATION_CONTEXT('2D SPACE',''
  ) );
#2656 = ORIENTED_EDGE('',*,*,#2657,.T.);
#2657 = EDGE_CURVE('',#2635,#708,#2658,.T.);
#2658 = SURFACE_CURVE('',#2659,(#2663,#2670),.PCURVE_S1.);
#2659 = LINE('',#2660,#2661);
#2660 = CARTESIAN_POINT('',(-8.97,8.97,0.));
#2661 = VECTOR('',#2662,1.);
#2662 = DIRECTION('',(0.,0.,1.));
#2663 = PCURVE('',#645,#2664);
#2664 = DEFINITIONAL_REPRESENTATION('',(#2665),#2669);
#2665 = LINE('',#2666,#2667);
#2666 = CARTESIAN_POINT('',(0.,0.));
#2667 = VECTOR('',#2668,1.);
#2668 = DIRECTION('',(0.,-1.));
#2669 = ( GEOMETRIC_REPRESENTATION_CONTEXT(2) 
PARAMETRIC_REPRESENTATION_CONTEXT() REPRESENTATION_CONTEXT('2D SPACE',''
  ) );
#2670 = PCURVE('',#744,#2671);
#2671 = DEFINITIONAL_REPRESENTATION('',(#2672),#2676);
#2672 = LINE('',#2673,#2674);
#2673 = CARTESIAN_POINT('',(17.94,0.));
#2674 = VECTOR('',#2675,1.);
#2675 = DIRECTION('',(0.,-1.));
#2676 = ( GEOMETRIC_REPRESENTATION_CONTEXT(2) 
PARAMETRIC_REPRESENTATION_CONTEXT() REPRESENTATION_CONTEXT('2D SPACE',''
  ) );
#2677 = ORIENTED_EDGE('',*,*,#707,.T.);
#2678 = ORIENTED_EDGE('',*,*,#2020,.T.);
#2679 = ORIENTED_EDGE('',*,*,#629,.T.);
#2680 = ORIENTED_EDGE('',*,*,#2576,.T.);
#2681 = ORIENTED_EDGE('',*,*,#2480,.F.);
#2682 = ADVANCED_FACE('',(#2683),#744,.T.);
#2683 = FACE_BOUND('',#2684,.T.);
#2684 = EDGE_LOOP('',(#2685,#2708,#2727,#2728,#2729));
#2685 = ORIENTED_EDGE('',*,*,#2686,.F.);
#2686 = EDGE_CURVE('',#2687,#2635,#2689,.T.);
#2687 = VERTEX_POINT('',#2688);
#2688 = CARTESIAN_POINT('',(7.273501361163,8.97,0.));
#2689 = SURFACE_CURVE('',#2690,(#2694,#2701),.PCURVE_S1.);
#2690 = LINE('',#2691,#2692);
#2691 = CARTESIAN_POINT('',(8.97,8.97,0.));
#2692 = VECTOR('',#2693,1.);
#2693 = DIRECTION('',(-1.,0.,0.));
#2694 = PCURVE('',#744,#2695);
#2695 = DEFINITIONAL_REPRESENTATION('',(#2696),#2700);
#2696 = LINE('',#2697,#2698);
#2697 = CARTESIAN_POINT('',(0.,-0.));
#2698 = VECTOR('',#2699,1.);
#2699 = DIRECTION('',(1.,0.));
#2700 = ( GEOMETRIC_REPRESENTATION_CONTEXT(2) 
PARAMETRIC_REPRESENTATION_CONTEXT() REPRESENTATION_CONTEXT('2D SPACE',''
  ) );
#2701 = PCURVE('',#2468,#2702);
#2702 = DEFINITIONAL_REPRESENTATION('',(#2703),#2707);
#2703 = LINE('',#2704,#2705);
#2704 = CARTESIAN_POINT('',(8.97,8.97));
#2705 = VECTOR('',#2706,1.);
#2706 = DIRECTION('',(-1.,0.));
#2707 = ( GEOMETRIC_REPRESENTATION_CONTEXT(2) 
PARAMETRIC_REPRESENTATION_CONTEXT() REPRESENTATION_CONTEXT('2D SPACE',''
  ) );
#2708 = ORIENTED_EDGE('',*,*,#2709,.F.);
#2709 = EDGE_CURVE('',#1966,#2687,#2710,.T.);
#2710 = SURFACE_CURVE('',#2711,(#2715,#2721),.PCURVE_S1.);
#2711 = LINE('',#2712,#2713);
#2712 = CARTESIAN_POINT('',(7.273501361163,8.97,0.));
#2713 = VECTOR('',#2714,1.);
#2714 = DIRECTION('',(-0.,-0.,-1.));
#2715 = PCURVE('',#744,#2716);
#2716 = DEFINITIONAL_REPRESENTATION('',(#2717),#2720);
#2717 = B_SPLINE_CURVE_WITH_KNOTS('',1,(#2718,#2719),.UNSPECIFIED.,.F.,
  .F.,(2,2),(-3.19,6.E-07),.PIECEWISE_BEZIER_KNOTS.);
#2718 = CARTESIAN_POINT('',(1.696498638837,-3.19));
#2719 = CARTESIAN_POINT('',(1.696498638837,6.E-07));
#2720 = ( GEOMETRIC_REPRESENTATION_CONTEXT(2) 
PARAMETRIC_REPRESENTATION_CONTEXT() REPRESENTATION_CONTEXT('2D SPACE',''
  ) );
#2721 = PCURVE('',#1986,#2722);
#2722 = DEFINITIONAL_REPRESENTATION('',(#2723),#2726);
#2723 = B_SPLINE_CURVE_WITH_KNOTS('',1,(#2724,#2725),.UNSPECIFIED.,.F.,
  .F.,(2,2),(-3.19,6.E-07),.PIECEWISE_BEZIER_KNOTS.);
#2724 = CARTESIAN_POINT('',(-2.330558259302,-3.19));
#2725 = CARTESIAN_POINT('',(-2.330558259302,6.E-07));
#2726 = ( GEOMETRIC_REPRESENTATION_CONTEXT(2) 
PARAMETRIC_REPRESENTATION_CONTEXT() REPRESENTATION_CONTEXT('2D SPACE',''
  ) );
#2727 = ORIENTED_EDGE('',*,*,#1998,.T.);
#2728 = ORIENTED_EDGE('',*,*,#730,.T.);
#2729 = ORIENTED_EDGE('',*,*,#2657,.F.);
#2730 = ADVANCED_FACE('',(#2731),#797,.T.);
#2731 = FACE_BOUND('',#2732,.F.);
#2732 = EDGE_LOOP('',(#2733,#2755,#2756,#2777,#2778,#2800,#2821,#2844,
    #2867,#2888));
#2733 = ORIENTED_EDGE('',*,*,#2734,.T.);
#2734 = EDGE_CURVE('',#2735,#1037,#2737,.T.);
#2735 = VERTEX_POINT('',#2736);
#2736 = CARTESIAN_POINT('',(7.77,9.77,2.6));
#2737 = SURFACE_CURVE('',#2738,(#2743,#2749),.PCURVE_S1.);
#2738 = CIRCLE('',#2739,0.3);
#2739 = AXIS2_PLACEMENT_3D('',#2740,#2741,#2742);
#2740 = CARTESIAN_POINT('',(7.77,9.47,2.6));
#2741 = DIRECTION('',(1.,-6.123233995737E-17,0.));
#2742 = DIRECTION('',(6.123233995737E-17,1.,0.));
#2743 = PCURVE('',#797,#2744);
#2744 = DEFINITIONAL_REPRESENTATION('',(#2745),#2748);
#2745 = B_SPLINE_CURVE_WITH_KNOTS('',1,(#2746,#2747),.UNSPECIFIED.,.F.,
  .F.,(2,2),(0.,1.570796326795),.PIECEWISE_BEZIER_KNOTS.);
#2746 = CARTESIAN_POINT('',(0.,0.));
#2747 = CARTESIAN_POINT('',(-1.570796326795,0.));
#2748 = ( GEOMETRIC_REPRESENTATION_CONTEXT(2) 
PARAMETRIC_REPRESENTATION_CONTEXT() REPRESENTATION_CONTEXT('2D SPACE',''
  ) );
#2749 = PCURVE('',#1053,#2750);
#2750 = DEFINITIONAL_REPRESENTATION('',(#2751),#2754);
#2751 = B_SPLINE_CURVE_WITH_KNOTS('',1,(#2752,#2753),.UNSPECIFIED.,.F.,
  .F.,(2,2),(0.,1.570796326795),.PIECEWISE_BEZIER_KNOTS.);
#2752 = CARTESIAN_POINT('',(1.570796326795,0.));
#2753 = CARTESIAN_POINT('',(1.570796326795,1.570796326795));
#2754 = ( GEOMETRIC_REPRESENTATION_CONTEXT(2) 
PARAMETRIC_REPRESENTATION_CONTEXT() REPRESENTATION_CONTEXT('2D SPACE',''
  ) );
#2755 = ORIENTED_EDGE('',*,*,#1065,.T.);
#2756 = ORIENTED_EDGE('',*,*,#2757,.T.);
#2757 = EDGE_CURVE('',#1066,#759,#2758,.T.);
#2758 = SURFACE_CURVE('',#2759,(#2763,#2770),.PCURVE_S1.);
#2759 = LINE('',#2760,#2761);
#2760 = CARTESIAN_POINT('',(7.77,9.47,2.9));
#2761 = VECTOR('',#2762,1.);
#2762 = DIRECTION('',(-1.,0.,0.));
#2763 = PCURVE('',#797,#2764);
#2764 = DEFINITIONAL_REPRESENTATION('',(#2765),#2769);
#2765 = LINE('',#2766,#2767);
#2766 = CARTESIAN_POINT('',(-1.570796326795,0.));
#2767 = VECTOR('',#2768,1.);
#2768 = DIRECTION('',(-0.,1.));
#2769 = ( GEOMETRIC_REPRESENTATION_CONTEXT(2) 
PARAMETRIC_REPRESENTATION_CONTEXT() REPRESENTATION_CONTEXT('2D SPACE',''
  ) );
#2770 = PCURVE('',#1501,#2771);
#2771 = DEFINITIONAL_REPRESENTATION('',(#2772),#2776);
#2772 = LINE('',#2773,#2774);
#2773 = CARTESIAN_POINT('',(7.77,-0.5975));
#2774 = VECTOR('',#2775,1.);
#2775 = DIRECTION('',(-1.,0.));
#2776 = ( GEOMETRIC_REPRESENTATION_CONTEXT(2) 
PARAMETRIC_REPRESENTATION_CONTEXT() REPRESENTATION_CONTEXT('2D SPACE',''
  ) );
#2777 = ORIENTED_EDGE('',*,*,#781,.T.);
#2778 = ORIENTED_EDGE('',*,*,#2779,.F.);
#2779 = EDGE_CURVE('',#2780,#782,#2782,.T.);
#2780 = VERTEX_POINT('',#2781);
#2781 = CARTESIAN_POINT('',(-7.77,9.77,2.6));
#2782 = SURFACE_CURVE('',#2783,(#2788,#2794),.PCURVE_S1.);
#2783 = CIRCLE('',#2784,0.3);
#2784 = AXIS2_PLACEMENT_3D('',#2785,#2786,#2787);
#2785 = CARTESIAN_POINT('',(-7.77,9.47,2.6));
#2786 = DIRECTION('',(1.,0.,-0.));
#2787 = DIRECTION('',(0.,1.,0.));
#2788 = PCURVE('',#797,#2789);
#2789 = DEFINITIONAL_REPRESENTATION('',(#2790),#2793);
#2790 = B_SPLINE_CURVE_WITH_KNOTS('',1,(#2791,#2792),.UNSPECIFIED.,.F.,
  .F.,(2,2),(0.,1.570796326795),.PIECEWISE_BEZIER_KNOTS.);
#2791 = CARTESIAN_POINT('',(0.,15.54));
#2792 = CARTESIAN_POINT('',(-1.570796326795,15.54));
#2793 = ( GEOMETRIC_REPRESENTATION_CONTEXT(2) 
PARAMETRIC_REPRESENTATION_CONTEXT() REPRESENTATION_CONTEXT('2D SPACE',''
  ) );
#2794 = PCURVE('',#826,#2795);
#2795 = DEFINITIONAL_REPRESENTATION('',(#2796),#2799);
#2796 = B_SPLINE_CURVE_WITH_KNOTS('',1,(#2797,#2798),.UNSPECIFIED.,.F.,
  .F.,(2,2),(0.,1.570796326795),.PIECEWISE_BEZIER_KNOTS.);
#2797 = CARTESIAN_POINT('',(0.,0.));
#2798 = CARTESIAN_POINT('',(0.,1.570796326795));
#2799 = ( GEOMETRIC_REPRESENTATION_CONTEXT(2) 
PARAMETRIC_REPRESENTATION_CONTEXT() REPRESENTATION_CONTEXT('2D SPACE',''
  ) );
#2800 = ORIENTED_EDGE('',*,*,#2801,.F.);
#2801 = EDGE_CURVE('',#1514,#2780,#2802,.T.);
#2802 = SURFACE_CURVE('',#2803,(#2807,#2814),.PCURVE_S1.);
#2803 = LINE('',#2804,#2805);
#2804 = CARTESIAN_POINT('',(7.77,9.77,2.6));
#2805 = VECTOR('',#2806,1.);
#2806 = DIRECTION('',(-1.,0.,0.));
#2807 = PCURVE('',#797,#2808);
#2808 = DEFINITIONAL_REPRESENTATION('',(#2809),#2813);
#2809 = LINE('',#2810,#2811);
#2810 = CARTESIAN_POINT('',(-0.,0.));
#2811 = VECTOR('',#2812,1.);
#2812 = DIRECTION('',(-0.,1.));
#2813 = ( GEOMETRIC_REPRESENTATION_CONTEXT(2) 
PARAMETRIC_REPRESENTATION_CONTEXT() REPRESENTATION_CONTEXT('2D SPACE',''
  ) );
#2814 = PCURVE('',#1557,#2815);
#2815 = DEFINITIONAL_REPRESENTATION('',(#2816),#2820);
#2816 = LINE('',#2817,#2818);
#2817 = CARTESIAN_POINT('',(2.,-2.6));
#2818 = VECTOR('',#2819,1.);
#2819 = DIRECTION('',(1.,0.));
#2820 = ( GEOMETRIC_REPRESENTATION_CONTEXT(2) 
PARAMETRIC_REPRESENTATION_CONTEXT() REPRESENTATION_CONTEXT('2D SPACE',''
  ) );
#2821 = ORIENTED_EDGE('',*,*,#2822,.F.);
#2822 = EDGE_CURVE('',#2823,#1514,#2825,.T.);
#2823 = VERTEX_POINT('',#2824);
#2824 = CARTESIAN_POINT('',(-4.4,9.77,2.6));
#2825 = SURFACE_CURVE('',#2826,(#2830,#2837),.PCURVE_S1.);
#2826 = LINE('',#2827,#2828);
#2827 = CARTESIAN_POINT('',(7.77,9.77,2.6));
#2828 = VECTOR('',#2829,1.);
#2829 = DIRECTION('',(-1.,0.,0.));
#2830 = PCURVE('',#797,#2831);
#2831 = DEFINITIONAL_REPRESENTATION('',(#2832),#2836);
#2832 = LINE('',#2833,#2834);
#2833 = CARTESIAN_POINT('',(-0.,0.));
#2834 = VECTOR('',#2835,1.);
#2835 = DIRECTION('',(-0.,1.));
#2836 = ( GEOMETRIC_REPRESENTATION_CONTEXT(2) 
PARAMETRIC_REPRESENTATION_CONTEXT() REPRESENTATION_CONTEXT('2D SPACE',''
  ) );
#2837 = PCURVE('',#1529,#2838);
#2838 = DEFINITIONAL_REPRESENTATION('',(#2839),#2843);
#2839 = LINE('',#2840,#2841);
#2840 = CARTESIAN_POINT('',(0.96,-13.27));
#2841 = VECTOR('',#2842,1.);
#2842 = DIRECTION('',(0.,1.));
#2843 = ( GEOMETRIC_REPRESENTATION_CONTEXT(2) 
PARAMETRIC_REPRESENTATION_CONTEXT() REPRESENTATION_CONTEXT('2D SPACE',''
  ) );
#2844 = ORIENTED_EDGE('',*,*,#2845,.F.);
#2845 = EDGE_CURVE('',#2846,#2823,#2848,.T.);
#2846 = VERTEX_POINT('',#2847);
#2847 = CARTESIAN_POINT('',(4.4,9.77,2.6));
#2848 = SURFACE_CURVE('',#2849,(#2853,#2860),.PCURVE_S1.);
#2849 = LINE('',#2850,#2851);
#2850 = CARTESIAN_POINT('',(7.77,9.77,2.6));
#2851 = VECTOR('',#2852,1.);
#2852 = DIRECTION('',(-1.,0.,0.));
#2853 = PCURVE('',#797,#2854);
#2854 = DEFINITIONAL_REPRESENTATION('',(#2855),#2859);
#2855 = LINE('',#2856,#2857);
#2856 = CARTESIAN_POINT('',(-0.,0.));
#2857 = VECTOR('',#2858,1.);
#2858 = DIRECTION('',(-0.,1.));
#2859 = ( GEOMETRIC_REPRESENTATION_CONTEXT(2) 
PARAMETRIC_REPRESENTATION_CONTEXT() REPRESENTATION_CONTEXT('2D SPACE',''
  ) );
#2860 = PCURVE('',#1557,#2861);
#2861 = DEFINITIONAL_REPRESENTATION('',(#2862),#2866);
#2862 = LINE('',#2863,#2864);
#2863 = CARTESIAN_POINT('',(2.,-2.6));
#2864 = VECTOR('',#2865,1.);
#2865 = DIRECTION('',(1.,0.));
#2866 = ( GEOMETRIC_REPRESENTATION_CONTEXT(2) 
PARAMETRIC_REPRESENTATION_CONTEXT() REPRESENTATION_CONTEXT('2D SPACE',''
  ) );
#2867 = ORIENTED_EDGE('',*,*,#2868,.F.);
#2868 = EDGE_CURVE('',#1701,#2846,#2869,.T.);
#2869 = SURFACE_CURVE('',#2870,(#2874,#2881),.PCURVE_S1.);
#2870 = LINE('',#2871,#2872);
#2871 = CARTESIAN_POINT('',(7.77,9.77,2.6));
#2872 = VECTOR('',#2873,1.);
#2873 = DIRECTION('',(-1.,0.,0.));
#2874 = PCURVE('',#797,#2875);
#2875 = DEFINITIONAL_REPRESENTATION('',(#2876),#2880);
#2876 = LINE('',#2877,#2878);
#2877 = CARTESIAN_POINT('',(-0.,0.));
#2878 = VECTOR('',#2879,1.);
#2879 = DIRECTION('',(-0.,1.));
#2880 = ( GEOMETRIC_REPRESENTATION_CONTEXT(2) 
PARAMETRIC_REPRESENTATION_CONTEXT() REPRESENTATION_CONTEXT('2D SPACE',''
  ) );
#2881 = PCURVE('',#1739,#2882);
#2882 = DEFINITIONAL_REPRESENTATION('',(#2883),#2887);
#2883 = LINE('',#2884,#2885);
#2884 = CARTESIAN_POINT('',(0.96,-3.37));
#2885 = VECTOR('',#2886,1.);
#2886 = DIRECTION('',(0.,1.));
#2887 = ( GEOMETRIC_REPRESENTATION_CONTEXT(2) 
PARAMETRIC_REPRESENTATION_CONTEXT() REPRESENTATION_CONTEXT('2D SPACE',''
  ) );
#2888 = ORIENTED_EDGE('',*,*,#2889,.F.);
#2889 = EDGE_CURVE('',#2735,#1701,#2890,.T.);
#2890 = SURFACE_CURVE('',#2891,(#2895,#2902),.PCURVE_S1.);
#2891 = LINE('',#2892,#2893);
#2892 = CARTESIAN_POINT('',(7.77,9.77,2.6));
#2893 = VECTOR('',#2894,1.);
#2894 = DIRECTION('',(-1.,0.,0.));
#2895 = PCURVE('',#797,#2896);
#2896 = DEFINITIONAL_REPRESENTATION('',(#2897),#2901);
#2897 = LINE('',#2898,#2899);
#2898 = CARTESIAN_POINT('',(-0.,0.));
#2899 = VECTOR('',#2900,1.);
#2900 = DIRECTION('',(-0.,1.));
#2901 = ( GEOMETRIC_REPRESENTATION_CONTEXT(2) 
PARAMETRIC_REPRESENTATION_CONTEXT() REPRESENTATION_CONTEXT('2D SPACE',''
  ) );
#2902 = PCURVE('',#1557,#2903);
#2903 = DEFINITIONAL_REPRESENTATION('',(#2904),#2908);
#2904 = LINE('',#2905,#2906);
#2905 = CARTESIAN_POINT('',(2.,-2.6));
#2906 = VECTOR('',#2907,1.);
#2907 = DIRECTION('',(1.,0.));
#2908 = ( GEOMETRIC_REPRESENTATION_CONTEXT(2) 
PARAMETRIC_REPRESENTATION_CONTEXT() REPRESENTATION_CONTEXT('2D SPACE',''
  ) );
#2909 = ADVANCED_FACE('',(#2910),#826,.T.);
#2910 = FACE_BOUND('',#2911,.T.);
#2911 = EDGE_LOOP('',(#2912,#2913,#2942,#2962));
#2912 = ORIENTED_EDGE('',*,*,#2779,.F.);
#2913 = ORIENTED_EDGE('',*,*,#2914,.T.);
#2914 = EDGE_CURVE('',#2780,#2915,#2917,.T.);
#2915 = VERTEX_POINT('',#2916);
#2916 = CARTESIAN_POINT('',(-9.77,7.77,2.6));
#2917 = SURFACE_CURVE('',#2918,(#2923,#2930),.PCURVE_S1.);
#2918 = CIRCLE('',#2919,2.);
#2919 = AXIS2_PLACEMENT_3D('',#2920,#2921,#2922);
#2920 = CARTESIAN_POINT('',(-7.77,7.77,2.6));
#2921 = DIRECTION('',(0.,0.,1.));
#2922 = DIRECTION('',(0.,1.,-0.));
#2923 = PCURVE('',#826,#2924);
#2924 = DEFINITIONAL_REPRESENTATION('',(#2925),#2929);
#2925 = LINE('',#2926,#2927);
#2926 = CARTESIAN_POINT('',(0.,0.));
#2927 = VECTOR('',#2928,1.);
#2928 = DIRECTION('',(1.,0.));
#2929 = ( GEOMETRIC_REPRESENTATION_CONTEXT(2) 
PARAMETRIC_REPRESENTATION_CONTEXT() REPRESENTATION_CONTEXT('2D SPACE',''
  ) );
#2930 = PCURVE('',#2931,#2936);
#2931 = CYLINDRICAL_SURFACE('',#2932,2.);
#2932 = AXIS2_PLACEMENT_3D('',#2933,#2934,#2935);
#2933 = CARTESIAN_POINT('',(-7.77,7.77,0.));
#2934 = DIRECTION('',(0.,0.,1.));
#2935 = DIRECTION('',(-0.,1.,0.));
#2936 = DEFINITIONAL_REPRESENTATION('',(#2937),#2941);
#2937 = LINE('',#2938,#2939);
#2938 = CARTESIAN_POINT('',(0.,2.6));
#2939 = VECTOR('',#2940,1.);
#2940 = DIRECTION('',(1.,0.));
#2941 = ( GEOMETRIC_REPRESENTATION_CONTEXT(2) 
PARAMETRIC_REPRESENTATION_CONTEXT() REPRESENTATION_CONTEXT('2D SPACE',''
  ) );
#2942 = ORIENTED_EDGE('',*,*,#2943,.T.);
#2943 = EDGE_CURVE('',#2915,#810,#2944,.T.);
#2944 = SURFACE_CURVE('',#2945,(#2950,#2956),.PCURVE_S1.);
#2945 = CIRCLE('',#2946,0.3);
#2946 = AXIS2_PLACEMENT_3D('',#2947,#2948,#2949);
#2947 = CARTESIAN_POINT('',(-9.47,7.77,2.6));
#2948 = DIRECTION('',(6.123233995737E-17,1.,-0.));
#2949 = DIRECTION('',(-1.,6.123233995737E-17,0.));
#2950 = PCURVE('',#826,#2951);
#2951 = DEFINITIONAL_REPRESENTATION('',(#2952),#2955);
#2952 = B_SPLINE_CURVE_WITH_KNOTS('',1,(#2953,#2954),.UNSPECIFIED.,.F.,
  .F.,(2,2),(0.,1.570796326795),.PIECEWISE_BEZIER_KNOTS.);
#2953 = CARTESIAN_POINT('',(1.570796326795,0.));
#2954 = CARTESIAN_POINT('',(1.570796326795,1.570796326795));
#2955 = ( GEOMETRIC_REPRESENTATION_CONTEXT(2) 
PARAMETRIC_REPRESENTATION_CONTEXT() REPRESENTATION_CONTEXT('2D SPACE',''
  ) );
#2956 = PCURVE('',#854,#2957);
#2957 = DEFINITIONAL_REPRESENTATION('',(#2958),#2961);
#2958 = B_SPLINE_CURVE_WITH_KNOTS('',1,(#2959,#2960),.UNSPECIFIED.,.F.,
  .F.,(2,2),(0.,1.570796326795),.PIECEWISE_BEZIER_KNOTS.);
#2959 = CARTESIAN_POINT('',(0.,0.));
#2960 = CARTESIAN_POINT('',(-1.570796326795,0.));
#2961 = ( GEOMETRIC_REPRESENTATION_CONTEXT(2) 
PARAMETRIC_REPRESENTATION_CONTEXT() REPRESENTATION_CONTEXT('2D SPACE',''
  ) );
#2962 = ORIENTED_EDGE('',*,*,#809,.F.);
#2963 = ADVANCED_FACE('',(#2964),#854,.T.);
#2964 = FACE_BOUND('',#2965,.F.);
#2965 = EDGE_LOOP('',(#2966,#2994,#2995,#2996));
#2966 = ORIENTED_EDGE('',*,*,#2967,.F.);
#2967 = EDGE_CURVE('',#2915,#2968,#2970,.T.);
#2968 = VERTEX_POINT('',#2969);
#2969 = CARTESIAN_POINT('',(-9.77,-6.149613280325,2.6));
#2970 = SURFACE_CURVE('',#2971,(#2975,#2982),.PCURVE_S1.);
#2971 = LINE('',#2972,#2973);
#2972 = CARTESIAN_POINT('',(-9.77,7.77,2.6));
#2973 = VECTOR('',#2974,1.);
#2974 = DIRECTION('',(0.,-1.,0.));
#2975 = PCURVE('',#854,#2976);
#2976 = DEFINITIONAL_REPRESENTATION('',(#2977),#2981);
#2977 = LINE('',#2978,#2979);
#2978 = CARTESIAN_POINT('',(-0.,0.));
#2979 = VECTOR('',#2980,1.);
#2980 = DIRECTION('',(-0.,1.));
#2981 = ( GEOMETRIC_REPRESENTATION_CONTEXT(2) 
PARAMETRIC_REPRESENTATION_CONTEXT() REPRESENTATION_CONTEXT('2D SPACE',''
  ) );
#2982 = PCURVE('',#2983,#2988);
#2983 = PLANE('',#2984);
#2984 = AXIS2_PLACEMENT_3D('',#2985,#2986,#2987);
#2985 = CARTESIAN_POINT('',(-9.77,9.77,0.));
#2986 = DIRECTION('',(1.,0.,-0.));
#2987 = DIRECTION('',(0.,-1.,0.));
#2988 = DEFINITIONAL_REPRESENTATION('',(#2989),#2993);
#2989 = LINE('',#2990,#2991);
#2990 = CARTESIAN_POINT('',(2.,-2.6));
#2991 = VECTOR('',#2992,1.);
#2992 = DIRECTION('',(1.,0.));
#2993 = ( GEOMETRIC_REPRESENTATION_CONTEXT(2) 
PARAMETRIC_REPRESENTATION_CONTEXT() REPRESENTATION_CONTEXT('2D SPACE',''
  ) );
#2994 = ORIENTED_EDGE('',*,*,#2943,.T.);
#2995 = ORIENTED_EDGE('',*,*,#838,.T.);
#2996 = ORIENTED_EDGE('',*,*,#2997,.T.);
#2997 = EDGE_CURVE('',#839,#2968,#2998,.T.);
#2998 = SURFACE_CURVE('',#2999,(#3004,#3015),.PCURVE_S1.);
#2999 = ELLIPSE('',#3000,0.324717660088,0.3);
#3000 = AXIS2_PLACEMENT_3D('',#3001,#3002,#3003);
#3001 = CARTESIAN_POINT('',(-9.47,-6.273877349037,2.6));
#3002 = DIRECTION('',(-0.382683432365,-0.923879532511,0.));
#3003 = DIRECTION('',(0.923879532511,-0.382683432365,0.));
#3004 = PCURVE('',#854,#3005);
#3005 = DEFINITIONAL_REPRESENTATION('',(#3006),#3014);
#3006 = B_SPLINE_CURVE_WITH_KNOTS('',6,(#3007,#3008,#3009,#3010,#3011,
    #3012,#3013),.UNSPECIFIED.,.F.,.F.,(7,7),(1.570796326795,
    3.14159265359),.PIECEWISE_BEZIER_KNOTS.);
#3007 = CARTESIAN_POINT('',(-1.570796326795,14.043877349037));
#3008 = CARTESIAN_POINT('',(-1.308996938996,14.011345091923));
#3009 = CARTESIAN_POINT('',(-1.047197551197,13.978815319762));
#3010 = CARTESIAN_POINT('',(-0.785398163397,13.950282942519));
#3011 = CARTESIAN_POINT('',(-0.523598775598,13.929831437891));
#3012 = CARTESIAN_POINT('',(-0.261799387799,13.919613280325));
#3013 = CARTESIAN_POINT('',(0.,13.919613280325));
#3014 = ( GEOMETRIC_REPRESENTATION_CONTEXT(2) 
PARAMETRIC_REPRESENTATION_CONTEXT() REPRESENTATION_CONTEXT('2D SPACE',''
  ) );
#3015 = PCURVE('',#882,#3016);
#3016 = DEFINITIONAL_REPRESENTATION('',(#3017),#3025);
#3017 = B_SPLINE_CURVE_WITH_KNOTS('',6,(#3018,#3019,#3020,#3021,#3022,
    #3023,#3024),.UNSPECIFIED.,.F.,.F.,(7,7),(1.570796326795,
    3.14159265359),.PIECEWISE_BEZIER_KNOTS.);
#3018 = CARTESIAN_POINT('',(-1.570796326795,2.132602454835));
#3019 = CARTESIAN_POINT('',(-1.308996938996,2.165134711949));
#3020 = CARTESIAN_POINT('',(-1.047197551197,2.19766448411));
#3021 = CARTESIAN_POINT('',(-0.785398163397,2.226196861351));
#3022 = CARTESIAN_POINT('',(-0.523598775598,2.246648365981));
#3023 = CARTESIAN_POINT('',(-0.261799387799,2.256866523547));
#3024 = CARTESIAN_POINT('',(0.,2.256866523547));
#3025 = ( GEOMETRIC_REPRESENTATION_CONTEXT(2) 
PARAMETRIC_REPRESENTATION_CONTEXT() REPRESENTATION_CONTEXT('2D SPACE',''
  ) );
#3026 = ADVANCED_FACE('',(#3027),#882,.T.);
#3027 = FACE_BOUND('',#3028,.F.);
#3028 = EDGE_LOOP('',(#3029,#3057,#3058,#3059));
#3029 = ORIENTED_EDGE('',*,*,#3030,.F.);
#3030 = EDGE_CURVE('',#2968,#3031,#3033,.T.);
#3031 = VERTEX_POINT('',#3032);
#3032 = CARTESIAN_POINT('',(-11.59533547289,-7.974948753223,2.6));
#3033 = SURFACE_CURVE('',#3034,(#3038,#3045),.PCURVE_S1.);
#3034 = LINE('',#3035,#3036);
#3035 = CARTESIAN_POINT('',(-8.174154376967,-4.553767657292,2.6));
#3036 = VECTOR('',#3037,1.);
#3037 = DIRECTION('',(-0.707106781187,-0.707106781187,0.));
#3038 = PCURVE('',#882,#3039);
#3039 = DEFINITIONAL_REPRESENTATION('',(#3040),#3044);
#3040 = LINE('',#3041,#3042);
#3041 = CARTESIAN_POINT('',(-0.,0.));
#3042 = VECTOR('',#3043,1.);
#3043 = DIRECTION('',(-0.,1.));
#3044 = ( GEOMETRIC_REPRESENTATION_CONTEXT(2) 
PARAMETRIC_REPRESENTATION_CONTEXT() REPRESENTATION_CONTEXT('2D SPACE',''
  ) );
#3045 = PCURVE('',#3046,#3051);
#3046 = PLANE('',#3047);
#3047 = AXIS2_PLACEMENT_3D('',#3048,#3049,#3050);
#3048 = CARTESIAN_POINT('',(-8.174154376967,-4.553767657292,0.));
#3049 = DIRECTION('',(0.707106781187,-0.707106781187,0.));
#3050 = DIRECTION('',(-0.707106781187,-0.707106781187,0.));
#3051 = DEFINITIONAL_REPRESENTATION('',(#3052),#3056);
#3052 = LINE('',#3053,#3054);
#3053 = CARTESIAN_POINT('',(0.,-2.6));
#3054 = VECTOR('',#3055,1.);
#3055 = DIRECTION('',(1.,0.));
#3056 = ( GEOMETRIC_REPRESENTATION_CONTEXT(2) 
PARAMETRIC_REPRESENTATION_CONTEXT() REPRESENTATION_CONTEXT('2D SPACE',''
  ) );
#3057 = ORIENTED_EDGE('',*,*,#2997,.F.);
#3058 = ORIENTED_EDGE('',*,*,#866,.T.);
#3059 = ORIENTED_EDGE('',*,*,#3060,.F.);
#3060 = EDGE_CURVE('',#3031,#867,#3061,.T.);
#3061 = SURFACE_CURVE('',#3062,(#3067,#3073),.PCURVE_S1.);
#3062 = CIRCLE('',#3063,0.3);
#3063 = AXIS2_PLACEMENT_3D('',#3064,#3065,#3066);
#3064 = CARTESIAN_POINT('',(-11.38320343854,-8.187080787579,2.6));
#3065 = DIRECTION('',(0.707106781187,0.707106781187,-0.));
#3066 = DIRECTION('',(-0.707106781187,0.707106781187,0.));
#3067 = PCURVE('',#882,#3068);
#3068 = DEFINITIONAL_REPRESENTATION('',(#3069),#3072);
#3069 = B_SPLINE_CURVE_WITH_KNOTS('',1,(#3070,#3071),.UNSPECIFIED.,.F.,
  .F.,(2,2),(0.,1.570796326795),.PIECEWISE_BEZIER_KNOTS.);
#3070 = CARTESIAN_POINT('',(0.,4.8382807052));
#3071 = CARTESIAN_POINT('',(-1.570796326795,4.8382807052));
#3072 = ( GEOMETRIC_REPRESENTATION_CONTEXT(2) 
PARAMETRIC_REPRESENTATION_CONTEXT() REPRESENTATION_CONTEXT('2D SPACE',''
  ) );
#3073 = PCURVE('',#911,#3074);
#3074 = DEFINITIONAL_REPRESENTATION('',(#3075),#3078);
#3075 = B_SPLINE_CURVE_WITH_KNOTS('',1,(#3076,#3077),.UNSPECIFIED.,.F.,
  .F.,(2,2),(0.,1.570796326795),.PIECEWISE_BEZIER_KNOTS.);
#3076 = CARTESIAN_POINT('',(0.,0.));
#3077 = CARTESIAN_POINT('',(0.,1.570796326795));
#3078 = ( GEOMETRIC_REPRESENTATION_CONTEXT(2) 
PARAMETRIC_REPRESENTATION_CONTEXT() REPRESENTATION_CONTEXT('2D SPACE',''
  ) );
#3079 = ADVANCED_FACE('',(#3080),#911,.T.);
#3080 = FACE_BOUND('',#3081,.T.);
#3081 = EDGE_LOOP('',(#3082,#3083,#3112,#3132));
#3082 = ORIENTED_EDGE('',*,*,#3060,.F.);
#3083 = ORIENTED_EDGE('',*,*,#3084,.T.);
#3084 = EDGE_CURVE('',#3031,#3085,#3087,.T.);
#3085 = VERTEX_POINT('',#3086);
#3086 = CARTESIAN_POINT('',(-7.974948753223,-11.59533547289,2.6));
#3087 = SURFACE_CURVE('',#3088,(#3093,#3100),.PCURVE_S1.);
#3088 = CIRCLE('',#3089,2.56);
#3089 = AXIS2_PLACEMENT_3D('',#3090,#3091,#3092);
#3090 = CARTESIAN_POINT('',(-9.78514211019,-9.78514211019,2.6));
#3091 = DIRECTION('',(0.,0.,1.));
#3092 = DIRECTION('',(-0.707106782308,0.707106780065,0.));
#3093 = PCURVE('',#911,#3094);
#3094 = DEFINITIONAL_REPRESENTATION('',(#3095),#3099);
#3095 = LINE('',#3096,#3097);
#3096 = CARTESIAN_POINT('',(0.,0.));
#3097 = VECTOR('',#3098,1.);
#3098 = DIRECTION('',(1.,0.));
#3099 = ( GEOMETRIC_REPRESENTATION_CONTEXT(2) 
PARAMETRIC_REPRESENTATION_CONTEXT() REPRESENTATION_CONTEXT('2D SPACE',''
  ) );
#3100 = PCURVE('',#3101,#3106);
#3101 = CYLINDRICAL_SURFACE('',#3102,2.56);
#3102 = AXIS2_PLACEMENT_3D('',#3103,#3104,#3105);
#3103 = CARTESIAN_POINT('',(-9.78514211019,-9.78514211019,0.));
#3104 = DIRECTION('',(-0.,-0.,-1.));
#3105 = DIRECTION('',(1.,0.,0.));
#3106 = DEFINITIONAL_REPRESENTATION('',(#3107),#3111);
#3107 = LINE('',#3108,#3109);
#3108 = CARTESIAN_POINT('',(-2.356194491778,-2.6));
#3109 = VECTOR('',#3110,1.);
#3110 = DIRECTION('',(-1.,0.));
#3111 = ( GEOMETRIC_REPRESENTATION_CONTEXT(2) 
PARAMETRIC_REPRESENTATION_CONTEXT() REPRESENTATION_CONTEXT('2D SPACE',''
  ) );
#3112 = ORIENTED_EDGE('',*,*,#3113,.T.);
#3113 = EDGE_CURVE('',#3085,#895,#3114,.T.);
#3114 = SURFACE_CURVE('',#3115,(#3120,#3126),.PCURVE_S1.);
#3115 = CIRCLE('',#3116,0.3);
#3116 = AXIS2_PLACEMENT_3D('',#3117,#3118,#3119);
#3117 = CARTESIAN_POINT('',(-8.187080787243,-11.3832034382,2.6));
#3118 = DIRECTION('',(-0.707106782308,-0.707106780065,0.));
#3119 = DIRECTION('',(0.707106780065,-0.707106782308,0.));
#3120 = PCURVE('',#911,#3121);
#3121 = DEFINITIONAL_REPRESENTATION('',(#3122),#3125);
#3122 = B_SPLINE_CURVE_WITH_KNOTS('',1,(#3123,#3124),.UNSPECIFIED.,.F.,
  .F.,(2,2),(0.,1.570796326795),.PIECEWISE_BEZIER_KNOTS.);
#3123 = CARTESIAN_POINT('',(3.141592650418,0.));
#3124 = CARTESIAN_POINT('',(3.141592650418,1.570796326795));
#3125 = ( GEOMETRIC_REPRESENTATION_CONTEXT(2) 
PARAMETRIC_REPRESENTATION_CONTEXT() REPRESENTATION_CONTEXT('2D SPACE',''
  ) );
#3126 = PCURVE('',#939,#3127);
#3127 = DEFINITIONAL_REPRESENTATION('',(#3128),#3131);
#3128 = B_SPLINE_CURVE_WITH_KNOTS('',1,(#3129,#3130),.UNSPECIFIED.,.F.,
  .F.,(2,2),(0.,1.570796326795),.PIECEWISE_BEZIER_KNOTS.);
#3129 = CARTESIAN_POINT('',(0.,0.));
#3130 = CARTESIAN_POINT('',(-1.570796326795,0.));
#3131 = ( GEOMETRIC_REPRESENTATION_CONTEXT(2) 
PARAMETRIC_REPRESENTATION_CONTEXT() REPRESENTATION_CONTEXT('2D SPACE',''
  ) );
#3132 = ORIENTED_EDGE('',*,*,#894,.F.);
#3133 = ADVANCED_FACE('',(#3134),#939,.T.);
#3134 = FACE_BOUND('',#3135,.F.);
#3135 = EDGE_LOOP('',(#3136,#3164,#3165,#3166));
#3136 = ORIENTED_EDGE('',*,*,#3137,.F.);
#3137 = EDGE_CURVE('',#3085,#3138,#3140,.T.);
#3138 = VERTEX_POINT('',#3139);
#3139 = CARTESIAN_POINT('',(-6.149613280325,-9.77,2.6));
#3140 = SURFACE_CURVE('',#3141,(#3145,#3152),.PCURVE_S1.);
#3141 = LINE('',#3142,#3143);
#3142 = CARTESIAN_POINT('',(-7.974948753223,-11.59533547289,2.6));
#3143 = VECTOR('',#3144,1.);
#3144 = DIRECTION('',(0.707106781187,0.707106781187,0.));
#3145 = PCURVE('',#939,#3146);
#3146 = DEFINITIONAL_REPRESENTATION('',(#3147),#3151);
#3147 = LINE('',#3148,#3149);
#3148 = CARTESIAN_POINT('',(-0.,0.));
#3149 = VECTOR('',#3150,1.);
#3150 = DIRECTION('',(-0.,1.));
#3151 = ( GEOMETRIC_REPRESENTATION_CONTEXT(2) 
PARAMETRIC_REPRESENTATION_CONTEXT() REPRESENTATION_CONTEXT('2D SPACE',''
  ) );
#3152 = PCURVE('',#3153,#3158);
#3153 = PLANE('',#3154);
#3154 = AXIS2_PLACEMENT_3D('',#3155,#3156,#3157);
#3155 = CARTESIAN_POINT('',(-7.974948753223,-11.59533547289,0.));
#3156 = DIRECTION('',(-0.707106781187,0.707106781187,0.));
#3157 = DIRECTION('',(0.707106781187,0.707106781187,0.));
#3158 = DEFINITIONAL_REPRESENTATION('',(#3159),#3163);
#3159 = LINE('',#3160,#3161);
#3160 = CARTESIAN_POINT('',(0.,-2.6));
#3161 = VECTOR('',#3162,1.);
#3162 = DIRECTION('',(1.,0.));
#3163 = ( GEOMETRIC_REPRESENTATION_CONTEXT(2) 
PARAMETRIC_REPRESENTATION_CONTEXT() REPRESENTATION_CONTEXT('2D SPACE',''
  ) );
#3164 = ORIENTED_EDGE('',*,*,#3113,.T.);
#3165 = ORIENTED_EDGE('',*,*,#923,.T.);
#3166 = ORIENTED_EDGE('',*,*,#3167,.T.);
#3167 = EDGE_CURVE('',#924,#3138,#3168,.T.);
#3168 = SURFACE_CURVE('',#3169,(#3174,#3185),.PCURVE_S1.);
#3169 = ELLIPSE('',#3170,0.324717660088,0.3);
#3170 = AXIS2_PLACEMENT_3D('',#3171,#3172,#3173);
#3171 = CARTESIAN_POINT('',(-6.273877349037,-9.47,2.6));
#3172 = DIRECTION('',(0.923879532511,0.382683432365,0.));
#3173 = DIRECTION('',(0.382683432365,-0.923879532511,0.));
#3174 = PCURVE('',#939,#3175);
#3175 = DEFINITIONAL_REPRESENTATION('',(#3176),#3184);
#3176 = B_SPLINE_CURVE_WITH_KNOTS('',6,(#3177,#3178,#3179,#3180,#3181,
    #3182,#3183),.UNSPECIFIED.,.F.,.F.,(7,7),(4.712388980385,
    6.28318530718),.PIECEWISE_BEZIER_KNOTS.);
#3177 = CARTESIAN_POINT('',(-1.570796326795,2.705678250365));
#3178 = CARTESIAN_POINT('',(-1.308996938996,2.673145993251));
#3179 = CARTESIAN_POINT('',(-1.047197551197,2.64061622109));
#3180 = CARTESIAN_POINT('',(-0.785398163397,2.612083843849));
#3181 = CARTESIAN_POINT('',(-0.523598775598,2.591632339219));
#3182 = CARTESIAN_POINT('',(-0.261799387799,2.581414181653));
#3183 = CARTESIAN_POINT('',(0.,2.581414181653));
#3184 = ( GEOMETRIC_REPRESENTATION_CONTEXT(2) 
PARAMETRIC_REPRESENTATION_CONTEXT() REPRESENTATION_CONTEXT('2D SPACE',''
  ) );
#3185 = PCURVE('',#967,#3186);
#3186 = DEFINITIONAL_REPRESENTATION('',(#3187),#3195);
#3187 = B_SPLINE_CURVE_WITH_KNOTS('',6,(#3188,#3189,#3190,#3191,#3192,
    #3193,#3194),.UNSPECIFIED.,.F.,.F.,(7,7),(4.712388980385,
    6.28318530718),.PIECEWISE_BEZIER_KNOTS.);
#3188 = CARTESIAN_POINT('',(-1.570796326795,1.496122650963));
#3189 = CARTESIAN_POINT('',(-1.308996938996,1.528654908077));
#3190 = CARTESIAN_POINT('',(-1.047197551197,1.561184680238));
#3191 = CARTESIAN_POINT('',(-0.785398163397,1.589717057479));
#3192 = CARTESIAN_POINT('',(-0.523598775598,1.610168562109));
#3193 = CARTESIAN_POINT('',(-0.261799387799,1.620386719675));
#3194 = CARTESIAN_POINT('',(0.,1.620386719675));
#3195 = ( GEOMETRIC_REPRESENTATION_CONTEXT(2) 
PARAMETRIC_REPRESENTATION_CONTEXT() REPRESENTATION_CONTEXT('2D SPACE',''
  ) );
#3196 = ADVANCED_FACE('',(#3197),#967,.T.);
#3197 = FACE_BOUND('',#3198,.F.);
#3198 = EDGE_LOOP('',(#3199,#3227,#3228,#3229));
#3199 = ORIENTED_EDGE('',*,*,#3200,.F.);
#3200 = EDGE_CURVE('',#3138,#3201,#3203,.T.);
#3201 = VERTEX_POINT('',#3202);
#3202 = CARTESIAN_POINT('',(7.77,-9.77,2.6));
#3203 = SURFACE_CURVE('',#3204,(#3208,#3215),.PCURVE_S1.);
#3204 = LINE('',#3205,#3206);
#3205 = CARTESIAN_POINT('',(-7.77,-9.77,2.6));
#3206 = VECTOR('',#3207,1.);
#3207 = DIRECTION('',(1.,0.,0.));
#3208 = PCURVE('',#967,#3209);
#3209 = DEFINITIONAL_REPRESENTATION('',(#3210),#3214);
#3210 = LINE('',#3211,#3212);
#3211 = CARTESIAN_POINT('',(-0.,0.));
#3212 = VECTOR('',#3213,1.);
#3213 = DIRECTION('',(-0.,1.));
#3214 = ( GEOMETRIC_REPRESENTATION_CONTEXT(2) 
PARAMETRIC_REPRESENTATION_CONTEXT() REPRESENTATION_CONTEXT('2D SPACE',''
  ) );
#3215 = PCURVE('',#3216,#3221);
#3216 = PLANE('',#3217);
#3217 = AXIS2_PLACEMENT_3D('',#3218,#3219,#3220);
#3218 = CARTESIAN_POINT('',(-9.77,-9.77,0.));
#3219 = DIRECTION('',(0.,1.,0.));
#3220 = DIRECTION('',(1.,0.,0.));
#3221 = DEFINITIONAL_REPRESENTATION('',(#3222),#3226);
#3222 = LINE('',#3223,#3224);
#3223 = CARTESIAN_POINT('',(2.,-2.6));
#3224 = VECTOR('',#3225,1.);
#3225 = DIRECTION('',(1.,0.));
#3226 = ( GEOMETRIC_REPRESENTATION_CONTEXT(2) 
PARAMETRIC_REPRESENTATION_CONTEXT() REPRESENTATION_CONTEXT('2D SPACE',''
  ) );
#3227 = ORIENTED_EDGE('',*,*,#3167,.F.);
#3228 = ORIENTED_EDGE('',*,*,#951,.T.);
#3229 = ORIENTED_EDGE('',*,*,#3230,.F.);
#3230 = EDGE_CURVE('',#3201,#952,#3231,.T.);
#3231 = SURFACE_CURVE('',#3232,(#3237,#3243),.PCURVE_S1.);
#3232 = CIRCLE('',#3233,0.3);
#3233 = AXIS2_PLACEMENT_3D('',#3234,#3235,#3236);
#3234 = CARTESIAN_POINT('',(7.77,-9.47,2.6));
#3235 = DIRECTION('',(-1.,-0.,0.));
#3236 = DIRECTION('',(0.,-1.,0.));
#3237 = PCURVE('',#967,#3238);
#3238 = DEFINITIONAL_REPRESENTATION('',(#3239),#3242);
#3239 = B_SPLINE_CURVE_WITH_KNOTS('',1,(#3240,#3241),.UNSPECIFIED.,.F.,
  .F.,(2,2),(0.,1.570796326795),.PIECEWISE_BEZIER_KNOTS.);
#3240 = CARTESIAN_POINT('',(0.,15.54));
#3241 = CARTESIAN_POINT('',(-1.570796326795,15.54));
#3242 = ( GEOMETRIC_REPRESENTATION_CONTEXT(2) 
PARAMETRIC_REPRESENTATION_CONTEXT() REPRESENTATION_CONTEXT('2D SPACE',''
  ) );
#3243 = PCURVE('',#996,#3244);
#3244 = DEFINITIONAL_REPRESENTATION('',(#3245),#3248);
#3245 = B_SPLINE_CURVE_WITH_KNOTS('',1,(#3246,#3247),.UNSPECIFIED.,.F.,
  .F.,(2,2),(0.,1.570796326795),.PIECEWISE_BEZIER_KNOTS.);
#3246 = CARTESIAN_POINT('',(0.,0.));
#3247 = CARTESIAN_POINT('',(0.,1.570796326795));
#3248 = ( GEOMETRIC_REPRESENTATION_CONTEXT(2) 
PARAMETRIC_REPRESENTATION_CONTEXT() REPRESENTATION_CONTEXT('2D SPACE',''
  ) );
#3249 = ADVANCED_FACE('',(#3250),#996,.T.);
#3250 = FACE_BOUND('',#3251,.T.);
#3251 = EDGE_LOOP('',(#3252,#3253,#3282,#3302));
#3252 = ORIENTED_EDGE('',*,*,#3230,.F.);
#3253 = ORIENTED_EDGE('',*,*,#3254,.T.);
#3254 = EDGE_CURVE('',#3201,#3255,#3257,.T.);
#3255 = VERTEX_POINT('',#3256);
#3256 = CARTESIAN_POINT('',(9.77,-7.77,2.6));
#3257 = SURFACE_CURVE('',#3258,(#3263,#3270),.PCURVE_S1.);
#3258 = CIRCLE('',#3259,2.);
#3259 = AXIS2_PLACEMENT_3D('',#3260,#3261,#3262);
#3260 = CARTESIAN_POINT('',(7.77,-7.77,2.6));
#3261 = DIRECTION('',(0.,0.,1.));
#3262 = DIRECTION('',(0.,-1.,0.));
#3263 = PCURVE('',#996,#3264);
#3264 = DEFINITIONAL_REPRESENTATION('',(#3265),#3269);
#3265 = LINE('',#3266,#3267);
#3266 = CARTESIAN_POINT('',(0.,0.));
#3267 = VECTOR('',#3268,1.);
#3268 = DIRECTION('',(1.,0.));
#3269 = ( GEOMETRIC_REPRESENTATION_CONTEXT(2) 
PARAMETRIC_REPRESENTATION_CONTEXT() REPRESENTATION_CONTEXT('2D SPACE',''
  ) );
#3270 = PCURVE('',#3271,#3276);
#3271 = CYLINDRICAL_SURFACE('',#3272,2.);
#3272 = AXIS2_PLACEMENT_3D('',#3273,#3274,#3275);
#3273 = CARTESIAN_POINT('',(7.77,-7.77,0.));
#3274 = DIRECTION('',(0.,0.,1.));
#3275 = DIRECTION('',(0.,-1.,0.));
#3276 = DEFINITIONAL_REPRESENTATION('',(#3277),#3281);
#3277 = LINE('',#3278,#3279);
#3278 = CARTESIAN_POINT('',(0.,2.6));
#3279 = VECTOR('',#3280,1.);
#3280 = DIRECTION('',(1.,0.));
#3281 = ( GEOMETRIC_REPRESENTATION_CONTEXT(2) 
PARAMETRIC_REPRESENTATION_CONTEXT() REPRESENTATION_CONTEXT('2D SPACE',''
  ) );
#3282 = ORIENTED_EDGE('',*,*,#3283,.T.);
#3283 = EDGE_CURVE('',#3255,#980,#3284,.T.);
#3284 = SURFACE_CURVE('',#3285,(#3290,#3296),.PCURVE_S1.);
#3285 = CIRCLE('',#3286,0.3);
#3286 = AXIS2_PLACEMENT_3D('',#3287,#3288,#3289);
#3287 = CARTESIAN_POINT('',(9.47,-7.77,2.6));
#3288 = DIRECTION('',(-6.123233995737E-17,-1.,0.));
#3289 = DIRECTION('',(1.,-6.123233995737E-17,0.));
#3290 = PCURVE('',#996,#3291);
#3291 = DEFINITIONAL_REPRESENTATION('',(#3292),#3295);
#3292 = B_SPLINE_CURVE_WITH_KNOTS('',1,(#3293,#3294),.UNSPECIFIED.,.F.,
  .F.,(2,2),(0.,1.570796326795),.PIECEWISE_BEZIER_KNOTS.);
#3293 = CARTESIAN_POINT('',(1.570796326795,0.));
#3294 = CARTESIAN_POINT('',(1.570796326795,1.570796326795));
#3295 = ( GEOMETRIC_REPRESENTATION_CONTEXT(2) 
PARAMETRIC_REPRESENTATION_CONTEXT() REPRESENTATION_CONTEXT('2D SPACE',''
  ) );
#3296 = PCURVE('',#1024,#3297);
#3297 = DEFINITIONAL_REPRESENTATION('',(#3298),#3301);
#3298 = B_SPLINE_CURVE_WITH_KNOTS('',1,(#3299,#3300),.UNSPECIFIED.,.F.,
  .F.,(2,2),(0.,1.570796326795),.PIECEWISE_BEZIER_KNOTS.);
#3299 = CARTESIAN_POINT('',(0.,0.));
#3300 = CARTESIAN_POINT('',(-1.570796326795,0.));
#3301 = ( GEOMETRIC_REPRESENTATION_CONTEXT(2) 
PARAMETRIC_REPRESENTATION_CONTEXT() REPRESENTATION_CONTEXT('2D SPACE',''
  ) );
#3302 = ORIENTED_EDGE('',*,*,#979,.F.);
#3303 = ADVANCED_FACE('',(#3304),#1024,.T.);
#3304 = FACE_BOUND('',#3305,.F.);
#3305 = EDGE_LOOP('',(#3306,#3307,#3308,#3330));
#3306 = ORIENTED_EDGE('',*,*,#3283,.T.);
#3307 = ORIENTED_EDGE('',*,*,#1008,.T.);
#3308 = ORIENTED_EDGE('',*,*,#3309,.F.);
#3309 = EDGE_CURVE('',#3310,#1009,#3312,.T.);
#3310 = VERTEX_POINT('',#3311);
#3311 = CARTESIAN_POINT('',(9.77,7.77,2.6));
#3312 = SURFACE_CURVE('',#3313,(#3318,#3324),.PCURVE_S1.);
#3313 = CIRCLE('',#3314,0.3);
#3314 = AXIS2_PLACEMENT_3D('',#3315,#3316,#3317);
#3315 = CARTESIAN_POINT('',(9.47,7.77,2.6));
#3316 = DIRECTION('',(0.,-1.,-0.));
#3317 = DIRECTION('',(1.,0.,-0.));
#3318 = PCURVE('',#1024,#3319);
#3319 = DEFINITIONAL_REPRESENTATION('',(#3320),#3323);
#3320 = B_SPLINE_CURVE_WITH_KNOTS('',1,(#3321,#3322),.UNSPECIFIED.,.F.,
  .F.,(2,2),(0.,1.570796326795),.PIECEWISE_BEZIER_KNOTS.);
#3321 = CARTESIAN_POINT('',(0.,15.54));
#3322 = CARTESIAN_POINT('',(-1.570796326795,15.54));
#3323 = ( GEOMETRIC_REPRESENTATION_CONTEXT(2) 
PARAMETRIC_REPRESENTATION_CONTEXT() REPRESENTATION_CONTEXT('2D SPACE',''
  ) );
#3324 = PCURVE('',#1053,#3325);
#3325 = DEFINITIONAL_REPRESENTATION('',(#3326),#3329);
#3326 = B_SPLINE_CURVE_WITH_KNOTS('',1,(#3327,#3328),.UNSPECIFIED.,.F.,
  .F.,(2,2),(0.,1.570796326795),.PIECEWISE_BEZIER_KNOTS.);
#3327 = CARTESIAN_POINT('',(0.,0.));
#3328 = CARTESIAN_POINT('',(0.,1.570796326795));
#3329 = ( GEOMETRIC_REPRESENTATION_CONTEXT(2) 
PARAMETRIC_REPRESENTATION_CONTEXT() REPRESENTATION_CONTEXT('2D SPACE',''
  ) );
#3330 = ORIENTED_EDGE('',*,*,#3331,.F.);
#3331 = EDGE_CURVE('',#3255,#3310,#3332,.T.);
#3332 = SURFACE_CURVE('',#3333,(#3337,#3344),.PCURVE_S1.);
#3333 = LINE('',#3334,#3335);
#3334 = CARTESIAN_POINT('',(9.77,-7.77,2.6));
#3335 = VECTOR('',#3336,1.);
#3336 = DIRECTION('',(0.,1.,0.));
#3337 = PCURVE('',#1024,#3338);
#3338 = DEFINITIONAL_REPRESENTATION('',(#3339),#3343);
#3339 = LINE('',#3340,#3341);
#3340 = CARTESIAN_POINT('',(-0.,0.));
#3341 = VECTOR('',#3342,1.);
#3342 = DIRECTION('',(-0.,1.));
#3343 = ( GEOMETRIC_REPRESENTATION_CONTEXT(2) 
PARAMETRIC_REPRESENTATION_CONTEXT() REPRESENTATION_CONTEXT('2D SPACE',''
  ) );
#3344 = PCURVE('',#3345,#3350);
#3345 = PLANE('',#3346);
#3346 = AXIS2_PLACEMENT_3D('',#3347,#3348,#3349);
#3347 = CARTESIAN_POINT('',(9.77,-9.77,0.));
#3348 = DIRECTION('',(-1.,0.,0.));
#3349 = DIRECTION('',(0.,1.,0.));
#3350 = DEFINITIONAL_REPRESENTATION('',(#3351),#3355);
#3351 = LINE('',#3352,#3353);
#3352 = CARTESIAN_POINT('',(2.,-2.6));
#3353 = VECTOR('',#3354,1.);
#3354 = DIRECTION('',(1.,0.));
#3355 = ( GEOMETRIC_REPRESENTATION_CONTEXT(2) 
PARAMETRIC_REPRESENTATION_CONTEXT() REPRESENTATION_CONTEXT('2D SPACE',''
  ) );
#3356 = ADVANCED_FACE('',(#3357),#1053,.T.);
#3357 = FACE_BOUND('',#3358,.T.);
#3358 = EDGE_LOOP('',(#3359,#3360,#3387,#3388));
#3359 = ORIENTED_EDGE('',*,*,#3309,.F.);
#3360 = ORIENTED_EDGE('',*,*,#3361,.T.);
#3361 = EDGE_CURVE('',#3310,#2735,#3362,.T.);
#3362 = SURFACE_CURVE('',#3363,(#3368,#3375),.PCURVE_S1.);
#3363 = CIRCLE('',#3364,2.);
#3364 = AXIS2_PLACEMENT_3D('',#3365,#3366,#3367);
#3365 = CARTESIAN_POINT('',(7.77,7.77,2.6));
#3366 = DIRECTION('',(0.,0.,1.));
#3367 = DIRECTION('',(1.,0.,-0.));
#3368 = PCURVE('',#1053,#3369);
#3369 = DEFINITIONAL_REPRESENTATION('',(#3370),#3374);
#3370 = LINE('',#3371,#3372);
#3371 = CARTESIAN_POINT('',(0.,0.));
#3372 = VECTOR('',#3373,1.);
#3373 = DIRECTION('',(1.,0.));
#3374 = ( GEOMETRIC_REPRESENTATION_CONTEXT(2) 
PARAMETRIC_REPRESENTATION_CONTEXT() REPRESENTATION_CONTEXT('2D SPACE',''
  ) );
#3375 = PCURVE('',#3376,#3381);
#3376 = CYLINDRICAL_SURFACE('',#3377,2.);
#3377 = AXIS2_PLACEMENT_3D('',#3378,#3379,#3380);
#3378 = CARTESIAN_POINT('',(7.77,7.77,0.));
#3379 = DIRECTION('',(0.,0.,1.));
#3380 = DIRECTION('',(1.,0.,-0.));
#3381 = DEFINITIONAL_REPRESENTATION('',(#3382),#3386);
#3382 = LINE('',#3383,#3384);
#3383 = CARTESIAN_POINT('',(0.,2.6));
#3384 = VECTOR('',#3385,1.);
#3385 = DIRECTION('',(1.,0.));
#3386 = ( GEOMETRIC_REPRESENTATION_CONTEXT(2) 
PARAMETRIC_REPRESENTATION_CONTEXT() REPRESENTATION_CONTEXT('2D SPACE',''
  ) );
#3387 = ORIENTED_EDGE('',*,*,#2734,.T.);
#3388 = ORIENTED_EDGE('',*,*,#1036,.F.);
#3389 = ADVANCED_FACE('',(#3390),#1154,.F.);
#3390 = FACE_BOUND('',#3391,.F.);
#3391 = EDGE_LOOP('',(#3392,#3415,#3436,#3437));
#3392 = ORIENTED_EDGE('',*,*,#3393,.T.);
#3393 = EDGE_CURVE('',#1139,#3394,#3396,.T.);
#3394 = VERTEX_POINT('',#3395);
#3395 = CARTESIAN_POINT('',(9.185,-7.185,6.86));
#3396 = SURFACE_CURVE('',#3397,(#3401,#3408),.PCURVE_S1.);
#3397 = LINE('',#3398,#3399);
#3398 = CARTESIAN_POINT('',(9.185,-7.185,2.9));
#3399 = VECTOR('',#3400,1.);
#3400 = DIRECTION('',(0.,0.,1.));
#3401 = PCURVE('',#1154,#3402);
#3402 = DEFINITIONAL_REPRESENTATION('',(#3403),#3407);
#3403 = LINE('',#3404,#3405);
#3404 = CARTESIAN_POINT('',(2.,0.));
#3405 = VECTOR('',#3406,1.);
#3406 = DIRECTION('',(0.,-1.));
#3407 = ( GEOMETRIC_REPRESENTATION_CONTEXT(2) 
PARAMETRIC_REPRESENTATION_CONTEXT() REPRESENTATION_CONTEXT('2D SPACE',''
  ) );
#3408 = PCURVE('',#1185,#3409);
#3409 = DEFINITIONAL_REPRESENTATION('',(#3410),#3414);
#3410 = LINE('',#3411,#3412);
#3411 = CARTESIAN_POINT('',(1.570796326795,0.));
#3412 = VECTOR('',#3413,1.);
#3413 = DIRECTION('',(0.,1.));
#3414 = ( GEOMETRIC_REPRESENTATION_CONTEXT(2) 
PARAMETRIC_REPRESENTATION_CONTEXT() REPRESENTATION_CONTEXT('2D SPACE',''
  ) );
#3415 = ORIENTED_EDGE('',*,*,#3416,.T.);
#3416 = EDGE_CURVE('',#3394,#1383,#3417,.T.);
#3417 = SURFACE_CURVE('',#3418,(#3422,#3429),.PCURVE_S1.);
#3418 = LINE('',#3419,#3420);
#3419 = CARTESIAN_POINT('',(9.185,-7.185,6.86));
#3420 = VECTOR('',#3421,1.);
#3421 = DIRECTION('',(0.,1.,0.));
#3422 = PCURVE('',#1154,#3423);
#3423 = DEFINITIONAL_REPRESENTATION('',(#3424),#3428);
#3424 = LINE('',#3425,#3426);
#3425 = CARTESIAN_POINT('',(2.,-3.96));
#3426 = VECTOR('',#3427,1.);
#3427 = DIRECTION('',(1.,0.));
#3428 = ( GEOMETRIC_REPRESENTATION_CONTEXT(2) 
PARAMETRIC_REPRESENTATION_CONTEXT() REPRESENTATION_CONTEXT('2D SPACE',''
  ) );
#3429 = PCURVE('',#2140,#3430);
#3430 = DEFINITIONAL_REPRESENTATION('',(#3431),#3435);
#3431 = LINE('',#3432,#3433);
#3432 = CARTESIAN_POINT('',(-0.,0.));
#3433 = VECTOR('',#3434,1.);
#3434 = DIRECTION('',(-0.,1.));
#3435 = ( GEOMETRIC_REPRESENTATION_CONTEXT(2) 
PARAMETRIC_REPRESENTATION_CONTEXT() REPRESENTATION_CONTEXT('2D SPACE',''
  ) );
#3436 = ORIENTED_EDGE('',*,*,#1382,.F.);
#3437 = ORIENTED_EDGE('',*,*,#1138,.F.);
#3438 = ADVANCED_FACE('',(#3439),#1185,.T.);
#3439 = FACE_BOUND('',#3440,.T.);
#3440 = EDGE_LOOP('',(#3441,#3442,#3443,#3444));
#3441 = ORIENTED_EDGE('',*,*,#2395,.F.);
#3442 = ORIENTED_EDGE('',*,*,#1166,.F.);
#3443 = ORIENTED_EDGE('',*,*,#3393,.T.);
#3444 = ORIENTED_EDGE('',*,*,#3445,.F.);
#3445 = EDGE_CURVE('',#2373,#3394,#3446,.T.);
#3446 = SURFACE_CURVE('',#3447,(#3452,#3459),.PCURVE_S1.);
#3447 = CIRCLE('',#3448,2.);
#3448 = AXIS2_PLACEMENT_3D('',#3449,#3450,#3451);
#3449 = CARTESIAN_POINT('',(7.185,-7.185,6.86));
#3450 = DIRECTION('',(0.,0.,1.));
#3451 = DIRECTION('',(0.,-1.,0.));
#3452 = PCURVE('',#1185,#3453);
#3453 = DEFINITIONAL_REPRESENTATION('',(#3454),#3458);
#3454 = LINE('',#3455,#3456);
#3455 = CARTESIAN_POINT('',(0.,3.96));
#3456 = VECTOR('',#3457,1.);
#3457 = DIRECTION('',(1.,0.));
#3458 = ( GEOMETRIC_REPRESENTATION_CONTEXT(2) 
PARAMETRIC_REPRESENTATION_CONTEXT() REPRESENTATION_CONTEXT('2D SPACE',''
  ) );
#3459 = PCURVE('',#2225,#3460);
#3460 = DEFINITIONAL_REPRESENTATION('',(#3461),#3465);
#3461 = LINE('',#3462,#3463);
#3462 = CARTESIAN_POINT('',(0.,0.));
#3463 = VECTOR('',#3464,1.);
#3464 = DIRECTION('',(1.,0.));
#3465 = ( GEOMETRIC_REPRESENTATION_CONTEXT(2) 
PARAMETRIC_REPRESENTATION_CONTEXT() REPRESENTATION_CONTEXT('2D SPACE',''
  ) );
#3466 = ADVANCED_FACE('',(#3467),#1217,.T.);
#3467 = FACE_BOUND('',#3468,.T.);
#3468 = EDGE_LOOP('',(#3469,#3494,#3513,#3514));
#3469 = ORIENTED_EDGE('',*,*,#3470,.F.);
#3470 = EDGE_CURVE('',#3471,#3473,#3475,.T.);
#3471 = VERTEX_POINT('',#3472);
#3472 = CARTESIAN_POINT('',(8.926498638837,-8.97,0.));
#3473 = VERTEX_POINT('',#3474);
#3474 = CARTESIAN_POINT('',(8.97,-8.97,0.));
#3475 = SURFACE_CURVE('',#3476,(#3480,#3487),.PCURVE_S1.);
#3476 = LINE('',#3477,#3478);
#3477 = CARTESIAN_POINT('',(-8.97,-8.97,0.));
#3478 = VECTOR('',#3479,1.);
#3479 = DIRECTION('',(1.,0.,0.));
#3480 = PCURVE('',#1217,#3481);
#3481 = DEFINITIONAL_REPRESENTATION('',(#3482),#3486);
#3482 = LINE('',#3483,#3484);
#3483 = CARTESIAN_POINT('',(0.,0.));
#3484 = VECTOR('',#3485,1.);
#3485 = DIRECTION('',(1.,0.));
#3486 = ( GEOMETRIC_REPRESENTATION_CONTEXT(2) 
PARAMETRIC_REPRESENTATION_CONTEXT() REPRESENTATION_CONTEXT('2D SPACE',''
  ) );
#3487 = PCURVE('',#2468,#3488);
#3488 = DEFINITIONAL_REPRESENTATION('',(#3489),#3493);
#3489 = LINE('',#3490,#3491);
#3490 = CARTESIAN_POINT('',(-8.97,-8.97));
#3491 = VECTOR('',#3492,1.);
#3492 = DIRECTION('',(1.,0.));
#3493 = ( GEOMETRIC_REPRESENTATION_CONTEXT(2) 
PARAMETRIC_REPRESENTATION_CONTEXT() REPRESENTATION_CONTEXT('2D SPACE',''
  ) );
#3494 = ORIENTED_EDGE('',*,*,#3495,.F.);
#3495 = EDGE_CURVE('',#1200,#3471,#3496,.T.);
#3496 = SURFACE_CURVE('',#3497,(#3501,#3507),.PCURVE_S1.);
#3497 = LINE('',#3498,#3499);
#3498 = CARTESIAN_POINT('',(8.926498638837,-8.97,0.));
#3499 = VECTOR('',#3500,1.);
#3500 = DIRECTION('',(-0.,-0.,-1.));
#3501 = PCURVE('',#1217,#3502);
#3502 = DEFINITIONAL_REPRESENTATION('',(#3503),#3506);
#3503 = B_SPLINE_CURVE_WITH_KNOTS('',1,(#3504,#3505),.UNSPECIFIED.,.F.,
  .F.,(2,2),(-3.19,6.E-07),.PIECEWISE_BEZIER_KNOTS.);
#3504 = CARTESIAN_POINT('',(17.896498638837,-3.19));
#3505 = CARTESIAN_POINT('',(17.896498638837,6.E-07));
#3506 = ( GEOMETRIC_REPRESENTATION_CONTEXT(2) 
PARAMETRIC_REPRESENTATION_CONTEXT() REPRESENTATION_CONTEXT('2D SPACE',''
  ) );
#3507 = PCURVE('',#1250,#3508);
#3508 = DEFINITIONAL_REPRESENTATION('',(#3509),#3512);
#3509 = B_SPLINE_CURVE_WITH_KNOTS('',1,(#3510,#3511),.UNSPECIFIED.,.F.,
  .F.,(2,2),(-3.19,6.E-07),.PIECEWISE_BEZIER_KNOTS.);
#3510 = CARTESIAN_POINT('',(-5.472150912892,-3.19));
#3511 = CARTESIAN_POINT('',(-5.472150912892,6.E-07));
#3512 = ( GEOMETRIC_REPRESENTATION_CONTEXT(2) 
PARAMETRIC_REPRESENTATION_CONTEXT() REPRESENTATION_CONTEXT('2D SPACE',''
  ) );
#3513 = ORIENTED_EDGE('',*,*,#1199,.T.);
#3514 = ORIENTED_EDGE('',*,*,#3515,.F.);
#3515 = EDGE_CURVE('',#3473,#1202,#3516,.T.);
#3516 = SURFACE_CURVE('',#3517,(#3521,#3528),.PCURVE_S1.);
#3517 = LINE('',#3518,#3519);
#3518 = CARTESIAN_POINT('',(8.97,-8.97,0.));
#3519 = VECTOR('',#3520,1.);
#3520 = DIRECTION('',(0.,0.,1.));
#3521 = PCURVE('',#1217,#3522);
#3522 = DEFINITIONAL_REPRESENTATION('',(#3523),#3527);
#3523 = LINE('',#3524,#3525);
#3524 = CARTESIAN_POINT('',(17.94,0.));
#3525 = VECTOR('',#3526,1.);
#3526 = DIRECTION('',(0.,-1.));
#3527 = ( GEOMETRIC_REPRESENTATION_CONTEXT(2) 
PARAMETRIC_REPRESENTATION_CONTEXT() REPRESENTATION_CONTEXT('2D SPACE',''
  ) );
#3528 = PCURVE('',#1276,#3529);
#3529 = DEFINITIONAL_REPRESENTATION('',(#3530),#3534);
#3530 = LINE('',#3531,#3532);
#3531 = CARTESIAN_POINT('',(0.,0.));
#3532 = VECTOR('',#3533,1.);
#3533 = DIRECTION('',(0.,-1.));
#3534 = ( GEOMETRIC_REPRESENTATION_CONTEXT(2) 
PARAMETRIC_REPRESENTATION_CONTEXT() REPRESENTATION_CONTEXT('2D SPACE',''
  ) );
#3535 = ADVANCED_FACE('',(#3536),#1250,.T.);
#3536 = FACE_BOUND('',#3537,.F.);
#3537 = EDGE_LOOP('',(#3538,#3559,#3581,#3582));
#3538 = ORIENTED_EDGE('',*,*,#3539,.T.);
#3539 = EDGE_CURVE('',#1230,#3540,#3542,.T.);
#3540 = VERTEX_POINT('',#3541);
#3541 = CARTESIAN_POINT('',(8.97,-8.926498638837,0.));
#3542 = SURFACE_CURVE('',#3543,(#3547,#3553),.PCURVE_S1.);
#3543 = LINE('',#3544,#3545);
#3544 = CARTESIAN_POINT('',(8.97,-8.926498638837,0.));
#3545 = VECTOR('',#3546,1.);
#3546 = DIRECTION('',(-0.,-0.,-1.));
#3547 = PCURVE('',#1250,#3548);
#3548 = DEFINITIONAL_REPRESENTATION('',(#3549),#3552);
#3549 = B_SPLINE_CURVE_WITH_KNOTS('',1,(#3550,#3551),.UNSPECIFIED.,.F.,
  .F.,(2,2),(-3.19,6.E-07),.PIECEWISE_BEZIER_KNOTS.);
#3550 = CARTESIAN_POINT('',(-5.523423374672,-3.19));
#3551 = CARTESIAN_POINT('',(-5.523423374672,6.E-07));
#3552 = ( GEOMETRIC_REPRESENTATION_CONTEXT(2) 
PARAMETRIC_REPRESENTATION_CONTEXT() REPRESENTATION_CONTEXT('2D SPACE',''
  ) );
#3553 = PCURVE('',#1276,#3554);
#3554 = DEFINITIONAL_REPRESENTATION('',(#3555),#3558);
#3555 = B_SPLINE_CURVE_WITH_KNOTS('',1,(#3556,#3557),.UNSPECIFIED.,.F.,
  .F.,(2,2),(-3.19,6.E-07),.PIECEWISE_BEZIER_KNOTS.);
#3556 = CARTESIAN_POINT('',(4.350136116264E-02,-3.19));
#3557 = CARTESIAN_POINT('',(4.350136116264E-02,6.E-07));
#3558 = ( GEOMETRIC_REPRESENTATION_CONTEXT(2) 
PARAMETRIC_REPRESENTATION_CONTEXT() REPRESENTATION_CONTEXT('2D SPACE',''
  ) );
#3559 = ORIENTED_EDGE('',*,*,#3560,.F.);
#3560 = EDGE_CURVE('',#3471,#3540,#3561,.T.);
#3561 = SURFACE_CURVE('',#3562,(#3567,#3574),.PCURVE_S1.);
#3562 = CIRCLE('',#3563,1.2);
#3563 = AXIS2_PLACEMENT_3D('',#3564,#3565,#3566);
#3564 = CARTESIAN_POINT('',(8.1,-8.1,0.));
#3565 = DIRECTION('',(0.,0.,1.));
#3566 = DIRECTION('',(1.,0.,0.));
#3567 = PCURVE('',#1250,#3568);
#3568 = DEFINITIONAL_REPRESENTATION('',(#3569),#3573);
#3569 = LINE('',#3570,#3571);
#3570 = CARTESIAN_POINT('',(-0.,0.));
#3571 = VECTOR('',#3572,1.);
#3572 = DIRECTION('',(-1.,0.));
#3573 = ( GEOMETRIC_REPRESENTATION_CONTEXT(2) 
PARAMETRIC_REPRESENTATION_CONTEXT() REPRESENTATION_CONTEXT('2D SPACE',''
  ) );
#3574 = PCURVE('',#2468,#3575);
#3575 = DEFINITIONAL_REPRESENTATION('',(#3576),#3580);
#3576 = CIRCLE('',#3577,1.2);
#3577 = AXIS2_PLACEMENT_2D('',#3578,#3579);
#3578 = CARTESIAN_POINT('',(8.1,-8.1));
#3579 = DIRECTION('',(1.,0.));
#3580 = ( GEOMETRIC_REPRESENTATION_CONTEXT(2) 
PARAMETRIC_REPRESENTATION_CONTEXT() REPRESENTATION_CONTEXT('2D SPACE',''
  ) );
#3581 = ORIENTED_EDGE('',*,*,#3495,.F.);
#3582 = ORIENTED_EDGE('',*,*,#1229,.F.);
#3583 = ADVANCED_FACE('',(#3584),#1276,.T.);
#3584 = FACE_BOUND('',#3585,.T.);
#3585 = EDGE_LOOP('',(#3586,#3607,#3608,#3609));
#3586 = ORIENTED_EDGE('',*,*,#3587,.F.);
#3587 = EDGE_CURVE('',#3473,#3540,#3588,.T.);
#3588 = SURFACE_CURVE('',#3589,(#3593,#3600),.PCURVE_S1.);
#3589 = LINE('',#3590,#3591);
#3590 = CARTESIAN_POINT('',(8.97,-8.97,0.));
#3591 = VECTOR('',#3592,1.);
#3592 = DIRECTION('',(0.,1.,0.));
#3593 = PCURVE('',#1276,#3594);
#3594 = DEFINITIONAL_REPRESENTATION('',(#3595),#3599);
#3595 = LINE('',#3596,#3597);
#3596 = CARTESIAN_POINT('',(0.,0.));
#3597 = VECTOR('',#3598,1.);
#3598 = DIRECTION('',(1.,0.));
#3599 = ( GEOMETRIC_REPRESENTATION_CONTEXT(2) 
PARAMETRIC_REPRESENTATION_CONTEXT() REPRESENTATION_CONTEXT('2D SPACE',''
  ) );
#3600 = PCURVE('',#2468,#3601);
#3601 = DEFINITIONAL_REPRESENTATION('',(#3602),#3606);
#3602 = LINE('',#3603,#3604);
#3603 = CARTESIAN_POINT('',(8.97,-8.97));
#3604 = VECTOR('',#3605,1.);
#3605 = DIRECTION('',(0.,1.));
#3606 = ( GEOMETRIC_REPRESENTATION_CONTEXT(2) 
PARAMETRIC_REPRESENTATION_CONTEXT() REPRESENTATION_CONTEXT('2D SPACE',''
  ) );
#3607 = ORIENTED_EDGE('',*,*,#3515,.T.);
#3608 = ORIENTED_EDGE('',*,*,#1262,.T.);
#3609 = ORIENTED_EDGE('',*,*,#3539,.T.);
#3610 = ADVANCED_FACE('',(#3611),#1308,.T.);
#3611 = FACE_BOUND('',#3612,.T.);
#3612 = EDGE_LOOP('',(#3613,#3638,#3657,#3658));
#3613 = ORIENTED_EDGE('',*,*,#3614,.F.);
#3614 = EDGE_CURVE('',#3615,#3617,#3619,.T.);
#3615 = VERTEX_POINT('',#3616);
#3616 = CARTESIAN_POINT('',(8.97,8.926498638837,0.));
#3617 = VERTEX_POINT('',#3618);
#3618 = CARTESIAN_POINT('',(8.97,8.97,0.));
#3619 = SURFACE_CURVE('',#3620,(#3624,#3631),.PCURVE_S1.);
#3620 = LINE('',#3621,#3622);
#3621 = CARTESIAN_POINT('',(8.97,-8.97,0.));
#3622 = VECTOR('',#3623,1.);
#3623 = DIRECTION('',(0.,1.,0.));
#3624 = PCURVE('',#1308,#3625);
#3625 = DEFINITIONAL_REPRESENTATION('',(#3626),#3630);
#3626 = LINE('',#3627,#3628);
#3627 = CARTESIAN_POINT('',(0.,0.));
#3628 = VECTOR('',#3629,1.);
#3629 = DIRECTION('',(1.,0.));
#3630 = ( GEOMETRIC_REPRESENTATION_CONTEXT(2) 
PARAMETRIC_REPRESENTATION_CONTEXT() REPRESENTATION_CONTEXT('2D SPACE',''
  ) );
#3631 = PCURVE('',#2468,#3632);
#3632 = DEFINITIONAL_REPRESENTATION('',(#3633),#3637);
#3633 = LINE('',#3634,#3635);
#3634 = CARTESIAN_POINT('',(8.97,-8.97));
#3635 = VECTOR('',#3636,1.);
#3636 = DIRECTION('',(0.,1.));
#3637 = ( GEOMETRIC_REPRESENTATION_CONTEXT(2) 
PARAMETRIC_REPRESENTATION_CONTEXT() REPRESENTATION_CONTEXT('2D SPACE',''
  ) );
#3638 = ORIENTED_EDGE('',*,*,#3639,.F.);
#3639 = EDGE_CURVE('',#1291,#3615,#3640,.T.);
#3640 = SURFACE_CURVE('',#3641,(#3645,#3651),.PCURVE_S1.);
#3641 = LINE('',#3642,#3643);
#3642 = CARTESIAN_POINT('',(8.97,8.926498638837,0.));
#3643 = VECTOR('',#3644,1.);
#3644 = DIRECTION('',(-0.,-0.,-1.));
#3645 = PCURVE('',#1308,#3646);
#3646 = DEFINITIONAL_REPRESENTATION('',(#3647),#3650);
#3647 = B_SPLINE_CURVE_WITH_KNOTS('',1,(#3648,#3649),.UNSPECIFIED.,.F.,
  .F.,(2,2),(-3.19,6.E-07),.PIECEWISE_BEZIER_KNOTS.);
#3648 = CARTESIAN_POINT('',(17.896498638837,-3.19));
#3649 = CARTESIAN_POINT('',(17.896498638837,6.E-07));
#3650 = ( GEOMETRIC_REPRESENTATION_CONTEXT(2) 
PARAMETRIC_REPRESENTATION_CONTEXT() REPRESENTATION_CONTEXT('2D SPACE',''
  ) );
#3651 = PCURVE('',#1341,#3652);
#3652 = DEFINITIONAL_REPRESENTATION('',(#3653),#3656);
#3653 = B_SPLINE_CURVE_WITH_KNOTS('',1,(#3654,#3655),.UNSPECIFIED.,.F.,
  .F.,(2,2),(-3.19,6.E-07),.PIECEWISE_BEZIER_KNOTS.);
#3654 = CARTESIAN_POINT('',(-0.759761932507,-3.19));
#3655 = CARTESIAN_POINT('',(-0.759761932507,6.E-07));
#3656 = ( GEOMETRIC_REPRESENTATION_CONTEXT(2) 
PARAMETRIC_REPRESENTATION_CONTEXT() REPRESENTATION_CONTEXT('2D SPACE',''
  ) );
#3657 = ORIENTED_EDGE('',*,*,#1290,.T.);
#3658 = ORIENTED_EDGE('',*,*,#3659,.F.);
#3659 = EDGE_CURVE('',#3617,#1293,#3660,.T.);
#3660 = SURFACE_CURVE('',#3661,(#3665,#3672),.PCURVE_S1.);
#3661 = LINE('',#3662,#3663);
#3662 = CARTESIAN_POINT('',(8.97,8.97,0.));
#3663 = VECTOR('',#3664,1.);
#3664 = DIRECTION('',(0.,0.,1.));
#3665 = PCURVE('',#1308,#3666);
#3666 = DEFINITIONAL_REPRESENTATION('',(#3667),#3671);
#3667 = LINE('',#3668,#3669);
#3668 = CARTESIAN_POINT('',(17.94,0.));
#3669 = VECTOR('',#3670,1.);
#3670 = DIRECTION('',(0.,-1.));
#3671 = ( GEOMETRIC_REPRESENTATION_CONTEXT(2) 
PARAMETRIC_REPRESENTATION_CONTEXT() REPRESENTATION_CONTEXT('2D SPACE',''
  ) );
#3672 = PCURVE('',#1367,#3673);
#3673 = DEFINITIONAL_REPRESENTATION('',(#3674),#3678);
#3674 = LINE('',#3675,#3676);
#3675 = CARTESIAN_POINT('',(0.,-0.));
#3676 = VECTOR('',#3677,1.);
#3677 = DIRECTION('',(0.,-1.));
#3678 = ( GEOMETRIC_REPRESENTATION_CONTEXT(2) 
PARAMETRIC_REPRESENTATION_CONTEXT() REPRESENTATION_CONTEXT('2D SPACE',''
  ) );
#3679 = ADVANCED_FACE('',(#3680),#1341,.T.);
#3680 = FACE_BOUND('',#3681,.F.);
#3681 = EDGE_LOOP('',(#3682,#3706,#3707,#3708));
#3682 = ORIENTED_EDGE('',*,*,#3683,.F.);
#3683 = EDGE_CURVE('',#3615,#3684,#3686,.T.);
#3684 = VERTEX_POINT('',#3685);
#3685 = CARTESIAN_POINT('',(8.926498638837,8.97,0.));
#3686 = SURFACE_CURVE('',#3687,(#3692,#3699),.PCURVE_S1.);
#3687 = CIRCLE('',#3688,1.2);
#3688 = AXIS2_PLACEMENT_3D('',#3689,#3690,#3691);
#3689 = CARTESIAN_POINT('',(8.1,8.1,0.));
#3690 = DIRECTION('',(0.,0.,1.));
#3691 = DIRECTION('',(1.,0.,0.));
#3692 = PCURVE('',#1341,#3693);
#3693 = DEFINITIONAL_REPRESENTATION('',(#3694),#3698);
#3694 = LINE('',#3695,#3696);
#3695 = CARTESIAN_POINT('',(-0.,0.));
#3696 = VECTOR('',#3697,1.);
#3697 = DIRECTION('',(-1.,0.));
#3698 = ( GEOMETRIC_REPRESENTATION_CONTEXT(2) 
PARAMETRIC_REPRESENTATION_CONTEXT() REPRESENTATION_CONTEXT('2D SPACE',''
  ) );
#3699 = PCURVE('',#2468,#3700);
#3700 = DEFINITIONAL_REPRESENTATION('',(#3701),#3705);
#3701 = CIRCLE('',#3702,1.2);
#3702 = AXIS2_PLACEMENT_2D('',#3703,#3704);
#3703 = CARTESIAN_POINT('',(8.1,8.1));
#3704 = DIRECTION('',(1.,0.));
#3705 = ( GEOMETRIC_REPRESENTATION_CONTEXT(2) 
PARAMETRIC_REPRESENTATION_CONTEXT() REPRESENTATION_CONTEXT('2D SPACE',''
  ) );
#3706 = ORIENTED_EDGE('',*,*,#3639,.F.);
#3707 = ORIENTED_EDGE('',*,*,#1320,.F.);
#3708 = ORIENTED_EDGE('',*,*,#3709,.T.);
#3709 = EDGE_CURVE('',#1321,#3684,#3710,.T.);
#3710 = SURFACE_CURVE('',#3711,(#3715,#3721),.PCURVE_S1.);
#3711 = LINE('',#3712,#3713);
#3712 = CARTESIAN_POINT('',(8.926498638837,8.97,0.));
#3713 = VECTOR('',#3714,1.);
#3714 = DIRECTION('',(-0.,-0.,-1.));
#3715 = PCURVE('',#1341,#3716);
#3716 = DEFINITIONAL_REPRESENTATION('',(#3717),#3720);
#3717 = B_SPLINE_CURVE_WITH_KNOTS('',1,(#3718,#3719),.UNSPECIFIED.,.F.,
  .F.,(2,2),(-3.19,6.E-07),.PIECEWISE_BEZIER_KNOTS.);
#3718 = CARTESIAN_POINT('',(-0.811034394288,-3.19));
#3719 = CARTESIAN_POINT('',(-0.811034394288,6.E-07));
#3720 = ( GEOMETRIC_REPRESENTATION_CONTEXT(2) 
PARAMETRIC_REPRESENTATION_CONTEXT() REPRESENTATION_CONTEXT('2D SPACE',''
  ) );
#3721 = PCURVE('',#1367,#3722);
#3722 = DEFINITIONAL_REPRESENTATION('',(#3723),#3726);
#3723 = B_SPLINE_CURVE_WITH_KNOTS('',1,(#3724,#3725),.UNSPECIFIED.,.F.,
  .F.,(2,2),(-3.19,6.E-07),.PIECEWISE_BEZIER_KNOTS.);
#3724 = CARTESIAN_POINT('',(4.350136116264E-02,-3.19));
#3725 = CARTESIAN_POINT('',(4.350136116264E-02,6.E-07));
#3726 = ( GEOMETRIC_REPRESENTATION_CONTEXT(2) 
PARAMETRIC_REPRESENTATION_CONTEXT() REPRESENTATION_CONTEXT('2D SPACE',''
  ) );
#3727 = ADVANCED_FACE('',(#3728),#1367,.T.);
#3728 = FACE_BOUND('',#3729,.T.);
#3729 = EDGE_LOOP('',(#3730,#3751,#3752,#3753));
#3730 = ORIENTED_EDGE('',*,*,#3731,.F.);
#3731 = EDGE_CURVE('',#3617,#3684,#3732,.T.);
#3732 = SURFACE_CURVE('',#3733,(#3737,#3744),.PCURVE_S1.);
#3733 = LINE('',#3734,#3735);
#3734 = CARTESIAN_POINT('',(8.97,8.97,0.));
#3735 = VECTOR('',#3736,1.);
#3736 = DIRECTION('',(-1.,0.,0.));
#3737 = PCURVE('',#1367,#3738);
#3738 = DEFINITIONAL_REPRESENTATION('',(#3739),#3743);
#3739 = LINE('',#3740,#3741);
#3740 = CARTESIAN_POINT('',(0.,-0.));
#3741 = VECTOR('',#3742,1.);
#3742 = DIRECTION('',(1.,0.));
#3743 = ( GEOMETRIC_REPRESENTATION_CONTEXT(2) 
PARAMETRIC_REPRESENTATION_CONTEXT() REPRESENTATION_CONTEXT('2D SPACE',''
  ) );
#3744 = PCURVE('',#2468,#3745);
#3745 = DEFINITIONAL_REPRESENTATION('',(#3746),#3750);
#3746 = LINE('',#3747,#3748);
#3747 = CARTESIAN_POINT('',(8.97,8.97));
#3748 = VECTOR('',#3749,1.);
#3749 = DIRECTION('',(-1.,0.));
#3750 = ( GEOMETRIC_REPRESENTATION_CONTEXT(2) 
PARAMETRIC_REPRESENTATION_CONTEXT() REPRESENTATION_CONTEXT('2D SPACE',''
  ) );
#3751 = ORIENTED_EDGE('',*,*,#3659,.T.);
#3752 = ORIENTED_EDGE('',*,*,#1353,.T.);
#3753 = ORIENTED_EDGE('',*,*,#3709,.T.);
#3754 = ADVANCED_FACE('',(#3755),#1450,.F.);
#3755 = FACE_BOUND('',#3756,.F.);
#3756 = EDGE_LOOP('',(#3757,#3758,#3759,#3760,#3783,#3806));
#3757 = ORIENTED_EDGE('',*,*,#1649,.T.);
#3758 = ORIENTED_EDGE('',*,*,#1622,.T.);
#3759 = ORIENTED_EDGE('',*,*,#1432,.F.);
#3760 = ORIENTED_EDGE('',*,*,#3761,.F.);
#3761 = EDGE_CURVE('',#3762,#1433,#3764,.T.);
#3762 = VERTEX_POINT('',#3763);
#3763 = CARTESIAN_POINT('',(-4.4,10.95,2.9));
#3764 = SURFACE_CURVE('',#3765,(#3769,#3776),.PCURVE_S1.);
#3765 = LINE('',#3766,#3767);
#3766 = CARTESIAN_POINT('',(5.5,10.95,2.9));
#3767 = VECTOR('',#3768,1.);
#3768 = DIRECTION('',(-1.,0.,0.));
#3769 = PCURVE('',#1450,#3770);
#3770 = DEFINITIONAL_REPRESENTATION('',(#3771),#3775);
#3771 = LINE('',#3772,#3773);
#3772 = CARTESIAN_POINT('',(0.,-0.));
#3773 = VECTOR('',#3774,1.);
#3774 = DIRECTION('',(1.,0.));
#3775 = ( GEOMETRIC_REPRESENTATION_CONTEXT(2) 
PARAMETRIC_REPRESENTATION_CONTEXT() REPRESENTATION_CONTEXT('2D SPACE',''
  ) );
#3776 = PCURVE('',#1583,#3777);
#3777 = DEFINITIONAL_REPRESENTATION('',(#3778),#3782);
#3778 = LINE('',#3779,#3780);
#3779 = CARTESIAN_POINT('',(0.,-11.));
#3780 = VECTOR('',#3781,1.);
#3781 = DIRECTION('',(-0.,1.));
#3782 = ( GEOMETRIC_REPRESENTATION_CONTEXT(2) 
PARAMETRIC_REPRESENTATION_CONTEXT() REPRESENTATION_CONTEXT('2D SPACE',''
  ) );
#3783 = ORIENTED_EDGE('',*,*,#3784,.F.);
#3784 = EDGE_CURVE('',#3785,#3762,#3787,.T.);
#3785 = VERTEX_POINT('',#3786);
#3786 = CARTESIAN_POINT('',(4.4,10.95,2.9));
#3787 = SURFACE_CURVE('',#3788,(#3792,#3799),.PCURVE_S1.);
#3788 = LINE('',#3789,#3790);
#3789 = CARTESIAN_POINT('',(5.5,10.95,2.9));
#3790 = VECTOR('',#3791,1.);
#3791 = DIRECTION('',(-1.,0.,0.));
#3792 = PCURVE('',#1450,#3793);
#3793 = DEFINITIONAL_REPRESENTATION('',(#3794),#3798);
#3794 = LINE('',#3795,#3796);
#3795 = CARTESIAN_POINT('',(0.,-0.));
#3796 = VECTOR('',#3797,1.);
#3797 = DIRECTION('',(1.,0.));
#3798 = ( GEOMETRIC_REPRESENTATION_CONTEXT(2) 
PARAMETRIC_REPRESENTATION_CONTEXT() REPRESENTATION_CONTEXT('2D SPACE',''
  ) );
#3799 = PCURVE('',#1501,#3800);
#3800 = DEFINITIONAL_REPRESENTATION('',(#3801),#3805);
#3801 = LINE('',#3802,#3803);
#3802 = CARTESIAN_POINT('',(5.5,0.8825));
#3803 = VECTOR('',#3804,1.);
#3804 = DIRECTION('',(-1.,0.));
#3805 = ( GEOMETRIC_REPRESENTATION_CONTEXT(2) 
PARAMETRIC_REPRESENTATION_CONTEXT() REPRESENTATION_CONTEXT('2D SPACE',''
  ) );
#3806 = ORIENTED_EDGE('',*,*,#3807,.F.);
#3807 = EDGE_CURVE('',#1650,#3785,#3808,.T.);
#3808 = SURFACE_CURVE('',#3809,(#3813,#3820),.PCURVE_S1.);
#3809 = LINE('',#3810,#3811);
#3810 = CARTESIAN_POINT('',(5.5,10.95,2.9));
#3811 = VECTOR('',#3812,1.);
#3812 = DIRECTION('',(-1.,0.,0.));
#3813 = PCURVE('',#1450,#3814);
#3814 = DEFINITIONAL_REPRESENTATION('',(#3815),#3819);
#3815 = LINE('',#3816,#3817);
#3816 = CARTESIAN_POINT('',(0.,-0.));
#3817 = VECTOR('',#3818,1.);
#3818 = DIRECTION('',(1.,0.));
#3819 = ( GEOMETRIC_REPRESENTATION_CONTEXT(2) 
PARAMETRIC_REPRESENTATION_CONTEXT() REPRESENTATION_CONTEXT('2D SPACE',''
  ) );
#3820 = PCURVE('',#1688,#3821);
#3821 = DEFINITIONAL_REPRESENTATION('',(#3822),#3826);
#3822 = LINE('',#3823,#3824);
#3823 = CARTESIAN_POINT('',(0.,-1.1));
#3824 = VECTOR('',#3825,1.);
#3825 = DIRECTION('',(-0.,1.));
#3826 = ( GEOMETRIC_REPRESENTATION_CONTEXT(2) 
PARAMETRIC_REPRESENTATION_CONTEXT() REPRESENTATION_CONTEXT('2D SPACE',''
  ) );
#3827 = ADVANCED_FACE('',(#3828),#1501,.F.);
#3828 = FACE_BOUND('',#3829,.F.);
#3829 = EDGE_LOOP('',(#3830,#3853,#3854,#3855,#3856,#3879,#3905,#3906));
#3830 = ORIENTED_EDGE('',*,*,#3831,.F.);
#3831 = EDGE_CURVE('',#1486,#3832,#3834,.T.);
#3832 = VERTEX_POINT('',#3833);
#3833 = CARTESIAN_POINT('',(-4.4,9.77,2.9));
#3834 = SURFACE_CURVE('',#3835,(#3839,#3846),.PCURVE_S1.);
#3835 = LINE('',#3836,#3837);
#3836 = CARTESIAN_POINT('',(-5.5,9.77,2.9));
#3837 = VECTOR('',#3838,1.);
#3838 = DIRECTION('',(1.,0.,0.));
#3839 = PCURVE('',#1501,#3840);
#3840 = DEFINITIONAL_REPRESENTATION('',(#3841),#3845);
#3841 = LINE('',#3842,#3843);
#3842 = CARTESIAN_POINT('',(-5.5,-0.2975));
#3843 = VECTOR('',#3844,1.);
#3844 = DIRECTION('',(1.,0.));
#3845 = ( GEOMETRIC_REPRESENTATION_CONTEXT(2) 
PARAMETRIC_REPRESENTATION_CONTEXT() REPRESENTATION_CONTEXT('2D SPACE',''
  ) );
#3846 = PCURVE('',#1529,#3847);
#3847 = DEFINITIONAL_REPRESENTATION('',(#3848),#3852);
#3848 = LINE('',#3849,#3850);
#3849 = CARTESIAN_POINT('',(1.26,0.));
#3850 = VECTOR('',#3851,1.);
#3851 = DIRECTION('',(0.,-1.));
#3852 = ( GEOMETRIC_REPRESENTATION_CONTEXT(2) 
PARAMETRIC_REPRESENTATION_CONTEXT() REPRESENTATION_CONTEXT('2D SPACE',''
  ) );
#3853 = ORIENTED_EDGE('',*,*,#1485,.T.);
#3854 = ORIENTED_EDGE('',*,*,#2757,.F.);
#3855 = ORIENTED_EDGE('',*,*,#1751,.T.);
#3856 = ORIENTED_EDGE('',*,*,#3857,.F.);
#3857 = EDGE_CURVE('',#3858,#1724,#3860,.T.);
#3858 = VERTEX_POINT('',#3859);
#3859 = CARTESIAN_POINT('',(4.4,9.77,2.9));
#3860 = SURFACE_CURVE('',#3861,(#3865,#3872),.PCURVE_S1.);
#3861 = LINE('',#3862,#3863);
#3862 = CARTESIAN_POINT('',(4.4,9.77,2.9));
#3863 = VECTOR('',#3864,1.);
#3864 = DIRECTION('',(1.,0.,0.));
#3865 = PCURVE('',#1501,#3866);
#3866 = DEFINITIONAL_REPRESENTATION('',(#3867),#3871);
#3867 = LINE('',#3868,#3869);
#3868 = CARTESIAN_POINT('',(4.4,-0.2975));
#3869 = VECTOR('',#3870,1.);
#3870 = DIRECTION('',(1.,0.));
#3871 = ( GEOMETRIC_REPRESENTATION_CONTEXT(2) 
PARAMETRIC_REPRESENTATION_CONTEXT() REPRESENTATION_CONTEXT('2D SPACE',''
  ) );
#3872 = PCURVE('',#1739,#3873);
#3873 = DEFINITIONAL_REPRESENTATION('',(#3874),#3878);
#3874 = LINE('',#3875,#3876);
#3875 = CARTESIAN_POINT('',(1.26,0.));
#3876 = VECTOR('',#3877,1.);
#3877 = DIRECTION('',(0.,-1.));
#3878 = ( GEOMETRIC_REPRESENTATION_CONTEXT(2) 
PARAMETRIC_REPRESENTATION_CONTEXT() REPRESENTATION_CONTEXT('2D SPACE',''
  ) );
#3879 = ORIENTED_EDGE('',*,*,#3880,.T.);
#3880 = EDGE_CURVE('',#3858,#3785,#3881,.T.);
#3881 = SURFACE_CURVE('',#3882,(#3886,#3893),.PCURVE_S1.);
#3882 = LINE('',#3883,#3884);
#3883 = CARTESIAN_POINT('',(4.4,9.77,2.9));
#3884 = VECTOR('',#3885,1.);
#3885 = DIRECTION('',(0.,1.,0.));
#3886 = PCURVE('',#1501,#3887);
#3887 = DEFINITIONAL_REPRESENTATION('',(#3888),#3892);
#3888 = LINE('',#3889,#3890);
#3889 = CARTESIAN_POINT('',(4.4,-0.2975));
#3890 = VECTOR('',#3891,1.);
#3891 = DIRECTION('',(0.,1.));
#3892 = ( GEOMETRIC_REPRESENTATION_CONTEXT(2) 
PARAMETRIC_REPRESENTATION_CONTEXT() REPRESENTATION_CONTEXT('2D SPACE',''
  ) );
#3893 = PCURVE('',#3894,#3899);
#3894 = PLANE('',#3895);
#3895 = AXIS2_PLACEMENT_3D('',#3896,#3897,#3898);
#3896 = CARTESIAN_POINT('',(4.4,10.181566912541,2.448433087459));
#3897 = DIRECTION('',(-1.,-0.,-0.));
#3898 = DIRECTION('',(0.,0.,-1.));
#3899 = DEFINITIONAL_REPRESENTATION('',(#3900),#3904);
#3900 = LINE('',#3901,#3902);
#3901 = CARTESIAN_POINT('',(-0.451566912541,0.411566912541));
#3902 = VECTOR('',#3903,1.);
#3903 = DIRECTION('',(0.,-1.));
#3904 = ( GEOMETRIC_REPRESENTATION_CONTEXT(2) 
PARAMETRIC_REPRESENTATION_CONTEXT() REPRESENTATION_CONTEXT('2D SPACE',''
  ) );
#3905 = ORIENTED_EDGE('',*,*,#3784,.T.);
#3906 = ORIENTED_EDGE('',*,*,#3907,.F.);
#3907 = EDGE_CURVE('',#3832,#3762,#3908,.T.);
#3908 = SURFACE_CURVE('',#3909,(#3913,#3920),.PCURVE_S1.);
#3909 = LINE('',#3910,#3911);
#3910 = CARTESIAN_POINT('',(-4.4,9.77,2.9));
#3911 = VECTOR('',#3912,1.);
#3912 = DIRECTION('',(0.,1.,0.));
#3913 = PCURVE('',#1501,#3914);
#3914 = DEFINITIONAL_REPRESENTATION('',(#3915),#3919);
#3915 = LINE('',#3916,#3917);
#3916 = CARTESIAN_POINT('',(-4.4,-0.2975));
#3917 = VECTOR('',#3918,1.);
#3918 = DIRECTION('',(0.,1.));
#3919 = ( GEOMETRIC_REPRESENTATION_CONTEXT(2) 
PARAMETRIC_REPRESENTATION_CONTEXT() REPRESENTATION_CONTEXT('2D SPACE',''
  ) );
#3920 = PCURVE('',#3921,#3926);
#3921 = PLANE('',#3922);
#3922 = AXIS2_PLACEMENT_3D('',#3923,#3924,#3925);
#3923 = CARTESIAN_POINT('',(-4.4,10.181566912541,2.448433087459));
#3924 = DIRECTION('',(-1.,-0.,-0.));
#3925 = DIRECTION('',(0.,0.,-1.));
#3926 = DEFINITIONAL_REPRESENTATION('',(#3927),#3931);
#3927 = LINE('',#3928,#3929);
#3928 = CARTESIAN_POINT('',(-0.451566912541,0.411566912541));
#3929 = VECTOR('',#3930,1.);
#3930 = DIRECTION('',(0.,-1.));
#3931 = ( GEOMETRIC_REPRESENTATION_CONTEXT(2) 
PARAMETRIC_REPRESENTATION_CONTEXT() REPRESENTATION_CONTEXT('2D SPACE',''
  ) );
#3932 = ADVANCED_FACE('',(#3933),#1529,.T.);
#3933 = FACE_BOUND('',#3934,.T.);
#3934 = EDGE_LOOP('',(#3935,#3936,#3937,#3958));
#3935 = ORIENTED_EDGE('',*,*,#1513,.F.);
#3936 = ORIENTED_EDGE('',*,*,#2822,.F.);
#3937 = ORIENTED_EDGE('',*,*,#3938,.T.);
#3938 = EDGE_CURVE('',#2823,#3832,#3939,.T.);
#3939 = SURFACE_CURVE('',#3940,(#3944,#3951),.PCURVE_S1.);
#3940 = LINE('',#3941,#3942);
#3941 = CARTESIAN_POINT('',(-4.4,9.77,1.64));
#3942 = VECTOR('',#3943,1.);
#3943 = DIRECTION('',(0.,0.,1.));
#3944 = PCURVE('',#1529,#3945);
#3945 = DEFINITIONAL_REPRESENTATION('',(#3946),#3950);
#3946 = LINE('',#3947,#3948);
#3947 = CARTESIAN_POINT('',(0.,-1.1));
#3948 = VECTOR('',#3949,1.);
#3949 = DIRECTION('',(1.,0.));
#3950 = ( GEOMETRIC_REPRESENTATION_CONTEXT(2) 
PARAMETRIC_REPRESENTATION_CONTEXT() REPRESENTATION_CONTEXT('2D SPACE',''
  ) );
#3951 = PCURVE('',#3921,#3952);
#3952 = DEFINITIONAL_REPRESENTATION('',(#3953),#3957);
#3953 = LINE('',#3954,#3955);
#3954 = CARTESIAN_POINT('',(0.808433087459,0.411566912541));
#3955 = VECTOR('',#3956,1.);
#3956 = DIRECTION('',(-1.,0.));
#3957 = ( GEOMETRIC_REPRESENTATION_CONTEXT(2) 
PARAMETRIC_REPRESENTATION_CONTEXT() REPRESENTATION_CONTEXT('2D SPACE',''
  ) );
#3958 = ORIENTED_EDGE('',*,*,#3831,.F.);
#3959 = ADVANCED_FACE('',(#3960),#1557,.F.);
#3960 = FACE_BOUND('',#3961,.F.);
#3961 = EDGE_LOOP('',(#3962,#3985,#3986,#3987,#4010,#4031,#4032,#4055,
    #4076,#4077,#4078,#4101));
#3962 = ORIENTED_EDGE('',*,*,#3963,.T.);
#3963 = EDGE_CURVE('',#3964,#2735,#3966,.T.);
#3964 = VERTEX_POINT('',#3965);
#3965 = CARTESIAN_POINT('',(7.77,9.77,0.));
#3966 = SURFACE_CURVE('',#3967,(#3971,#3978),.PCURVE_S1.);
#3967 = LINE('',#3968,#3969);
#3968 = CARTESIAN_POINT('',(7.77,9.77,0.));
#3969 = VECTOR('',#3970,1.);
#3970 = DIRECTION('',(0.,0.,1.));
#3971 = PCURVE('',#1557,#3972);
#3972 = DEFINITIONAL_REPRESENTATION('',(#3973),#3977);
#3973 = LINE('',#3974,#3975);
#3974 = CARTESIAN_POINT('',(2.,0.));
#3975 = VECTOR('',#3976,1.);
#3976 = DIRECTION('',(0.,-1.));
#3977 = ( GEOMETRIC_REPRESENTATION_CONTEXT(2) 
PARAMETRIC_REPRESENTATION_CONTEXT() REPRESENTATION_CONTEXT('2D SPACE',''
  ) );
#3978 = PCURVE('',#3376,#3979);
#3979 = DEFINITIONAL_REPRESENTATION('',(#3980),#3984);
#3980 = LINE('',#3981,#3982);
#3981 = CARTESIAN_POINT('',(1.570796326795,0.));
#3982 = VECTOR('',#3983,1.);
#3983 = DIRECTION('',(0.,1.));
#3984 = ( GEOMETRIC_REPRESENTATION_CONTEXT(2) 
PARAMETRIC_REPRESENTATION_CONTEXT() REPRESENTATION_CONTEXT('2D SPACE',''
  ) );
#3985 = ORIENTED_EDGE('',*,*,#2889,.T.);
#3986 = ORIENTED_EDGE('',*,*,#1700,.F.);
#3987 = ORIENTED_EDGE('',*,*,#3988,.F.);
#3988 = EDGE_CURVE('',#3989,#1673,#3991,.T.);
#3989 = VERTEX_POINT('',#3990);
#3990 = CARTESIAN_POINT('',(4.4,9.77,1.64));
#3991 = SURFACE_CURVE('',#3992,(#3996,#4003),.PCURVE_S1.);
#3992 = LINE('',#3993,#3994);
#3993 = CARTESIAN_POINT('',(4.4,9.77,1.64));
#3994 = VECTOR('',#3995,1.);
#3995 = DIRECTION('',(1.,0.,0.));
#3996 = PCURVE('',#1557,#3997);
#3997 = DEFINITIONAL_REPRESENTATION('',(#3998),#4002);
#3998 = LINE('',#3999,#4000);
#3999 = CARTESIAN_POINT('',(5.37,-1.64));
#4000 = VECTOR('',#4001,1.);
#4001 = DIRECTION('',(-1.,-0.));
#4002 = ( GEOMETRIC_REPRESENTATION_CONTEXT(2) 
PARAMETRIC_REPRESENTATION_CONTEXT() REPRESENTATION_CONTEXT('2D SPACE',''
  ) );
#4003 = PCURVE('',#1688,#4004);
#4004 = DEFINITIONAL_REPRESENTATION('',(#4005),#4009);
#4005 = LINE('',#4006,#4007);
#4006 = CARTESIAN_POINT('',(1.726267650163,0.));
#4007 = VECTOR('',#4008,1.);
#4008 = DIRECTION('',(0.,-1.));
#4009 = ( GEOMETRIC_REPRESENTATION_CONTEXT(2) 
PARAMETRIC_REPRESENTATION_CONTEXT() REPRESENTATION_CONTEXT('2D SPACE',''
  ) );
#4010 = ORIENTED_EDGE('',*,*,#4011,.T.);
#4011 = EDGE_CURVE('',#3989,#2846,#4012,.T.);
#4012 = SURFACE_CURVE('',#4013,(#4017,#4024),.PCURVE_S1.);
#4013 = LINE('',#4014,#4015);
#4014 = CARTESIAN_POINT('',(4.4,9.77,1.64));
#4015 = VECTOR('',#4016,1.);
#4016 = DIRECTION('',(0.,0.,1.));
#4017 = PCURVE('',#1557,#4018);
#4018 = DEFINITIONAL_REPRESENTATION('',(#4019),#4023);
#4019 = LINE('',#4020,#4021);
#4020 = CARTESIAN_POINT('',(5.37,-1.64));
#4021 = VECTOR('',#4022,1.);
#4022 = DIRECTION('',(0.,-1.));
#4023 = ( GEOMETRIC_REPRESENTATION_CONTEXT(2) 
PARAMETRIC_REPRESENTATION_CONTEXT() REPRESENTATION_CONTEXT('2D SPACE',''
  ) );
#4024 = PCURVE('',#3894,#4025);
#4025 = DEFINITIONAL_REPRESENTATION('',(#4026),#4030);
#4026 = LINE('',#4027,#4028);
#4027 = CARTESIAN_POINT('',(0.808433087459,0.411566912541));
#4028 = VECTOR('',#4029,1.);
#4029 = DIRECTION('',(-1.,0.));
#4030 = ( GEOMETRIC_REPRESENTATION_CONTEXT(2) 
PARAMETRIC_REPRESENTATION_CONTEXT() REPRESENTATION_CONTEXT('2D SPACE',''
  ) );
#4031 = ORIENTED_EDGE('',*,*,#2845,.T.);
#4032 = ORIENTED_EDGE('',*,*,#4033,.F.);
#4033 = EDGE_CURVE('',#4034,#2823,#4036,.T.);
#4034 = VERTEX_POINT('',#4035);
#4035 = CARTESIAN_POINT('',(-4.4,9.77,1.64));
#4036 = SURFACE_CURVE('',#4037,(#4041,#4048),.PCURVE_S1.);
#4037 = LINE('',#4038,#4039);
#4038 = CARTESIAN_POINT('',(-4.4,9.77,1.64));
#4039 = VECTOR('',#4040,1.);
#4040 = DIRECTION('',(0.,0.,1.));
#4041 = PCURVE('',#1557,#4042);
#4042 = DEFINITIONAL_REPRESENTATION('',(#4043),#4047);
#4043 = LINE('',#4044,#4045);
#4044 = CARTESIAN_POINT('',(14.17,-1.64));
#4045 = VECTOR('',#4046,1.);
#4046 = DIRECTION('',(0.,-1.));
#4047 = ( GEOMETRIC_REPRESENTATION_CONTEXT(2) 
PARAMETRIC_REPRESENTATION_CONTEXT() REPRESENTATION_CONTEXT('2D SPACE',''
  ) );
#4048 = PCURVE('',#3921,#4049);
#4049 = DEFINITIONAL_REPRESENTATION('',(#4050),#4054);
#4050 = LINE('',#4051,#4052);
#4051 = CARTESIAN_POINT('',(0.808433087459,0.411566912541));
#4052 = VECTOR('',#4053,1.);
#4053 = DIRECTION('',(-1.,0.));
#4054 = ( GEOMETRIC_REPRESENTATION_CONTEXT(2) 
PARAMETRIC_REPRESENTATION_CONTEXT() REPRESENTATION_CONTEXT('2D SPACE',''
  ) );
#4055 = ORIENTED_EDGE('',*,*,#4056,.F.);
#4056 = EDGE_CURVE('',#1542,#4034,#4057,.T.);
#4057 = SURFACE_CURVE('',#4058,(#4062,#4069),.PCURVE_S1.);
#4058 = LINE('',#4059,#4060);
#4059 = CARTESIAN_POINT('',(-5.5,9.77,1.64));
#4060 = VECTOR('',#4061,1.);
#4061 = DIRECTION('',(1.,0.,0.));
#4062 = PCURVE('',#1557,#4063);
#4063 = DEFINITIONAL_REPRESENTATION('',(#4064),#4068);
#4064 = LINE('',#4065,#4066);
#4065 = CARTESIAN_POINT('',(15.27,-1.64));
#4066 = VECTOR('',#4067,1.);
#4067 = DIRECTION('',(-1.,-0.));
#4068 = ( GEOMETRIC_REPRESENTATION_CONTEXT(2) 
PARAMETRIC_REPRESENTATION_CONTEXT() REPRESENTATION_CONTEXT('2D SPACE',''
  ) );
#4069 = PCURVE('',#1583,#4070);
#4070 = DEFINITIONAL_REPRESENTATION('',(#4071),#4075);
#4071 = LINE('',#4072,#4073);
#4072 = CARTESIAN_POINT('',(1.726267650163,0.));
#4073 = VECTOR('',#4074,1.);
#4074 = DIRECTION('',(0.,-1.));
#4075 = ( GEOMETRIC_REPRESENTATION_CONTEXT(2) 
PARAMETRIC_REPRESENTATION_CONTEXT() REPRESENTATION_CONTEXT('2D SPACE',''
  ) );
#4076 = ORIENTED_EDGE('',*,*,#1541,.T.);
#4077 = ORIENTED_EDGE('',*,*,#2801,.T.);
#4078 = ORIENTED_EDGE('',*,*,#4079,.F.);
#4079 = EDGE_CURVE('',#4080,#2780,#4082,.T.);
#4080 = VERTEX_POINT('',#4081);
#4081 = CARTESIAN_POINT('',(-7.77,9.77,0.));
#4082 = SURFACE_CURVE('',#4083,(#4087,#4094),.PCURVE_S1.);
#4083 = LINE('',#4084,#4085);
#4084 = CARTESIAN_POINT('',(-7.77,9.77,0.));
#4085 = VECTOR('',#4086,1.);
#4086 = DIRECTION('',(0.,0.,1.));
#4087 = PCURVE('',#1557,#4088);
#4088 = DEFINITIONAL_REPRESENTATION('',(#4089),#4093);
#4089 = LINE('',#4090,#4091);
#4090 = CARTESIAN_POINT('',(17.54,0.));
#4091 = VECTOR('',#4092,1.);
#4092 = DIRECTION('',(0.,-1.));
#4093 = ( GEOMETRIC_REPRESENTATION_CONTEXT(2) 
PARAMETRIC_REPRESENTATION_CONTEXT() REPRESENTATION_CONTEXT('2D SPACE',''
  ) );
#4094 = PCURVE('',#2931,#4095);
#4095 = DEFINITIONAL_REPRESENTATION('',(#4096),#4100);
#4096 = LINE('',#4097,#4098);
#4097 = CARTESIAN_POINT('',(0.,0.));
#4098 = VECTOR('',#4099,1.);
#4099 = DIRECTION('',(0.,1.));
#4100 = ( GEOMETRIC_REPRESENTATION_CONTEXT(2) 
PARAMETRIC_REPRESENTATION_CONTEXT() REPRESENTATION_CONTEXT('2D SPACE',''
  ) );
#4101 = ORIENTED_EDGE('',*,*,#4102,.F.);
#4102 = EDGE_CURVE('',#3964,#4080,#4103,.T.);
#4103 = SURFACE_CURVE('',#4104,(#4108,#4115),.PCURVE_S1.);
#4104 = LINE('',#4105,#4106);
#4105 = CARTESIAN_POINT('',(9.77,9.77,0.));
#4106 = VECTOR('',#4107,1.);
#4107 = DIRECTION('',(-1.,0.,0.));
#4108 = PCURVE('',#1557,#4109);
#4109 = DEFINITIONAL_REPRESENTATION('',(#4110),#4114);
#4110 = LINE('',#4111,#4112);
#4111 = CARTESIAN_POINT('',(0.,-0.));
#4112 = VECTOR('',#4113,1.);
#4113 = DIRECTION('',(1.,0.));
#4114 = ( GEOMETRIC_REPRESENTATION_CONTEXT(2) 
PARAMETRIC_REPRESENTATION_CONTEXT() REPRESENTATION_CONTEXT('2D SPACE',''
  ) );
#4115 = PCURVE('',#2468,#4116);
#4116 = DEFINITIONAL_REPRESENTATION('',(#4117),#4121);
#4117 = LINE('',#4118,#4119);
#4118 = CARTESIAN_POINT('',(9.77,9.77));
#4119 = VECTOR('',#4120,1.);
#4120 = DIRECTION('',(-1.,0.));
#4121 = ( GEOMETRIC_REPRESENTATION_CONTEXT(2) 
PARAMETRIC_REPRESENTATION_CONTEXT() REPRESENTATION_CONTEXT('2D SPACE',''
  ) );
#4122 = ADVANCED_FACE('',(#4123),#1583,.T.);
#4123 = FACE_BOUND('',#4124,.T.);
#4124 = EDGE_LOOP('',(#4125,#4126,#4147,#4148));
#4125 = ORIENTED_EDGE('',*,*,#3761,.F.);
#4126 = ORIENTED_EDGE('',*,*,#4127,.T.);
#4127 = EDGE_CURVE('',#3762,#4034,#4128,.T.);
#4128 = SURFACE_CURVE('',#4129,(#4133,#4140),.PCURVE_S1.);
#4129 = LINE('',#4130,#4131);
#4130 = CARTESIAN_POINT('',(-4.4,10.95,2.9));
#4131 = VECTOR('',#4132,1.);
#4132 = DIRECTION('',(0.,-0.683555646709,-0.729898402418));
#4133 = PCURVE('',#1583,#4134);
#4134 = DEFINITIONAL_REPRESENTATION('',(#4135),#4139);
#4135 = LINE('',#4136,#4137);
#4136 = CARTESIAN_POINT('',(0.,-1.1));
#4137 = VECTOR('',#4138,1.);
#4138 = DIRECTION('',(1.,0.));
#4139 = ( GEOMETRIC_REPRESENTATION_CONTEXT(2) 
PARAMETRIC_REPRESENTATION_CONTEXT() REPRESENTATION_CONTEXT('2D SPACE',''
  ) );
#4140 = PCURVE('',#3921,#4141);
#4141 = DEFINITIONAL_REPRESENTATION('',(#4142),#4146);
#4142 = LINE('',#4143,#4144);
#4143 = CARTESIAN_POINT('',(-0.451566912541,-0.768433087459));
#4144 = VECTOR('',#4145,1.);
#4145 = DIRECTION('',(0.729898402418,0.683555646709));
#4146 = ( GEOMETRIC_REPRESENTATION_CONTEXT(2) 
PARAMETRIC_REPRESENTATION_CONTEXT() REPRESENTATION_CONTEXT('2D SPACE',''
  ) );
#4147 = ORIENTED_EDGE('',*,*,#4056,.F.);
#4148 = ORIENTED_EDGE('',*,*,#1569,.F.);
#4149 = ADVANCED_FACE('',(#4150),#1688,.T.);
#4150 = FACE_BOUND('',#4151,.T.);
#4151 = EDGE_LOOP('',(#4152,#4153,#4154,#4155));
#4152 = ORIENTED_EDGE('',*,*,#3807,.F.);
#4153 = ORIENTED_EDGE('',*,*,#1672,.T.);
#4154 = ORIENTED_EDGE('',*,*,#3988,.F.);
#4155 = ORIENTED_EDGE('',*,*,#4156,.F.);
#4156 = EDGE_CURVE('',#3785,#3989,#4157,.T.);
#4157 = SURFACE_CURVE('',#4158,(#4162,#4169),.PCURVE_S1.);
#4158 = LINE('',#4159,#4160);
#4159 = CARTESIAN_POINT('',(4.4,10.95,2.9));
#4160 = VECTOR('',#4161,1.);
#4161 = DIRECTION('',(0.,-0.683555646709,-0.729898402418));
#4162 = PCURVE('',#1688,#4163);
#4163 = DEFINITIONAL_REPRESENTATION('',(#4164),#4168);
#4164 = LINE('',#4165,#4166);
#4165 = CARTESIAN_POINT('',(0.,0.));
#4166 = VECTOR('',#4167,1.);
#4167 = DIRECTION('',(1.,0.));
#4168 = ( GEOMETRIC_REPRESENTATION_CONTEXT(2) 
PARAMETRIC_REPRESENTATION_CONTEXT() REPRESENTATION_CONTEXT('2D SPACE',''
  ) );
#4169 = PCURVE('',#3894,#4170);
#4170 = DEFINITIONAL_REPRESENTATION('',(#4171),#4175);
#4171 = LINE('',#4172,#4173);
#4172 = CARTESIAN_POINT('',(-0.451566912541,-0.768433087459));
#4173 = VECTOR('',#4174,1.);
#4174 = DIRECTION('',(0.729898402418,0.683555646709));
#4175 = ( GEOMETRIC_REPRESENTATION_CONTEXT(2) 
PARAMETRIC_REPRESENTATION_CONTEXT() REPRESENTATION_CONTEXT('2D SPACE',''
  ) );
#4176 = ADVANCED_FACE('',(#4177),#1739,.T.);
#4177 = FACE_BOUND('',#4178,.T.);
#4178 = EDGE_LOOP('',(#4179,#4200,#4201,#4202));
#4179 = ORIENTED_EDGE('',*,*,#4180,.F.);
#4180 = EDGE_CURVE('',#2846,#3858,#4181,.T.);
#4181 = SURFACE_CURVE('',#4182,(#4186,#4193),.PCURVE_S1.);
#4182 = LINE('',#4183,#4184);
#4183 = CARTESIAN_POINT('',(4.4,9.77,1.64));
#4184 = VECTOR('',#4185,1.);
#4185 = DIRECTION('',(0.,0.,1.));
#4186 = PCURVE('',#1739,#4187);
#4187 = DEFINITIONAL_REPRESENTATION('',(#4188),#4192);
#4188 = LINE('',#4189,#4190);
#4189 = CARTESIAN_POINT('',(0.,0.));
#4190 = VECTOR('',#4191,1.);
#4191 = DIRECTION('',(1.,0.));
#4192 = ( GEOMETRIC_REPRESENTATION_CONTEXT(2) 
PARAMETRIC_REPRESENTATION_CONTEXT() REPRESENTATION_CONTEXT('2D SPACE',''
  ) );
#4193 = PCURVE('',#3894,#4194);
#4194 = DEFINITIONAL_REPRESENTATION('',(#4195),#4199);
#4195 = LINE('',#4196,#4197);
#4196 = CARTESIAN_POINT('',(0.808433087459,0.411566912541));
#4197 = VECTOR('',#4198,1.);
#4198 = DIRECTION('',(-1.,0.));
#4199 = ( GEOMETRIC_REPRESENTATION_CONTEXT(2) 
PARAMETRIC_REPRESENTATION_CONTEXT() REPRESENTATION_CONTEXT('2D SPACE',''
  ) );
#4200 = ORIENTED_EDGE('',*,*,#2868,.F.);
#4201 = ORIENTED_EDGE('',*,*,#1723,.T.);
#4202 = ORIENTED_EDGE('',*,*,#3857,.F.);
#4203 = ADVANCED_FACE('',(#4204),#1794,.T.);
#4204 = FACE_BOUND('',#4205,.F.);
#4205 = EDGE_LOOP('',(#4206,#4207,#4208,#4228));
#4206 = ORIENTED_EDGE('',*,*,#1778,.T.);
#4207 = ORIENTED_EDGE('',*,*,#2261,.T.);
#4208 = ORIENTED_EDGE('',*,*,#4209,.F.);
#4209 = EDGE_CURVE('',#1832,#2262,#4210,.T.);
#4210 = SURFACE_CURVE('',#4211,(#4216,#4222),.PCURVE_S1.);
#4211 = CIRCLE('',#4212,0.3);
#4212 = AXIS2_PLACEMENT_3D('',#4213,#4214,#4215);
#4213 = CARTESIAN_POINT('',(-8.885,-7.185,6.86));
#4214 = DIRECTION('',(-0.,1.,0.));
#4215 = DIRECTION('',(-1.,-0.,0.));
#4216 = PCURVE('',#1794,#4217);
#4217 = DEFINITIONAL_REPRESENTATION('',(#4218),#4221);
#4218 = B_SPLINE_CURVE_WITH_KNOTS('',1,(#4219,#4220),.UNSPECIFIED.,.F.,
  .F.,(2,2),(0.,1.570796326795),.PIECEWISE_BEZIER_KNOTS.);
#4219 = CARTESIAN_POINT('',(0.,14.37));
#4220 = CARTESIAN_POINT('',(-1.570796326795,14.37));
#4221 = ( GEOMETRIC_REPRESENTATION_CONTEXT(2) 
PARAMETRIC_REPRESENTATION_CONTEXT() REPRESENTATION_CONTEXT('2D SPACE',''
  ) );
#4222 = PCURVE('',#2299,#4223);
#4223 = DEFINITIONAL_REPRESENTATION('',(#4224),#4227);
#4224 = B_SPLINE_CURVE_WITH_KNOTS('',1,(#4225,#4226),.UNSPECIFIED.,.F.,
  .F.,(2,2),(0.,1.570796326795),.PIECEWISE_BEZIER_KNOTS.);
#4225 = CARTESIAN_POINT('',(0.,0.));
#4226 = CARTESIAN_POINT('',(0.,1.570796326795));
#4227 = ( GEOMETRIC_REPRESENTATION_CONTEXT(2) 
PARAMETRIC_REPRESENTATION_CONTEXT() REPRESENTATION_CONTEXT('2D SPACE',''
  ) );
#4228 = ORIENTED_EDGE('',*,*,#1831,.F.);
#4229 = ADVANCED_FACE('',(#4230),#1897,.T.);
#4230 = FACE_BOUND('',#4231,.T.);
#4231 = EDGE_LOOP('',(#4232,#4233,#4256,#4284,#4312,#4338));
#4232 = ORIENTED_EDGE('',*,*,#1879,.F.);
#4233 = ORIENTED_EDGE('',*,*,#4234,.T.);
#4234 = EDGE_CURVE('',#1880,#4235,#4237,.T.);
#4235 = VERTEX_POINT('',#4236);
#4236 = CARTESIAN_POINT('',(-8.385,-8.385,5.16));
#4237 = SURFACE_CURVE('',#4238,(#4242,#4249),.PCURVE_S1.);
#4238 = LINE('',#4239,#4240);
#4239 = CARTESIAN_POINT('',(-8.385,-8.385,2.9));
#4240 = VECTOR('',#4241,1.);
#4241 = DIRECTION('',(0.,0.,1.));
#4242 = PCURVE('',#1897,#4243);
#4243 = DEFINITIONAL_REPRESENTATION('',(#4244),#4248);
#4244 = LINE('',#4245,#4246);
#4245 = CARTESIAN_POINT('',(0.,0.));
#4246 = VECTOR('',#4247,1.);
#4247 = DIRECTION('',(0.,-1.));
#4248 = ( GEOMETRIC_REPRESENTATION_CONTEXT(2) 
PARAMETRIC_REPRESENTATION_CONTEXT() REPRESENTATION_CONTEXT('2D SPACE',''
  ) );
#4249 = PCURVE('',#1925,#4250);
#4250 = DEFINITIONAL_REPRESENTATION('',(#4251),#4255);
#4251 = LINE('',#4252,#4253);
#4252 = CARTESIAN_POINT('',(16.77,0.));
#4253 = VECTOR('',#4254,1.);
#4254 = DIRECTION('',(0.,-1.));
#4255 = ( GEOMETRIC_REPRESENTATION_CONTEXT(2) 
PARAMETRIC_REPRESENTATION_CONTEXT() REPRESENTATION_CONTEXT('2D SPACE',''
  ) );
#4256 = ORIENTED_EDGE('',*,*,#4257,.T.);
#4257 = EDGE_CURVE('',#4235,#4258,#4260,.T.);
#4258 = VERTEX_POINT('',#4259);
#4259 = CARTESIAN_POINT('',(8.385,-8.385,5.16));
#4260 = SURFACE_CURVE('',#4261,(#4265,#4272),.PCURVE_S1.);
#4261 = LINE('',#4262,#4263);
#4262 = CARTESIAN_POINT('',(-8.385,-8.385,5.16));
#4263 = VECTOR('',#4264,1.);
#4264 = DIRECTION('',(1.,0.,0.));
#4265 = PCURVE('',#1897,#4266);
#4266 = DEFINITIONAL_REPRESENTATION('',(#4267),#4271);
#4267 = LINE('',#4268,#4269);
#4268 = CARTESIAN_POINT('',(0.,-2.26));
#4269 = VECTOR('',#4270,1.);
#4270 = DIRECTION('',(1.,0.));
#4271 = ( GEOMETRIC_REPRESENTATION_CONTEXT(2) 
PARAMETRIC_REPRESENTATION_CONTEXT() REPRESENTATION_CONTEXT('2D SPACE',''
  ) );
#4272 = PCURVE('',#4273,#4278);
#4273 = PLANE('',#4274);
#4274 = AXIS2_PLACEMENT_3D('',#4275,#4276,#4277);
#4275 = CARTESIAN_POINT('',(0.,0.,5.16));
#4276 = DIRECTION('',(0.,0.,1.));
#4277 = DIRECTION('',(1.,0.,-0.));
#4278 = DEFINITIONAL_REPRESENTATION('',(#4279),#4283);
#4279 = LINE('',#4280,#4281);
#4280 = CARTESIAN_POINT('',(-8.385,-8.385));
#4281 = VECTOR('',#4282,1.);
#4282 = DIRECTION('',(1.,0.));
#4283 = ( GEOMETRIC_REPRESENTATION_CONTEXT(2) 
PARAMETRIC_REPRESENTATION_CONTEXT() REPRESENTATION_CONTEXT('2D SPACE',''
  ) );
#4284 = ORIENTED_EDGE('',*,*,#4285,.F.);
#4285 = EDGE_CURVE('',#4286,#4258,#4288,.T.);
#4286 = VERTEX_POINT('',#4287);
#4287 = CARTESIAN_POINT('',(8.385,-8.385,4.5));
#4288 = SURFACE_CURVE('',#4289,(#4293,#4300),.PCURVE_S1.);
#4289 = LINE('',#4290,#4291);
#4290 = CARTESIAN_POINT('',(8.385,-8.385,2.9));
#4291 = VECTOR('',#4292,1.);
#4292 = DIRECTION('',(0.,0.,1.));
#4293 = PCURVE('',#1897,#4294);
#4294 = DEFINITIONAL_REPRESENTATION('',(#4295),#4299);
#4295 = LINE('',#4296,#4297);
#4296 = CARTESIAN_POINT('',(16.77,0.));
#4297 = VECTOR('',#4298,1.);
#4298 = DIRECTION('',(0.,-1.));
#4299 = ( GEOMETRIC_REPRESENTATION_CONTEXT(2) 
PARAMETRIC_REPRESENTATION_CONTEXT() REPRESENTATION_CONTEXT('2D SPACE',''
  ) );
#4300 = PCURVE('',#4301,#4306);
#4301 = PLANE('',#4302);
#4302 = AXIS2_PLACEMENT_3D('',#4303,#4304,#4305);
#4303 = CARTESIAN_POINT('',(8.385,-8.385,2.9));
#4304 = DIRECTION('',(-1.,0.,0.));
#4305 = DIRECTION('',(0.,1.,0.));
#4306 = DEFINITIONAL_REPRESENTATION('',(#4307),#4311);
#4307 = LINE('',#4308,#4309);
#4308 = CARTESIAN_POINT('',(0.,0.));
#4309 = VECTOR('',#4310,1.);
#4310 = DIRECTION('',(0.,-1.));
#4311 = ( GEOMETRIC_REPRESENTATION_CONTEXT(2) 
PARAMETRIC_REPRESENTATION_CONTEXT() REPRESENTATION_CONTEXT('2D SPACE',''
  ) );
#4312 = ORIENTED_EDGE('',*,*,#4313,.F.);
#4313 = EDGE_CURVE('',#4314,#4286,#4316,.T.);
#4314 = VERTEX_POINT('',#4315);
#4315 = CARTESIAN_POINT('',(6.934334953771,-8.385,4.5));
#4316 = SURFACE_CURVE('',#4317,(#4321,#4327),.PCURVE_S1.);
#4317 = LINE('',#4318,#4319);
#4318 = CARTESIAN_POINT('',(-0.1425,-8.385,4.5));
#4319 = VECTOR('',#4320,1.);
#4320 = DIRECTION('',(1.,0.,0.));
#4321 = PCURVE('',#1897,#4322);
#4322 = DEFINITIONAL_REPRESENTATION('',(#4323),#4326);
#4323 = B_SPLINE_CURVE_WITH_KNOTS('',1,(#4324,#4325),.UNSPECIFIED.,.F.,
  .F.,(2,2),(7.0425,8.5275),.PIECEWISE_BEZIER_KNOTS.);
#4324 = CARTESIAN_POINT('',(15.285,-1.6));
#4325 = CARTESIAN_POINT('',(16.77,-1.6));
#4326 = ( GEOMETRIC_REPRESENTATION_CONTEXT(2) 
PARAMETRIC_REPRESENTATION_CONTEXT() REPRESENTATION_CONTEXT('2D SPACE',''
  ) );
#4327 = PCURVE('',#4328,#4333);
#4328 = PLANE('',#4329);
#4329 = AXIS2_PLACEMENT_3D('',#4330,#4331,#4332);
#4330 = CARTESIAN_POINT('',(8.1,-8.1,4.5));
#4331 = DIRECTION('',(0.,0.,1.));
#4332 = DIRECTION('',(1.,0.,-0.));
#4333 = DEFINITIONAL_REPRESENTATION('',(#4334),#4337);
#4334 = B_SPLINE_CURVE_WITH_KNOTS('',1,(#4335,#4336),.UNSPECIFIED.,.F.,
  .F.,(2,2),(7.0425,8.5275),.PIECEWISE_BEZIER_KNOTS.);
#4335 = CARTESIAN_POINT('',(-1.2,-0.285));
#4336 = CARTESIAN_POINT('',(0.285,-0.285));
#4337 = ( GEOMETRIC_REPRESENTATION_CONTEXT(2) 
PARAMETRIC_REPRESENTATION_CONTEXT() REPRESENTATION_CONTEXT('2D SPACE',''
  ) );
#4338 = ORIENTED_EDGE('',*,*,#4339,.T.);
#4339 = EDGE_CURVE('',#4314,#1882,#4340,.T.);
#4340 = SURFACE_CURVE('',#4341,(#4345,#4351),.PCURVE_S1.);
#4341 = LINE('',#4342,#4343);
#4342 = CARTESIAN_POINT('',(6.934334953771,-8.385,0.));
#4343 = VECTOR('',#4344,1.);
#4344 = DIRECTION('',(-0.,-0.,-1.));
#4345 = PCURVE('',#1897,#4346);
#4346 = DEFINITIONAL_REPRESENTATION('',(#4347),#4350);
#4347 = B_SPLINE_CURVE_WITH_KNOTS('',1,(#4348,#4349),.UNSPECIFIED.,.F.,
  .F.,(2,2),(-4.5000006,-2.674),.PIECEWISE_BEZIER_KNOTS.);
#4348 = CARTESIAN_POINT('',(15.319334953771,-1.6000006));
#4349 = CARTESIAN_POINT('',(15.319334953771,0.226));
#4350 = ( GEOMETRIC_REPRESENTATION_CONTEXT(2) 
PARAMETRIC_REPRESENTATION_CONTEXT() REPRESENTATION_CONTEXT('2D SPACE',''
  ) );
#4351 = PCURVE('',#2109,#4352);
#4352 = DEFINITIONAL_REPRESENTATION('',(#4353),#4356);
#4353 = B_SPLINE_CURVE_WITH_KNOTS('',1,(#4354,#4355),.UNSPECIFIED.,.F.,
  .F.,(2,2),(-4.5000006,-2.674),.PIECEWISE_BEZIER_KNOTS.);
#4354 = CARTESIAN_POINT('',(-3.38138405343,-4.5000006));
#4355 = CARTESIAN_POINT('',(-3.38138405343,-2.674));
#4356 = ( GEOMETRIC_REPRESENTATION_CONTEXT(2) 
PARAMETRIC_REPRESENTATION_CONTEXT() REPRESENTATION_CONTEXT('2D SPACE',''
  ) );
#4357 = ADVANCED_FACE('',(#4358),#2109,.T.);
#4358 = FACE_BOUND('',#4359,.F.);
#4359 = EDGE_LOOP('',(#4360,#4384,#4410,#4443,#4464,#4486,#4487,#4488));
#4360 = ORIENTED_EDGE('',*,*,#4361,.F.);
#4361 = EDGE_CURVE('',#4362,#2453,#4364,.T.);
#4362 = VERTEX_POINT('',#4363);
#4363 = CARTESIAN_POINT('',(8.97,-7.273501361163,0.));
#4364 = SURFACE_CURVE('',#4365,(#4370,#4377),.PCURVE_S1.);
#4365 = CIRCLE('',#4366,1.2);
#4366 = AXIS2_PLACEMENT_3D('',#4367,#4368,#4369);
#4367 = CARTESIAN_POINT('',(8.1,-8.1,0.));
#4368 = DIRECTION('',(0.,0.,1.));
#4369 = DIRECTION('',(1.,0.,0.));
#4370 = PCURVE('',#2109,#4371);
#4371 = DEFINITIONAL_REPRESENTATION('',(#4372),#4376);
#4372 = LINE('',#4373,#4374);
#4373 = CARTESIAN_POINT('',(-0.,0.));
#4374 = VECTOR('',#4375,1.);
#4375 = DIRECTION('',(-1.,0.));
#4376 = ( GEOMETRIC_REPRESENTATION_CONTEXT(2) 
PARAMETRIC_REPRESENTATION_CONTEXT() REPRESENTATION_CONTEXT('2D SPACE',''
  ) );
#4377 = PCURVE('',#2468,#4378);
#4378 = DEFINITIONAL_REPRESENTATION('',(#4379),#4383);
#4379 = CIRCLE('',#4380,1.2);
#4380 = AXIS2_PLACEMENT_2D('',#4381,#4382);
#4381 = CARTESIAN_POINT('',(8.1,-8.1));
#4382 = DIRECTION('',(1.,0.));
#4383 = ( GEOMETRIC_REPRESENTATION_CONTEXT(2) 
PARAMETRIC_REPRESENTATION_CONTEXT() REPRESENTATION_CONTEXT('2D SPACE',''
  ) );
#4384 = ORIENTED_EDGE('',*,*,#4385,.F.);
#4385 = EDGE_CURVE('',#4386,#4362,#4388,.T.);
#4386 = VERTEX_POINT('',#4387);
#4387 = CARTESIAN_POINT('',(8.97,-7.273501361163,2.9));
#4388 = SURFACE_CURVE('',#4389,(#4393,#4399),.PCURVE_S1.);
#4389 = LINE('',#4390,#4391);
#4390 = CARTESIAN_POINT('',(8.97,-7.273501361163,0.));
#4391 = VECTOR('',#4392,1.);
#4392 = DIRECTION('',(-0.,-0.,-1.));
#4393 = PCURVE('',#2109,#4394);
#4394 = DEFINITIONAL_REPRESENTATION('',(#4395),#4398);
#4395 = B_SPLINE_CURVE_WITH_KNOTS('',1,(#4396,#4397),.UNSPECIFIED.,.F.,
  .F.,(2,2),(-3.19,6.E-07),.PIECEWISE_BEZIER_KNOTS.);
#4396 = CARTESIAN_POINT('',(-0.759761932507,-3.19));
#4397 = CARTESIAN_POINT('',(-0.759761932507,6.E-07));
#4398 = ( GEOMETRIC_REPRESENTATION_CONTEXT(2) 
PARAMETRIC_REPRESENTATION_CONTEXT() REPRESENTATION_CONTEXT('2D SPACE',''
  ) );
#4399 = PCURVE('',#4400,#4405);
#4400 = PLANE('',#4401);
#4401 = AXIS2_PLACEMENT_3D('',#4402,#4403,#4404);
#4402 = CARTESIAN_POINT('',(8.97,-8.97,0.));
#4403 = DIRECTION('',(-1.,0.,0.));
#4404 = DIRECTION('',(0.,1.,0.));
#4405 = DEFINITIONAL_REPRESENTATION('',(#4406),#4409);
#4406 = B_SPLINE_CURVE_WITH_KNOTS('',1,(#4407,#4408),.UNSPECIFIED.,.F.,
  .F.,(2,2),(-3.19,6.E-07),.PIECEWISE_BEZIER_KNOTS.);
#4407 = CARTESIAN_POINT('',(1.696498638837,-3.19));
#4408 = CARTESIAN_POINT('',(1.696498638837,6.E-07));
#4409 = ( GEOMETRIC_REPRESENTATION_CONTEXT(2) 
PARAMETRIC_REPRESENTATION_CONTEXT() REPRESENTATION_CONTEXT('2D SPACE',''
  ) );
#4410 = ORIENTED_EDGE('',*,*,#4411,.F.);
#4411 = EDGE_CURVE('',#4412,#4386,#4414,.T.);
#4412 = VERTEX_POINT('',#4413);
#4413 = CARTESIAN_POINT('',(8.385,-6.934334953771,2.9));
#4414 = SURFACE_CURVE('',#4415,(#4420,#4427),.PCURVE_S1.);
#4415 = CIRCLE('',#4416,1.2);
#4416 = AXIS2_PLACEMENT_3D('',#4417,#4418,#4419);
#4417 = CARTESIAN_POINT('',(8.1,-8.1,2.9));
#4418 = DIRECTION('',(0.,0.,-1.));
#4419 = DIRECTION('',(1.,0.,0.));
#4420 = PCURVE('',#2109,#4421);
#4421 = DEFINITIONAL_REPRESENTATION('',(#4422),#4426);
#4422 = LINE('',#4423,#4424);
#4423 = CARTESIAN_POINT('',(-6.28318530718,-2.9));
#4424 = VECTOR('',#4425,1.);
#4425 = DIRECTION('',(1.,-0.));
#4426 = ( GEOMETRIC_REPRESENTATION_CONTEXT(2) 
PARAMETRIC_REPRESENTATION_CONTEXT() REPRESENTATION_CONTEXT('2D SPACE',''
  ) );
#4427 = PCURVE('',#4428,#4433);
#4428 = PLANE('',#4429);
#4429 = AXIS2_PLACEMENT_3D('',#4430,#4431,#4432);
#4430 = CARTESIAN_POINT('',(0.,0.,2.9));
#4431 = DIRECTION('',(0.,0.,1.));
#4432 = DIRECTION('',(1.,0.,-0.));
#4433 = DEFINITIONAL_REPRESENTATION('',(#4434),#4442);
#4434 = ( BOUNDED_CURVE() B_SPLINE_CURVE(2,(#4435,#4436,#4437,#4438,
#4439,#4440,#4441),.UNSPECIFIED.,.T.,.F.) B_SPLINE_CURVE_WITH_KNOTS((1,2
    ,2,2,2,1),(-2.094395102393,0.,2.094395102393,4.188790204786,
6.28318530718,8.377580409573),.UNSPECIFIED.) CURVE() 
GEOMETRIC_REPRESENTATION_ITEM() RATIONAL_B_SPLINE_CURVE((1.,0.5,1.,0.5,
1.,0.5,1.)) REPRESENTATION_ITEM('') );
#4435 = CARTESIAN_POINT('',(9.3,-8.1));
#4436 = CARTESIAN_POINT('',(9.3,-10.17846096908));
#4437 = CARTESIAN_POINT('',(7.5,-9.139230484541));
#4438 = CARTESIAN_POINT('',(5.7,-8.1));
#4439 = CARTESIAN_POINT('',(7.5,-7.060769515459));
#4440 = CARTESIAN_POINT('',(9.3,-6.021539030917));
#4441 = CARTESIAN_POINT('',(9.3,-8.1));
#4442 = ( GEOMETRIC_REPRESENTATION_CONTEXT(2) 
PARAMETRIC_REPRESENTATION_CONTEXT() REPRESENTATION_CONTEXT('2D SPACE',''
  ) );
#4443 = ORIENTED_EDGE('',*,*,#4444,.F.);
#4444 = EDGE_CURVE('',#4445,#4412,#4447,.T.);
#4445 = VERTEX_POINT('',#4446);
#4446 = CARTESIAN_POINT('',(8.385,-6.934334953771,4.5));
#4447 = SURFACE_CURVE('',#4448,(#4452,#4458),.PCURVE_S1.);
#4448 = LINE('',#4449,#4450);
#4449 = CARTESIAN_POINT('',(8.385,-6.934334953771,0.));
#4450 = VECTOR('',#4451,1.);
#4451 = DIRECTION('',(-0.,-0.,-1.));
#4452 = PCURVE('',#2109,#4453);
#4453 = DEFINITIONAL_REPRESENTATION('',(#4454),#4457);
#4454 = B_SPLINE_CURVE_WITH_KNOTS('',1,(#4455,#4456),.UNSPECIFIED.,.F.,
  .F.,(2,2),(-4.5000006,-2.674),.PIECEWISE_BEZIER_KNOTS.);
#4455 = CARTESIAN_POINT('',(-1.331004926955,-4.5000006));
#4456 = CARTESIAN_POINT('',(-1.331004926955,-2.674));
#4457 = ( GEOMETRIC_REPRESENTATION_CONTEXT(2) 
PARAMETRIC_REPRESENTATION_CONTEXT() REPRESENTATION_CONTEXT('2D SPACE',''
  ) );
#4458 = PCURVE('',#4301,#4459);
#4459 = DEFINITIONAL_REPRESENTATION('',(#4460),#4463);
#4460 = B_SPLINE_CURVE_WITH_KNOTS('',1,(#4461,#4462),.UNSPECIFIED.,.F.,
  .F.,(2,2),(-4.5000006,-2.674),.PIECEWISE_BEZIER_KNOTS.);
#4461 = CARTESIAN_POINT('',(1.450665046229,-1.6000006));
#4462 = CARTESIAN_POINT('',(1.450665046229,0.226));
#4463 = ( GEOMETRIC_REPRESENTATION_CONTEXT(2) 
PARAMETRIC_REPRESENTATION_CONTEXT() REPRESENTATION_CONTEXT('2D SPACE',''
  ) );
#4464 = ORIENTED_EDGE('',*,*,#4465,.T.);
#4465 = EDGE_CURVE('',#4445,#4314,#4466,.T.);
#4466 = SURFACE_CURVE('',#4467,(#4472,#4479),.PCURVE_S1.);
#4467 = CIRCLE('',#4468,1.2);
#4468 = AXIS2_PLACEMENT_3D('',#4469,#4470,#4471);
#4469 = CARTESIAN_POINT('',(8.1,-8.1,4.5));
#4470 = DIRECTION('',(0.,0.,1.));
#4471 = DIRECTION('',(1.,0.,0.));
#4472 = PCURVE('',#2109,#4473);
#4473 = DEFINITIONAL_REPRESENTATION('',(#4474),#4478);
#4474 = LINE('',#4475,#4476);
#4475 = CARTESIAN_POINT('',(-0.,-4.5));
#4476 = VECTOR('',#4477,1.);
#4477 = DIRECTION('',(-1.,0.));
#4478 = ( GEOMETRIC_REPRESENTATION_CONTEXT(2) 
PARAMETRIC_REPRESENTATION_CONTEXT() REPRESENTATION_CONTEXT('2D SPACE',''
  ) );
#4479 = PCURVE('',#4328,#4480);
#4480 = DEFINITIONAL_REPRESENTATION('',(#4481),#4485);
#4481 = CIRCLE('',#4482,1.2);
#4482 = AXIS2_PLACEMENT_2D('',#4483,#4484);
#4483 = CARTESIAN_POINT('',(0.,0.));
#4484 = DIRECTION('',(1.,0.));
#4485 = ( GEOMETRIC_REPRESENTATION_CONTEXT(2) 
PARAMETRIC_REPRESENTATION_CONTEXT() REPRESENTATION_CONTEXT('2D SPACE',''
  ) );
#4486 = ORIENTED_EDGE('',*,*,#4339,.T.);
#4487 = ORIENTED_EDGE('',*,*,#2090,.F.);
#4488 = ORIENTED_EDGE('',*,*,#2530,.T.);
#4489 = ADVANCED_FACE('',(#4490),#1986,.T.);
#4490 = FACE_BOUND('',#4491,.F.);
#4491 = EDGE_LOOP('',(#4492,#4515,#4537,#4538,#4539,#4560,#4589,#4610));
#4492 = ORIENTED_EDGE('',*,*,#4493,.T.);
#4493 = EDGE_CURVE('',#4494,#4496,#4498,.T.);
#4494 = VERTEX_POINT('',#4495);
#4495 = CARTESIAN_POINT('',(8.97,7.273501361163,2.9));
#4496 = VERTEX_POINT('',#4497);
#4497 = CARTESIAN_POINT('',(8.97,7.273501361163,0.));
#4498 = SURFACE_CURVE('',#4499,(#4503,#4509),.PCURVE_S1.);
#4499 = LINE('',#4500,#4501);
#4500 = CARTESIAN_POINT('',(8.97,7.273501361163,0.));
#4501 = VECTOR('',#4502,1.);
#4502 = DIRECTION('',(-0.,-0.,-1.));
#4503 = PCURVE('',#1986,#4504);
#4504 = DEFINITIONAL_REPRESENTATION('',(#4505),#4508);
#4505 = B_SPLINE_CURVE_WITH_KNOTS('',1,(#4506,#4507),.UNSPECIFIED.,.F.,
  .F.,(2,2),(-3.19,6.E-07),.PIECEWISE_BEZIER_KNOTS.);
#4506 = CARTESIAN_POINT('',(-5.523423374672,-3.19));
#4507 = CARTESIAN_POINT('',(-5.523423374672,6.E-07));
#4508 = ( GEOMETRIC_REPRESENTATION_CONTEXT(2) 
PARAMETRIC_REPRESENTATION_CONTEXT() REPRESENTATION_CONTEXT('2D SPACE',''
  ) );
#4509 = PCURVE('',#4400,#4510);
#4510 = DEFINITIONAL_REPRESENTATION('',(#4511),#4514);
#4511 = B_SPLINE_CURVE_WITH_KNOTS('',1,(#4512,#4513),.UNSPECIFIED.,.F.,
  .F.,(2,2),(-3.19,6.E-07),.PIECEWISE_BEZIER_KNOTS.);
#4512 = CARTESIAN_POINT('',(16.243501361163,-3.19));
#4513 = CARTESIAN_POINT('',(16.243501361163,6.E-07));
#4514 = ( GEOMETRIC_REPRESENTATION_CONTEXT(2) 
PARAMETRIC_REPRESENTATION_CONTEXT() REPRESENTATION_CONTEXT('2D SPACE',''
  ) );
#4515 = ORIENTED_EDGE('',*,*,#4516,.F.);
#4516 = EDGE_CURVE('',#2687,#4496,#4517,.T.);
#4517 = SURFACE_CURVE('',#4518,(#4523,#4530),.PCURVE_S1.);
#4518 = CIRCLE('',#4519,1.2);
#4519 = AXIS2_PLACEMENT_3D('',#4520,#4521,#4522);
#4520 = CARTESIAN_POINT('',(8.1,8.1,0.));
#4521 = DIRECTION('',(0.,0.,1.));
#4522 = DIRECTION('',(1.,0.,0.));
#4523 = PCURVE('',#1986,#4524);
#4524 = DEFINITIONAL_REPRESENTATION('',(#4525),#4529);
#4525 = LINE('',#4526,#4527);
#4526 = CARTESIAN_POINT('',(-0.,0.));
#4527 = VECTOR('',#4528,1.);
#4528 = DIRECTION('',(-1.,0.));
#4529 = ( GEOMETRIC_REPRESENTATION_CONTEXT(2) 
PARAMETRIC_REPRESENTATION_CONTEXT() REPRESENTATION_CONTEXT('2D SPACE',''
  ) );
#4530 = PCURVE('',#2468,#4531);
#4531 = DEFINITIONAL_REPRESENTATION('',(#4532),#4536);
#4532 = CIRCLE('',#4533,1.2);
#4533 = AXIS2_PLACEMENT_2D('',#4534,#4535);
#4534 = CARTESIAN_POINT('',(8.1,8.1));
#4535 = DIRECTION('',(1.,0.));
#4536 = ( GEOMETRIC_REPRESENTATION_CONTEXT(2) 
PARAMETRIC_REPRESENTATION_CONTEXT() REPRESENTATION_CONTEXT('2D SPACE',''
  ) );
#4537 = ORIENTED_EDGE('',*,*,#2709,.F.);
#4538 = ORIENTED_EDGE('',*,*,#1965,.F.);
#4539 = ORIENTED_EDGE('',*,*,#4540,.F.);
#4540 = EDGE_CURVE('',#4541,#1938,#4543,.T.);
#4541 = VERTEX_POINT('',#4542);
#4542 = CARTESIAN_POINT('',(6.934334953771,8.385,4.5));
#4543 = SURFACE_CURVE('',#4544,(#4548,#4554),.PCURVE_S1.);
#4544 = LINE('',#4545,#4546);
#4545 = CARTESIAN_POINT('',(6.934334953771,8.385,0.));
#4546 = VECTOR('',#4547,1.);
#4547 = DIRECTION('',(-0.,-0.,-1.));
#4548 = PCURVE('',#1986,#4549);
#4549 = DEFINITIONAL_REPRESENTATION('',(#4550),#4553);
#4550 = B_SPLINE_CURVE_WITH_KNOTS('',1,(#4551,#4552),.UNSPECIFIED.,.F.,
  .F.,(2,2),(-4.5000006,-2.674),.PIECEWISE_BEZIER_KNOTS.);
#4551 = CARTESIAN_POINT('',(-2.90180125375,-4.5000006));
#4552 = CARTESIAN_POINT('',(-2.90180125375,-2.674));
#4553 = ( GEOMETRIC_REPRESENTATION_CONTEXT(2) 
PARAMETRIC_REPRESENTATION_CONTEXT() REPRESENTATION_CONTEXT('2D SPACE',''
  ) );
#4554 = PCURVE('',#1953,#4555);
#4555 = DEFINITIONAL_REPRESENTATION('',(#4556),#4559);
#4556 = B_SPLINE_CURVE_WITH_KNOTS('',1,(#4557,#4558),.UNSPECIFIED.,.F.,
  .F.,(2,2),(-4.5000006,-2.674),.PIECEWISE_BEZIER_KNOTS.);
#4557 = CARTESIAN_POINT('',(1.450665046229,-1.6000006));
#4558 = CARTESIAN_POINT('',(1.450665046229,0.226));
#4559 = ( GEOMETRIC_REPRESENTATION_CONTEXT(2) 
PARAMETRIC_REPRESENTATION_CONTEXT() REPRESENTATION_CONTEXT('2D SPACE',''
  ) );
#4560 = ORIENTED_EDGE('',*,*,#4561,.T.);
#4561 = EDGE_CURVE('',#4541,#4562,#4564,.T.);
#4562 = VERTEX_POINT('',#4563);
#4563 = CARTESIAN_POINT('',(8.385,6.934334953771,4.5));
#4564 = SURFACE_CURVE('',#4565,(#4570,#4577),.PCURVE_S1.);
#4565 = CIRCLE('',#4566,1.2);
#4566 = AXIS2_PLACEMENT_3D('',#4567,#4568,#4569);
#4567 = CARTESIAN_POINT('',(8.1,8.1,4.5));
#4568 = DIRECTION('',(0.,0.,1.));
#4569 = DIRECTION('',(1.,0.,0.));
#4570 = PCURVE('',#1986,#4571);
#4571 = DEFINITIONAL_REPRESENTATION('',(#4572),#4576);
#4572 = LINE('',#4573,#4574);
#4573 = CARTESIAN_POINT('',(-0.,-4.5));
#4574 = VECTOR('',#4575,1.);
#4575 = DIRECTION('',(-1.,0.));
#4576 = ( GEOMETRIC_REPRESENTATION_CONTEXT(2) 
PARAMETRIC_REPRESENTATION_CONTEXT() REPRESENTATION_CONTEXT('2D SPACE',''
  ) );
#4577 = PCURVE('',#4578,#4583);
#4578 = PLANE('',#4579);
#4579 = AXIS2_PLACEMENT_3D('',#4580,#4581,#4582);
#4580 = CARTESIAN_POINT('',(8.1,8.1,4.5));
#4581 = DIRECTION('',(0.,0.,1.));
#4582 = DIRECTION('',(1.,0.,-0.));
#4583 = DEFINITIONAL_REPRESENTATION('',(#4584),#4588);
#4584 = CIRCLE('',#4585,1.2);
#4585 = AXIS2_PLACEMENT_2D('',#4586,#4587);
#4586 = CARTESIAN_POINT('',(0.,0.));
#4587 = DIRECTION('',(1.,0.));
#4588 = ( GEOMETRIC_REPRESENTATION_CONTEXT(2) 
PARAMETRIC_REPRESENTATION_CONTEXT() REPRESENTATION_CONTEXT('2D SPACE',''
  ) );
#4589 = ORIENTED_EDGE('',*,*,#4590,.T.);
#4590 = EDGE_CURVE('',#4562,#4591,#4593,.T.);
#4591 = VERTEX_POINT('',#4592);
#4592 = CARTESIAN_POINT('',(8.385,6.934334953771,2.9));
#4593 = SURFACE_CURVE('',#4594,(#4598,#4604),.PCURVE_S1.);
#4594 = LINE('',#4595,#4596);
#4595 = CARTESIAN_POINT('',(8.385,6.934334953771,0.));
#4596 = VECTOR('',#4597,1.);
#4597 = DIRECTION('',(-0.,-0.,-1.));
#4598 = PCURVE('',#1986,#4599);
#4599 = DEFINITIONAL_REPRESENTATION('',(#4600),#4603);
#4600 = B_SPLINE_CURVE_WITH_KNOTS('',1,(#4601,#4602),.UNSPECIFIED.,.F.,
  .F.,(2,2),(-4.5000006,-2.674),.PIECEWISE_BEZIER_KNOTS.);
#4601 = CARTESIAN_POINT('',(-4.952180380225,-4.5000006));
#4602 = CARTESIAN_POINT('',(-4.952180380225,-2.674));
#4603 = ( GEOMETRIC_REPRESENTATION_CONTEXT(2) 
PARAMETRIC_REPRESENTATION_CONTEXT() REPRESENTATION_CONTEXT('2D SPACE',''
  ) );
#4604 = PCURVE('',#4301,#4605);
#4605 = DEFINITIONAL_REPRESENTATION('',(#4606),#4609);
#4606 = B_SPLINE_CURVE_WITH_KNOTS('',1,(#4607,#4608),.UNSPECIFIED.,.F.,
  .F.,(2,2),(-4.5000006,-2.674),.PIECEWISE_BEZIER_KNOTS.);
#4607 = CARTESIAN_POINT('',(15.319334953771,-1.6000006));
#4608 = CARTESIAN_POINT('',(15.319334953771,0.226));
#4609 = ( GEOMETRIC_REPRESENTATION_CONTEXT(2) 
PARAMETRIC_REPRESENTATION_CONTEXT() REPRESENTATION_CONTEXT('2D SPACE',''
  ) );
#4610 = ORIENTED_EDGE('',*,*,#4611,.F.);
#4611 = EDGE_CURVE('',#4494,#4591,#4612,.T.);
#4612 = SURFACE_CURVE('',#4613,(#4618,#4625),.PCURVE_S1.);
#4613 = CIRCLE('',#4614,1.2);
#4614 = AXIS2_PLACEMENT_3D('',#4615,#4616,#4617);
#4615 = CARTESIAN_POINT('',(8.1,8.1,2.9));
#4616 = DIRECTION('',(0.,0.,-1.));
#4617 = DIRECTION('',(1.,0.,0.));
#4618 = PCURVE('',#1986,#4619);
#4619 = DEFINITIONAL_REPRESENTATION('',(#4620),#4624);
#4620 = LINE('',#4621,#4622);
#4621 = CARTESIAN_POINT('',(-6.28318530718,-2.9));
#4622 = VECTOR('',#4623,1.);
#4623 = DIRECTION('',(1.,-0.));
#4624 = ( GEOMETRIC_REPRESENTATION_CONTEXT(2) 
PARAMETRIC_REPRESENTATION_CONTEXT() REPRESENTATION_CONTEXT('2D SPACE',''
  ) );
#4625 = PCURVE('',#4428,#4626);
#4626 = DEFINITIONAL_REPRESENTATION('',(#4627),#4635);
#4627 = ( BOUNDED_CURVE() B_SPLINE_CURVE(2,(#4628,#4629,#4630,#4631,
#4632,#4633,#4634),.UNSPECIFIED.,.T.,.F.) B_SPLINE_CURVE_WITH_KNOTS((1,2
    ,2,2,2,1),(-2.094395102393,0.,2.094395102393,4.188790204786,
6.28318530718,8.377580409573),.UNSPECIFIED.) CURVE() 
GEOMETRIC_REPRESENTATION_ITEM() RATIONAL_B_SPLINE_CURVE((1.,0.5,1.,0.5,
1.,0.5,1.)) REPRESENTATION_ITEM('') );
#4628 = CARTESIAN_POINT('',(9.3,8.1));
#4629 = CARTESIAN_POINT('',(9.3,6.021539030917));
#4630 = CARTESIAN_POINT('',(7.5,7.060769515459));
#4631 = CARTESIAN_POINT('',(5.7,8.1));
#4632 = CARTESIAN_POINT('',(7.5,9.139230484541));
#4633 = CARTESIAN_POINT('',(9.3,10.178460969083));
#4634 = CARTESIAN_POINT('',(9.3,8.1));
#4635 = ( GEOMETRIC_REPRESENTATION_CONTEXT(2) 
PARAMETRIC_REPRESENTATION_CONTEXT() REPRESENTATION_CONTEXT('2D SPACE',''
  ) );
#4636 = ADVANCED_FACE('',(#4637),#1953,.T.);
#4637 = FACE_BOUND('',#4638,.T.);
#4638 = EDGE_LOOP('',(#4639,#4660,#4683,#4706,#4727,#4728));
#4639 = ORIENTED_EDGE('',*,*,#4640,.F.);
#4640 = EDGE_CURVE('',#4641,#4541,#4643,.T.);
#4641 = VERTEX_POINT('',#4642);
#4642 = CARTESIAN_POINT('',(8.385,8.385,4.5));
#4643 = SURFACE_CURVE('',#4644,(#4648,#4654),.PCURVE_S1.);
#4644 = LINE('',#4645,#4646);
#4645 = CARTESIAN_POINT('',(8.2425,8.385,4.5));
#4646 = VECTOR('',#4647,1.);
#4647 = DIRECTION('',(-1.,0.,0.));
#4648 = PCURVE('',#1953,#4649);
#4649 = DEFINITIONAL_REPRESENTATION('',(#4650),#4653);
#4650 = B_SPLINE_CURVE_WITH_KNOTS('',1,(#4651,#4652),.UNSPECIFIED.,.F.,
  .F.,(2,2),(-0.1425,1.3425),.PIECEWISE_BEZIER_KNOTS.);
#4651 = CARTESIAN_POINT('',(0.,-1.6));
#4652 = CARTESIAN_POINT('',(1.485,-1.6));
#4653 = ( GEOMETRIC_REPRESENTATION_CONTEXT(2) 
PARAMETRIC_REPRESENTATION_CONTEXT() REPRESENTATION_CONTEXT('2D SPACE',''
  ) );
#4654 = PCURVE('',#4578,#4655);
#4655 = DEFINITIONAL_REPRESENTATION('',(#4656),#4659);
#4656 = B_SPLINE_CURVE_WITH_KNOTS('',1,(#4657,#4658),.UNSPECIFIED.,.F.,
  .F.,(2,2),(-0.1425,1.3425),.PIECEWISE_BEZIER_KNOTS.);
#4657 = CARTESIAN_POINT('',(0.285,0.285));
#4658 = CARTESIAN_POINT('',(-1.2,0.285));
#4659 = ( GEOMETRIC_REPRESENTATION_CONTEXT(2) 
PARAMETRIC_REPRESENTATION_CONTEXT() REPRESENTATION_CONTEXT('2D SPACE',''
  ) );
#4660 = ORIENTED_EDGE('',*,*,#4661,.T.);
#4661 = EDGE_CURVE('',#4641,#4662,#4664,.T.);
#4662 = VERTEX_POINT('',#4663);
#4663 = CARTESIAN_POINT('',(8.385,8.385,5.16));
#4664 = SURFACE_CURVE('',#4665,(#4669,#4676),.PCURVE_S1.);
#4665 = LINE('',#4666,#4667);
#4666 = CARTESIAN_POINT('',(8.385,8.385,2.9));
#4667 = VECTOR('',#4668,1.);
#4668 = DIRECTION('',(0.,0.,1.));
#4669 = PCURVE('',#1953,#4670);
#4670 = DEFINITIONAL_REPRESENTATION('',(#4671),#4675);
#4671 = LINE('',#4672,#4673);
#4672 = CARTESIAN_POINT('',(0.,-0.));
#4673 = VECTOR('',#4674,1.);
#4674 = DIRECTION('',(0.,-1.));
#4675 = ( GEOMETRIC_REPRESENTATION_CONTEXT(2) 
PARAMETRIC_REPRESENTATION_CONTEXT() REPRESENTATION_CONTEXT('2D SPACE',''
  ) );
#4676 = PCURVE('',#4301,#4677);
#4677 = DEFINITIONAL_REPRESENTATION('',(#4678),#4682);
#4678 = LINE('',#4679,#4680);
#4679 = CARTESIAN_POINT('',(16.77,0.));
#4680 = VECTOR('',#4681,1.);
#4681 = DIRECTION('',(0.,-1.));
#4682 = ( GEOMETRIC_REPRESENTATION_CONTEXT(2) 
PARAMETRIC_REPRESENTATION_CONTEXT() REPRESENTATION_CONTEXT('2D SPACE',''
  ) );
#4683 = ORIENTED_EDGE('',*,*,#4684,.T.);
#4684 = EDGE_CURVE('',#4662,#4685,#4687,.T.);
#4685 = VERTEX_POINT('',#4686);
#4686 = CARTESIAN_POINT('',(-8.385,8.385,5.16));
#4687 = SURFACE_CURVE('',#4688,(#4692,#4699),.PCURVE_S1.);
#4688 = LINE('',#4689,#4690);
#4689 = CARTESIAN_POINT('',(8.385,8.385,5.16));
#4690 = VECTOR('',#4691,1.);
#4691 = DIRECTION('',(-1.,0.,0.));
#4692 = PCURVE('',#1953,#4693);
#4693 = DEFINITIONAL_REPRESENTATION('',(#4694),#4698);
#4694 = LINE('',#4695,#4696);
#4695 = CARTESIAN_POINT('',(0.,-2.26));
#4696 = VECTOR('',#4697,1.);
#4697 = DIRECTION('',(1.,0.));
#4698 = ( GEOMETRIC_REPRESENTATION_CONTEXT(2) 
PARAMETRIC_REPRESENTATION_CONTEXT() REPRESENTATION_CONTEXT('2D SPACE',''
  ) );
#4699 = PCURVE('',#4273,#4700);
#4700 = DEFINITIONAL_REPRESENTATION('',(#4701),#4705);
#4701 = LINE('',#4702,#4703);
#4702 = CARTESIAN_POINT('',(8.385,8.385));
#4703 = VECTOR('',#4704,1.);
#4704 = DIRECTION('',(-1.,0.));
#4705 = ( GEOMETRIC_REPRESENTATION_CONTEXT(2) 
PARAMETRIC_REPRESENTATION_CONTEXT() REPRESENTATION_CONTEXT('2D SPACE',''
  ) );
#4706 = ORIENTED_EDGE('',*,*,#4707,.F.);
#4707 = EDGE_CURVE('',#1910,#4685,#4708,.T.);
#4708 = SURFACE_CURVE('',#4709,(#4713,#4720),.PCURVE_S1.);
#4709 = LINE('',#4710,#4711);
#4710 = CARTESIAN_POINT('',(-8.385,8.385,2.9));
#4711 = VECTOR('',#4712,1.);
#4712 = DIRECTION('',(0.,0.,1.));
#4713 = PCURVE('',#1953,#4714);
#4714 = DEFINITIONAL_REPRESENTATION('',(#4715),#4719);
#4715 = LINE('',#4716,#4717);
#4716 = CARTESIAN_POINT('',(16.77,0.));
#4717 = VECTOR('',#4718,1.);
#4718 = DIRECTION('',(0.,-1.));
#4719 = ( GEOMETRIC_REPRESENTATION_CONTEXT(2) 
PARAMETRIC_REPRESENTATION_CONTEXT() REPRESENTATION_CONTEXT('2D SPACE',''
  ) );
#4720 = PCURVE('',#1925,#4721);
#4721 = DEFINITIONAL_REPRESENTATION('',(#4722),#4726);
#4722 = LINE('',#4723,#4724);
#4723 = CARTESIAN_POINT('',(0.,0.));
#4724 = VECTOR('',#4725,1.);
#4725 = DIRECTION('',(0.,-1.));
#4726 = ( GEOMETRIC_REPRESENTATION_CONTEXT(2) 
PARAMETRIC_REPRESENTATION_CONTEXT() REPRESENTATION_CONTEXT('2D SPACE',''
  ) );
#4727 = ORIENTED_EDGE('',*,*,#1937,.F.);
#4728 = ORIENTED_EDGE('',*,*,#4540,.F.);
#4729 = ADVANCED_FACE('',(#4730),#1925,.T.);
#4730 = FACE_BOUND('',#4731,.T.);
#4731 = EDGE_LOOP('',(#4732,#4733,#4754,#4755));
#4732 = ORIENTED_EDGE('',*,*,#4707,.T.);
#4733 = ORIENTED_EDGE('',*,*,#4734,.T.);
#4734 = EDGE_CURVE('',#4685,#4235,#4735,.T.);
#4735 = SURFACE_CURVE('',#4736,(#4740,#4747),.PCURVE_S1.);
#4736 = LINE('',#4737,#4738);
#4737 = CARTESIAN_POINT('',(-8.385,8.385,5.16));
#4738 = VECTOR('',#4739,1.);
#4739 = DIRECTION('',(0.,-1.,0.));
#4740 = PCURVE('',#1925,#4741);
#4741 = DEFINITIONAL_REPRESENTATION('',(#4742),#4746);
#4742 = LINE('',#4743,#4744);
#4743 = CARTESIAN_POINT('',(0.,-2.26));
#4744 = VECTOR('',#4745,1.);
#4745 = DIRECTION('',(1.,0.));
#4746 = ( GEOMETRIC_REPRESENTATION_CONTEXT(2) 
PARAMETRIC_REPRESENTATION_CONTEXT() REPRESENTATION_CONTEXT('2D SPACE',''
  ) );
#4747 = PCURVE('',#4273,#4748);
#4748 = DEFINITIONAL_REPRESENTATION('',(#4749),#4753);
#4749 = LINE('',#4750,#4751);
#4750 = CARTESIAN_POINT('',(-8.385,8.385));
#4751 = VECTOR('',#4752,1.);
#4752 = DIRECTION('',(0.,-1.));
#4753 = ( GEOMETRIC_REPRESENTATION_CONTEXT(2) 
PARAMETRIC_REPRESENTATION_CONTEXT() REPRESENTATION_CONTEXT('2D SPACE',''
  ) );
#4754 = ORIENTED_EDGE('',*,*,#4234,.F.);
#4755 = ORIENTED_EDGE('',*,*,#1909,.F.);
#4756 = ADVANCED_FACE('',(#4757),#2140,.T.);
#4757 = FACE_BOUND('',#4758,.F.);
#4758 = EDGE_LOOP('',(#4759,#4779,#4780,#4781));
#4759 = ORIENTED_EDGE('',*,*,#4760,.T.);
#4760 = EDGE_CURVE('',#3394,#2209,#4761,.T.);
#4761 = SURFACE_CURVE('',#4762,(#4767,#4773),.PCURVE_S1.);
#4762 = CIRCLE('',#4763,0.3);
#4763 = AXIS2_PLACEMENT_3D('',#4764,#4765,#4766);
#4764 = CARTESIAN_POINT('',(8.885,-7.185,6.86));
#4765 = DIRECTION('',(-6.123233995737E-17,-1.,0.));
#4766 = DIRECTION('',(1.,-6.123233995737E-17,0.));
#4767 = PCURVE('',#2140,#4768);
#4768 = DEFINITIONAL_REPRESENTATION('',(#4769),#4772);
#4769 = B_SPLINE_CURVE_WITH_KNOTS('',1,(#4770,#4771),.UNSPECIFIED.,.F.,
  .F.,(2,2),(0.,1.570796326795),.PIECEWISE_BEZIER_KNOTS.);
#4770 = CARTESIAN_POINT('',(0.,0.));
#4771 = CARTESIAN_POINT('',(-1.570796326795,0.));
#4772 = ( GEOMETRIC_REPRESENTATION_CONTEXT(2) 
PARAMETRIC_REPRESENTATION_CONTEXT() REPRESENTATION_CONTEXT('2D SPACE',''
  ) );
#4773 = PCURVE('',#2225,#4774);
#4774 = DEFINITIONAL_REPRESENTATION('',(#4775),#4778);
#4775 = B_SPLINE_CURVE_WITH_KNOTS('',1,(#4776,#4777),.UNSPECIFIED.,.F.,
  .F.,(2,2),(0.,1.570796326795),.PIECEWISE_BEZIER_KNOTS.);
#4776 = CARTESIAN_POINT('',(1.570796326795,0.));
#4777 = CARTESIAN_POINT('',(1.570796326795,1.570796326795));
#4778 = ( GEOMETRIC_REPRESENTATION_CONTEXT(2) 
PARAMETRIC_REPRESENTATION_CONTEXT() REPRESENTATION_CONTEXT('2D SPACE',''
  ) );
#4779 = ORIENTED_EDGE('',*,*,#2237,.T.);
#4780 = ORIENTED_EDGE('',*,*,#2124,.F.);
#4781 = ORIENTED_EDGE('',*,*,#3416,.F.);
#4782 = ADVANCED_FACE('',(#4783),#2196,.T.);
#4783 = FACE_BOUND('',#4784,.F.);
#4784 = EDGE_LOOP('',(#4785,#4805,#4806,#4826));
#4785 = ORIENTED_EDGE('',*,*,#4786,.T.);
#4786 = EDGE_CURVE('',#2350,#2179,#4787,.T.);
#4787 = SURFACE_CURVE('',#4788,(#4793,#4799),.PCURVE_S1.);
#4788 = CIRCLE('',#4789,0.3);
#4789 = AXIS2_PLACEMENT_3D('',#4790,#4791,#4792);
#4790 = CARTESIAN_POINT('',(-7.185,-8.885,6.86));
#4791 = DIRECTION('',(-1.,-0.,0.));
#4792 = DIRECTION('',(0.,-1.,0.));
#4793 = PCURVE('',#2196,#4794);
#4794 = DEFINITIONAL_REPRESENTATION('',(#4795),#4798);
#4795 = B_SPLINE_CURVE_WITH_KNOTS('',1,(#4796,#4797),.UNSPECIFIED.,.F.,
  .F.,(2,2),(0.,1.570796326795),.PIECEWISE_BEZIER_KNOTS.);
#4796 = CARTESIAN_POINT('',(0.,0.));
#4797 = CARTESIAN_POINT('',(-1.570796326795,0.));
#4798 = ( GEOMETRIC_REPRESENTATION_CONTEXT(2) 
PARAMETRIC_REPRESENTATION_CONTEXT() REPRESENTATION_CONTEXT('2D SPACE',''
  ) );
#4799 = PCURVE('',#2299,#4800);
#4800 = DEFINITIONAL_REPRESENTATION('',(#4801),#4804);
#4801 = B_SPLINE_CURVE_WITH_KNOTS('',1,(#4802,#4803),.UNSPECIFIED.,.F.,
  .F.,(2,2),(0.,1.570796326795),.PIECEWISE_BEZIER_KNOTS.);
#4802 = CARTESIAN_POINT('',(1.570796326795,0.));
#4803 = CARTESIAN_POINT('',(1.570796326795,1.570796326795));
#4804 = ( GEOMETRIC_REPRESENTATION_CONTEXT(2) 
PARAMETRIC_REPRESENTATION_CONTEXT() REPRESENTATION_CONTEXT('2D SPACE',''
  ) );
#4805 = ORIENTED_EDGE('',*,*,#2178,.T.);
#4806 = ORIENTED_EDGE('',*,*,#4807,.F.);
#4807 = EDGE_CURVE('',#2373,#2181,#4808,.T.);
#4808 = SURFACE_CURVE('',#4809,(#4814,#4820),.PCURVE_S1.);
#4809 = CIRCLE('',#4810,0.3);
#4810 = AXIS2_PLACEMENT_3D('',#4811,#4812,#4813);
#4811 = CARTESIAN_POINT('',(7.185,-8.885,6.86));
#4812 = DIRECTION('',(-1.,-0.,0.));
#4813 = DIRECTION('',(0.,-1.,0.));
#4814 = PCURVE('',#2196,#4815);
#4815 = DEFINITIONAL_REPRESENTATION('',(#4816),#4819);
#4816 = B_SPLINE_CURVE_WITH_KNOTS('',1,(#4817,#4818),.UNSPECIFIED.,.F.,
  .F.,(2,2),(0.,1.570796326795),.PIECEWISE_BEZIER_KNOTS.);
#4817 = CARTESIAN_POINT('',(0.,14.37));
#4818 = CARTESIAN_POINT('',(-1.570796326795,14.37));
#4819 = ( GEOMETRIC_REPRESENTATION_CONTEXT(2) 
PARAMETRIC_REPRESENTATION_CONTEXT() REPRESENTATION_CONTEXT('2D SPACE',''
  ) );
#4820 = PCURVE('',#2225,#4821);
#4821 = DEFINITIONAL_REPRESENTATION('',(#4822),#4825);
#4822 = B_SPLINE_CURVE_WITH_KNOTS('',1,(#4823,#4824),.UNSPECIFIED.,.F.,
  .F.,(2,2),(0.,1.570796326795),.PIECEWISE_BEZIER_KNOTS.);
#4823 = CARTESIAN_POINT('',(0.,0.));
#4824 = CARTESIAN_POINT('',(0.,1.570796326795));
#4825 = ( GEOMETRIC_REPRESENTATION_CONTEXT(2) 
PARAMETRIC_REPRESENTATION_CONTEXT() REPRESENTATION_CONTEXT('2D SPACE',''
  ) );
#4826 = ORIENTED_EDGE('',*,*,#2372,.F.);
#4827 = ADVANCED_FACE('',(#4828),#2299,.T.);
#4828 = FACE_BOUND('',#4829,.T.);
#4829 = EDGE_LOOP('',(#4830,#4831,#4832,#4833));
#4830 = ORIENTED_EDGE('',*,*,#4209,.F.);
#4831 = ORIENTED_EDGE('',*,*,#2421,.T.);
#4832 = ORIENTED_EDGE('',*,*,#4786,.T.);
#4833 = ORIENTED_EDGE('',*,*,#2284,.F.);
#4834 = ADVANCED_FACE('',(#4835),#2225,.T.);
#4835 = FACE_BOUND('',#4836,.T.);
#4836 = EDGE_LOOP('',(#4837,#4838,#4839,#4840));
#4837 = ORIENTED_EDGE('',*,*,#4807,.F.);
#4838 = ORIENTED_EDGE('',*,*,#3445,.T.);
#4839 = ORIENTED_EDGE('',*,*,#4760,.T.);
#4840 = ORIENTED_EDGE('',*,*,#2208,.F.);
#4841 = ADVANCED_FACE('',(#4842),#2334,.F.);
#4842 = FACE_BOUND('',#4843,.T.);
#4843 = EDGE_LOOP('',(#4844,#4867,#4868,#4869));
#4844 = ORIENTED_EDGE('',*,*,#4845,.T.);
#4845 = EDGE_CURVE('',#4846,#2314,#4848,.T.);
#4846 = VERTEX_POINT('',#4847);
#4847 = CARTESIAN_POINT('',(7.8,0.,5.16));
#4848 = SEAM_CURVE('',#4849,(#4853,#4860),.PCURVE_S1.);
#4849 = LINE('',#4850,#4851);
#4850 = CARTESIAN_POINT('',(7.8,0.,-12.70956900117));
#4851 = VECTOR('',#4852,1.);
#4852 = DIRECTION('',(0.,0.,1.));
#4853 = PCURVE('',#2334,#4854);
#4854 = DEFINITIONAL_REPRESENTATION('',(#4855),#4859);
#4855 = LINE('',#4856,#4857);
#4856 = CARTESIAN_POINT('',(-0.,0.));
#4857 = VECTOR('',#4858,1.);
#4858 = DIRECTION('',(-0.,-1.));
#4859 = ( GEOMETRIC_REPRESENTATION_CONTEXT(2) 
PARAMETRIC_REPRESENTATION_CONTEXT() REPRESENTATION_CONTEXT('2D SPACE',''
  ) );
#4860 = PCURVE('',#2334,#4861);
#4861 = DEFINITIONAL_REPRESENTATION('',(#4862),#4866);
#4862 = LINE('',#4863,#4864);
#4863 = CARTESIAN_POINT('',(-6.28318530718,0.));
#4864 = VECTOR('',#4865,1.);
#4865 = DIRECTION('',(-0.,-1.));
#4866 = ( GEOMETRIC_REPRESENTATION_CONTEXT(2) 
PARAMETRIC_REPRESENTATION_CONTEXT() REPRESENTATION_CONTEXT('2D SPACE',''
  ) );
#4867 = ORIENTED_EDGE('',*,*,#2313,.F.);
#4868 = ORIENTED_EDGE('',*,*,#4845,.F.);
#4869 = ORIENTED_EDGE('',*,*,#4870,.T.);
#4870 = EDGE_CURVE('',#4846,#4846,#4871,.T.);
#4871 = SURFACE_CURVE('',#4872,(#4877,#4884),.PCURVE_S1.);
#4872 = CIRCLE('',#4873,7.8);
#4873 = AXIS2_PLACEMENT_3D('',#4874,#4875,#4876);
#4874 = CARTESIAN_POINT('',(0.,0.,5.16));
#4875 = DIRECTION('',(0.,0.,-1.));
#4876 = DIRECTION('',(1.,0.,0.));
#4877 = PCURVE('',#2334,#4878);
#4878 = DEFINITIONAL_REPRESENTATION('',(#4879),#4883);
#4879 = LINE('',#4880,#4881);
#4880 = CARTESIAN_POINT('',(-6.28318530718,-17.86956900117));
#4881 = VECTOR('',#4882,1.);
#4882 = DIRECTION('',(1.,-0.));
#4883 = ( GEOMETRIC_REPRESENTATION_CONTEXT(2) 
PARAMETRIC_REPRESENTATION_CONTEXT() REPRESENTATION_CONTEXT('2D SPACE',''
  ) );
#4884 = PCURVE('',#4273,#4885);
#4885 = DEFINITIONAL_REPRESENTATION('',(#4886),#4894);
#4886 = ( BOUNDED_CURVE() B_SPLINE_CURVE(2,(#4887,#4888,#4889,#4890,
#4891,#4892,#4893),.UNSPECIFIED.,.T.,.F.) B_SPLINE_CURVE_WITH_KNOTS((1,2
    ,2,2,2,1),(-2.094395102393,0.,2.094395102393,4.188790204786,
6.28318530718,8.377580409573),.UNSPECIFIED.) CURVE() 
GEOMETRIC_REPRESENTATION_ITEM() RATIONAL_B_SPLINE_CURVE((1.,0.5,1.,0.5,
1.,0.5,1.)) REPRESENTATION_ITEM('') );
#4887 = CARTESIAN_POINT('',(7.8,0.));
#4888 = CARTESIAN_POINT('',(7.8,-13.50999629903));
#4889 = CARTESIAN_POINT('',(-3.9,-6.754998149519));
#4890 = CARTESIAN_POINT('',(-15.6,-1.91044900667E-15));
#4891 = CARTESIAN_POINT('',(-3.9,6.754998149519));
#4892 = CARTESIAN_POINT('',(7.8,13.509996299037));
#4893 = CARTESIAN_POINT('',(7.8,0.));
#4894 = ( GEOMETRIC_REPRESENTATION_CONTEXT(2) 
PARAMETRIC_REPRESENTATION_CONTEXT() REPRESENTATION_CONTEXT('2D SPACE',''
  ) );
#4895 = ADVANCED_FACE('',(#4896,#5123,#5153,#5158,#5193,#5221,#5256),
  #2468,.F.);
#4896 = FACE_BOUND('',#4897,.F.);
#4897 = EDGE_LOOP('',(#4898,#4929,#4957,#4980,#5004,#5027,#5049,#5050,
    #5074,#5097));
#4898 = ORIENTED_EDGE('',*,*,#4899,.T.);
#4899 = EDGE_CURVE('',#4900,#4902,#4904,.T.);
#4900 = VERTEX_POINT('',#4901);
#4901 = CARTESIAN_POINT('',(-11.38320343854,-8.187080787579,
    -5.551115123126E-17));
#4902 = VERTEX_POINT('',#4903);
#4903 = CARTESIAN_POINT('',(-8.187080787243,-11.3832034382,0.));
#4904 = SURFACE_CURVE('',#4905,(#4910,#4917),.PCURVE_S1.);
#4905 = CIRCLE('',#4906,2.26);
#4906 = AXIS2_PLACEMENT_3D('',#4907,#4908,#4909);
#4907 = CARTESIAN_POINT('',(-9.78514211019,-9.78514211019,0.));
#4908 = DIRECTION('',(0.,0.,1.));
#4909 = DIRECTION('',(-0.707106782308,0.707106780065,0.));
#4910 = PCURVE('',#2468,#4911);
#4911 = DEFINITIONAL_REPRESENTATION('',(#4912),#4916);
#4912 = CIRCLE('',#4913,2.26);
#4913 = AXIS2_PLACEMENT_2D('',#4914,#4915);
#4914 = CARTESIAN_POINT('',(-9.78514211019,-9.78514211019));
#4915 = DIRECTION('',(-0.707106782308,0.707106780065));
#4916 = ( GEOMETRIC_REPRESENTATION_CONTEXT(2) 
PARAMETRIC_REPRESENTATION_CONTEXT() REPRESENTATION_CONTEXT('2D SPACE',''
  ) );
#4917 = PCURVE('',#4918,#4923);
#4918 = TOROIDAL_SURFACE('',#4919,2.26,0.3);
#4919 = AXIS2_PLACEMENT_3D('',#4920,#4921,#4922);
#4920 = CARTESIAN_POINT('',(-9.78514211019,-9.78514211019,0.3));
#4921 = DIRECTION('',(-0.,-0.,-1.));
#4922 = DIRECTION('',(-0.707106782308,0.707106780065,0.));
#4923 = DEFINITIONAL_REPRESENTATION('',(#4924),#4928);
#4924 = LINE('',#4925,#4926);
#4925 = CARTESIAN_POINT('',(-0.,1.570796326795));
#4926 = VECTOR('',#4927,1.);
#4927 = DIRECTION('',(-1.,0.));
#4928 = ( GEOMETRIC_REPRESENTATION_CONTEXT(2) 
PARAMETRIC_REPRESENTATION_CONTEXT() REPRESENTATION_CONTEXT('2D SPACE',''
  ) );
#4929 = ORIENTED_EDGE('',*,*,#4930,.T.);
#4930 = EDGE_CURVE('',#4902,#4931,#4933,.T.);
#4931 = VERTEX_POINT('',#4932);
#4932 = CARTESIAN_POINT('',(-6.573877349037,-9.77,-2.775557561563E-17));
#4933 = SURFACE_CURVE('',#4934,(#4938,#4945),.PCURVE_S1.);
#4934 = LINE('',#4935,#4936);
#4935 = CARTESIAN_POINT('',(-8.187080787579,-11.38320343854,
    -5.551115123126E-17));
#4936 = VECTOR('',#4937,1.);
#4937 = DIRECTION('',(0.707106781187,0.707106781187,0.));
#4938 = PCURVE('',#2468,#4939);
#4939 = DEFINITIONAL_REPRESENTATION('',(#4940),#4944);
#4940 = LINE('',#4941,#4942);
#4941 = CARTESIAN_POINT('',(-8.187080787579,-11.38320343854));
#4942 = VECTOR('',#4943,1.);
#4943 = DIRECTION('',(0.707106781187,0.707106781187));
#4944 = ( GEOMETRIC_REPRESENTATION_CONTEXT(2) 
PARAMETRIC_REPRESENTATION_CONTEXT() REPRESENTATION_CONTEXT('2D SPACE',''
  ) );
#4945 = PCURVE('',#4946,#4951);
#4946 = CYLINDRICAL_SURFACE('',#4947,0.3);
#4947 = AXIS2_PLACEMENT_3D('',#4948,#4949,#4950);
#4948 = CARTESIAN_POINT('',(-8.187080787579,-11.38320343854,0.3));
#4949 = DIRECTION('',(0.707106781187,0.707106781187,0.));
#4950 = DIRECTION('',(0.707106781187,-0.707106781187,-0.));
#4951 = DEFINITIONAL_REPRESENTATION('',(#4952),#4956);
#4952 = LINE('',#4953,#4954);
#4953 = CARTESIAN_POINT('',(1.570796326795,0.));
#4954 = VECTOR('',#4955,1.);
#4955 = DIRECTION('',(0.,1.));
#4956 = ( GEOMETRIC_REPRESENTATION_CONTEXT(2) 
PARAMETRIC_REPRESENTATION_CONTEXT() REPRESENTATION_CONTEXT('2D SPACE',''
  ) );
#4957 = ORIENTED_EDGE('',*,*,#4958,.T.);
#4958 = EDGE_CURVE('',#4931,#4959,#4961,.T.);
#4959 = VERTEX_POINT('',#4960);
#4960 = CARTESIAN_POINT('',(7.77,-9.77,0.));
#4961 = SURFACE_CURVE('',#4962,(#4966,#4973),.PCURVE_S1.);
#4962 = LINE('',#4963,#4964);
#4963 = CARTESIAN_POINT('',(-9.77,-9.77,0.));
#4964 = VECTOR('',#4965,1.);
#4965 = DIRECTION('',(1.,0.,0.));
#4966 = PCURVE('',#2468,#4967);
#4967 = DEFINITIONAL_REPRESENTATION('',(#4968),#4972);
#4968 = LINE('',#4969,#4970);
#4969 = CARTESIAN_POINT('',(-9.77,-9.77));
#4970 = VECTOR('',#4971,1.);
#4971 = DIRECTION('',(1.,0.));
#4972 = ( GEOMETRIC_REPRESENTATION_CONTEXT(2) 
PARAMETRIC_REPRESENTATION_CONTEXT() REPRESENTATION_CONTEXT('2D SPACE',''
  ) );
#4973 = PCURVE('',#3216,#4974);
#4974 = DEFINITIONAL_REPRESENTATION('',(#4975),#4979);
#4975 = LINE('',#4976,#4977);
#4976 = CARTESIAN_POINT('',(0.,0.));
#4977 = VECTOR('',#4978,1.);
#4978 = DIRECTION('',(1.,0.));
#4979 = ( GEOMETRIC_REPRESENTATION_CONTEXT(2) 
PARAMETRIC_REPRESENTATION_CONTEXT() REPRESENTATION_CONTEXT('2D SPACE',''
  ) );
#4980 = ORIENTED_EDGE('',*,*,#4981,.T.);
#4981 = EDGE_CURVE('',#4959,#4982,#4984,.T.);
#4982 = VERTEX_POINT('',#4983);
#4983 = CARTESIAN_POINT('',(9.77,-7.77,0.));
#4984 = SURFACE_CURVE('',#4985,(#4990,#4997),.PCURVE_S1.);
#4985 = CIRCLE('',#4986,2.);
#4986 = AXIS2_PLACEMENT_3D('',#4987,#4988,#4989);
#4987 = CARTESIAN_POINT('',(7.77,-7.77,0.));
#4988 = DIRECTION('',(0.,0.,1.));
#4989 = DIRECTION('',(0.,-1.,0.));
#4990 = PCURVE('',#2468,#4991);
#4991 = DEFINITIONAL_REPRESENTATION('',(#4992),#4996);
#4992 = CIRCLE('',#4993,2.);
#4993 = AXIS2_PLACEMENT_2D('',#4994,#4995);
#4994 = CARTESIAN_POINT('',(7.77,-7.77));
#4995 = DIRECTION('',(0.,-1.));
#4996 = ( GEOMETRIC_REPRESENTATION_CONTEXT(2) 
PARAMETRIC_REPRESENTATION_CONTEXT() REPRESENTATION_CONTEXT('2D SPACE',''
  ) );
#4997 = PCURVE('',#3271,#4998);
#4998 = DEFINITIONAL_REPRESENTATION('',(#4999),#5003);
#4999 = LINE('',#5000,#5001);
#5000 = CARTESIAN_POINT('',(0.,0.));
#5001 = VECTOR('',#5002,1.);
#5002 = DIRECTION('',(1.,0.));
#5003 = ( GEOMETRIC_REPRESENTATION_CONTEXT(2) 
PARAMETRIC_REPRESENTATION_CONTEXT() REPRESENTATION_CONTEXT('2D SPACE',''
  ) );
#5004 = ORIENTED_EDGE('',*,*,#5005,.T.);
#5005 = EDGE_CURVE('',#4982,#5006,#5008,.T.);
#5006 = VERTEX_POINT('',#5007);
#5007 = CARTESIAN_POINT('',(9.77,7.77,0.));
#5008 = SURFACE_CURVE('',#5009,(#5013,#5020),.PCURVE_S1.);
#5009 = LINE('',#5010,#5011);
#5010 = CARTESIAN_POINT('',(9.77,-9.77,0.));
#5011 = VECTOR('',#5012,1.);
#5012 = DIRECTION('',(0.,1.,0.));
#5013 = PCURVE('',#2468,#5014);
#5014 = DEFINITIONAL_REPRESENTATION('',(#5015),#5019);
#5015 = LINE('',#5016,#5017);
#5016 = CARTESIAN_POINT('',(9.77,-9.77));
#5017 = VECTOR('',#5018,1.);
#5018 = DIRECTION('',(0.,1.));
#5019 = ( GEOMETRIC_REPRESENTATION_CONTEXT(2) 
PARAMETRIC_REPRESENTATION_CONTEXT() REPRESENTATION_CONTEXT('2D SPACE',''
  ) );
#5020 = PCURVE('',#3345,#5021);
#5021 = DEFINITIONAL_REPRESENTATION('',(#5022),#5026);
#5022 = LINE('',#5023,#5024);
#5023 = CARTESIAN_POINT('',(0.,0.));
#5024 = VECTOR('',#5025,1.);
#5025 = DIRECTION('',(1.,0.));
#5026 = ( GEOMETRIC_REPRESENTATION_CONTEXT(2) 
PARAMETRIC_REPRESENTATION_CONTEXT() REPRESENTATION_CONTEXT('2D SPACE',''
  ) );
#5027 = ORIENTED_EDGE('',*,*,#5028,.T.);
#5028 = EDGE_CURVE('',#5006,#3964,#5029,.T.);
#5029 = SURFACE_CURVE('',#5030,(#5035,#5042),.PCURVE_S1.);
#5030 = CIRCLE('',#5031,2.);
#5031 = AXIS2_PLACEMENT_3D('',#5032,#5033,#5034);
#5032 = CARTESIAN_POINT('',(7.77,7.77,0.));
#5033 = DIRECTION('',(0.,0.,1.));
#5034 = DIRECTION('',(0.,-1.,0.));
#5035 = PCURVE('',#2468,#5036);
#5036 = DEFINITIONAL_REPRESENTATION('',(#5037),#5041);
#5037 = CIRCLE('',#5038,2.);
#5038 = AXIS2_PLACEMENT_2D('',#5039,#5040);
#5039 = CARTESIAN_POINT('',(7.77,7.77));
#5040 = DIRECTION('',(0.,-1.));
#5041 = ( GEOMETRIC_REPRESENTATION_CONTEXT(2) 
PARAMETRIC_REPRESENTATION_CONTEXT() REPRESENTATION_CONTEXT('2D SPACE',''
  ) );
#5042 = PCURVE('',#3376,#5043);
#5043 = DEFINITIONAL_REPRESENTATION('',(#5044),#5048);
#5044 = LINE('',#5045,#5046);
#5045 = CARTESIAN_POINT('',(-1.570796326795,0.));
#5046 = VECTOR('',#5047,1.);
#5047 = DIRECTION('',(1.,0.));
#5048 = ( GEOMETRIC_REPRESENTATION_CONTEXT(2) 
PARAMETRIC_REPRESENTATION_CONTEXT() REPRESENTATION_CONTEXT('2D SPACE',''
  ) );
#5049 = ORIENTED_EDGE('',*,*,#4102,.T.);
#5050 = ORIENTED_EDGE('',*,*,#5051,.T.);
#5051 = EDGE_CURVE('',#4080,#5052,#5054,.T.);
#5052 = VERTEX_POINT('',#5053);
#5053 = CARTESIAN_POINT('',(-9.77,7.77,0.));
#5054 = SURFACE_CURVE('',#5055,(#5060,#5067),.PCURVE_S1.);
#5055 = CIRCLE('',#5056,2.);
#5056 = AXIS2_PLACEMENT_3D('',#5057,#5058,#5059);
#5057 = CARTESIAN_POINT('',(-7.77,7.77,0.));
#5058 = DIRECTION('',(0.,0.,1.));
#5059 = DIRECTION('',(0.,-1.,0.));
#5060 = PCURVE('',#2468,#5061);
#5061 = DEFINITIONAL_REPRESENTATION('',(#5062),#5066);
#5062 = CIRCLE('',#5063,2.);
#5063 = AXIS2_PLACEMENT_2D('',#5064,#5065);
#5064 = CARTESIAN_POINT('',(-7.77,7.77));
#5065 = DIRECTION('',(0.,-1.));
#5066 = ( GEOMETRIC_REPRESENTATION_CONTEXT(2) 
PARAMETRIC_REPRESENTATION_CONTEXT() REPRESENTATION_CONTEXT('2D SPACE',''
  ) );
#5067 = PCURVE('',#2931,#5068);
#5068 = DEFINITIONAL_REPRESENTATION('',(#5069),#5073);
#5069 = LINE('',#5070,#5071);
#5070 = CARTESIAN_POINT('',(-3.14159265359,0.));
#5071 = VECTOR('',#5072,1.);
#5072 = DIRECTION('',(1.,0.));
#5073 = ( GEOMETRIC_REPRESENTATION_CONTEXT(2) 
PARAMETRIC_REPRESENTATION_CONTEXT() REPRESENTATION_CONTEXT('2D SPACE',''
  ) );
#5074 = ORIENTED_EDGE('',*,*,#5075,.T.);
#5075 = EDGE_CURVE('',#5052,#5076,#5078,.T.);
#5076 = VERTEX_POINT('',#5077);
#5077 = CARTESIAN_POINT('',(-9.77,-6.573877349037,-2.775557561563E-17));
#5078 = SURFACE_CURVE('',#5079,(#5083,#5090),.PCURVE_S1.);
#5079 = LINE('',#5080,#5081);
#5080 = CARTESIAN_POINT('',(-9.77,9.77,0.));
#5081 = VECTOR('',#5082,1.);
#5082 = DIRECTION('',(0.,-1.,0.));
#5083 = PCURVE('',#2468,#5084);
#5084 = DEFINITIONAL_REPRESENTATION('',(#5085),#5089);
#5085 = LINE('',#5086,#5087);
#5086 = CARTESIAN_POINT('',(-9.77,9.77));
#5087 = VECTOR('',#5088,1.);
#5088 = DIRECTION('',(0.,-1.));
#5089 = ( GEOMETRIC_REPRESENTATION_CONTEXT(2) 
PARAMETRIC_REPRESENTATION_CONTEXT() REPRESENTATION_CONTEXT('2D SPACE',''
  ) );
#5090 = PCURVE('',#2983,#5091);
#5091 = DEFINITIONAL_REPRESENTATION('',(#5092),#5096);
#5092 = LINE('',#5093,#5094);
#5093 = CARTESIAN_POINT('',(0.,0.));
#5094 = VECTOR('',#5095,1.);
#5095 = DIRECTION('',(1.,0.));
#5096 = ( GEOMETRIC_REPRESENTATION_CONTEXT(2) 
PARAMETRIC_REPRESENTATION_CONTEXT() REPRESENTATION_CONTEXT('2D SPACE',''
  ) );
#5097 = ORIENTED_EDGE('',*,*,#5098,.T.);
#5098 = EDGE_CURVE('',#5076,#4900,#5099,.T.);
#5099 = SURFACE_CURVE('',#5100,(#5104,#5111),.PCURVE_S1.);
#5100 = LINE('',#5101,#5102);
#5101 = CARTESIAN_POINT('',(-7.962022342611,-4.765899691648,
    -5.551115123126E-17));
#5102 = VECTOR('',#5103,1.);
#5103 = DIRECTION('',(-0.707106781187,-0.707106781187,0.));
#5104 = PCURVE('',#2468,#5105);
#5105 = DEFINITIONAL_REPRESENTATION('',(#5106),#5110);
#5106 = LINE('',#5107,#5108);
#5107 = CARTESIAN_POINT('',(-7.962022342611,-4.765899691648));
#5108 = VECTOR('',#5109,1.);
#5109 = DIRECTION('',(-0.707106781187,-0.707106781187));
#5110 = ( GEOMETRIC_REPRESENTATION_CONTEXT(2) 
PARAMETRIC_REPRESENTATION_CONTEXT() REPRESENTATION_CONTEXT('2D SPACE',''
  ) );
#5111 = PCURVE('',#5112,#5117);
#5112 = CYLINDRICAL_SURFACE('',#5113,0.3);
#5113 = AXIS2_PLACEMENT_3D('',#5114,#5115,#5116);
#5114 = CARTESIAN_POINT('',(-7.962022342611,-4.765899691648,0.3));
#5115 = DIRECTION('',(-0.707106781187,-0.707106781187,0.));
#5116 = DIRECTION('',(-0.707106781187,0.707106781187,0.));
#5117 = DEFINITIONAL_REPRESENTATION('',(#5118),#5122);
#5118 = LINE('',#5119,#5120);
#5119 = CARTESIAN_POINT('',(1.570796326795,0.));
#5120 = VECTOR('',#5121,1.);
#5121 = DIRECTION('',(0.,1.));
#5122 = ( GEOMETRIC_REPRESENTATION_CONTEXT(2) 
PARAMETRIC_REPRESENTATION_CONTEXT() REPRESENTATION_CONTEXT('2D SPACE',''
  ) );
#5123 = FACE_BOUND('',#5124,.F.);
#5124 = EDGE_LOOP('',(#5125));
#5125 = ORIENTED_EDGE('',*,*,#5126,.T.);
#5126 = EDGE_CURVE('',#5127,#5127,#5129,.T.);
#5127 = VERTEX_POINT('',#5128);
#5128 = CARTESIAN_POINT('',(-8.78514211019,-9.78514211019,0.));
#5129 = SURFACE_CURVE('',#5130,(#5135,#5146),.PCURVE_S1.);
#5130 = CIRCLE('',#5131,1.);
#5131 = AXIS2_PLACEMENT_3D('',#5132,#5133,#5134);
#5132 = CARTESIAN_POINT('',(-9.78514211019,-9.78514211019,0.));
#5133 = DIRECTION('',(0.,0.,-1.));
#5134 = DIRECTION('',(1.,0.,0.));
#5135 = PCURVE('',#2468,#5136);
#5136 = DEFINITIONAL_REPRESENTATION('',(#5137),#5145);
#5137 = ( BOUNDED_CURVE() B_SPLINE_CURVE(2,(#5138,#5139,#5140,#5141,
#5142,#5143,#5144),.UNSPECIFIED.,.T.,.F.) B_SPLINE_CURVE_WITH_KNOTS((1,2
    ,2,2,2,1),(-2.094395102393,0.,2.094395102393,4.188790204786,
6.28318530718,8.377580409573),.UNSPECIFIED.) CURVE() 
GEOMETRIC_REPRESENTATION_ITEM() RATIONAL_B_SPLINE_CURVE((1.,0.5,1.,0.5,
1.,0.5,1.)) REPRESENTATION_ITEM('') );
#5138 = CARTESIAN_POINT('',(-8.78514211019,-9.78514211019));
#5139 = CARTESIAN_POINT('',(-8.78514211019,-11.51719291775));
#5140 = CARTESIAN_POINT('',(-10.28514211019,-10.65116751397));
#5141 = CARTESIAN_POINT('',(-11.78514211019,-9.78514211019));
#5142 = CARTESIAN_POINT('',(-10.28514211019,-8.919116706406));
#5143 = CARTESIAN_POINT('',(-8.78514211019,-8.053091302621));
#5144 = CARTESIAN_POINT('',(-8.78514211019,-9.78514211019));
#5145 = ( GEOMETRIC_REPRESENTATION_CONTEXT(2) 
PARAMETRIC_REPRESENTATION_CONTEXT() REPRESENTATION_CONTEXT('2D SPACE',''
  ) );
#5146 = PCURVE('',#2619,#5147);
#5147 = DEFINITIONAL_REPRESENTATION('',(#5148),#5152);
#5148 = LINE('',#5149,#5150);
#5149 = CARTESIAN_POINT('',(-6.28318530718,-0.5));
#5150 = VECTOR('',#5151,1.);
#5151 = DIRECTION('',(1.,-0.));
#5152 = ( GEOMETRIC_REPRESENTATION_CONTEXT(2) 
PARAMETRIC_REPRESENTATION_CONTEXT() REPRESENTATION_CONTEXT('2D SPACE',''
  ) );
#5153 = FACE_BOUND('',#5154,.F.);
#5154 = EDGE_LOOP('',(#5155,#5156,#5157));
#5155 = ORIENTED_EDGE('',*,*,#3587,.F.);
#5156 = ORIENTED_EDGE('',*,*,#3470,.F.);
#5157 = ORIENTED_EDGE('',*,*,#3560,.T.);
#5158 = FACE_BOUND('',#5159,.F.);
#5159 = EDGE_LOOP('',(#5160));
#5160 = ORIENTED_EDGE('',*,*,#5161,.T.);
#5161 = EDGE_CURVE('',#5162,#5162,#5164,.T.);
#5162 = VERTEX_POINT('',#5163);
#5163 = CARTESIAN_POINT('',(8.575,-8.1,0.));
#5164 = SURFACE_CURVE('',#5165,(#5170,#5181),.PCURVE_S1.);
#5165 = CIRCLE('',#5166,0.475);
#5166 = AXIS2_PLACEMENT_3D('',#5167,#5168,#5169);
#5167 = CARTESIAN_POINT('',(8.1,-8.1,0.));
#5168 = DIRECTION('',(0.,0.,-1.));
#5169 = DIRECTION('',(1.,0.,0.));
#5170 = PCURVE('',#2468,#5171);
#5171 = DEFINITIONAL_REPRESENTATION('',(#5172),#5180);
#5172 = ( BOUNDED_CURVE() B_SPLINE_CURVE(2,(#5173,#5174,#5175,#5176,
#5177,#5178,#5179),.UNSPECIFIED.,.T.,.F.) B_SPLINE_CURVE_WITH_KNOTS((1,2
    ,2,2,2,1),(-2.094395102393,0.,2.094395102393,4.188790204786,
6.28318530718,8.377580409573),.UNSPECIFIED.) CURVE() 
GEOMETRIC_REPRESENTATION_ITEM() RATIONAL_B_SPLINE_CURVE((1.,0.5,1.,0.5,
1.,0.5,1.)) REPRESENTATION_ITEM('') );
#5173 = CARTESIAN_POINT('',(8.575,-8.1));
#5174 = CARTESIAN_POINT('',(8.575,-8.922724133595));
#5175 = CARTESIAN_POINT('',(7.8625,-8.511362066798));
#5176 = CARTESIAN_POINT('',(7.15,-8.1));
#5177 = CARTESIAN_POINT('',(7.8625,-7.688637933202));
#5178 = CARTESIAN_POINT('',(8.575,-7.277275866405));
#5179 = CARTESIAN_POINT('',(8.575,-8.1));
#5180 = ( GEOMETRIC_REPRESENTATION_CONTEXT(2) 
PARAMETRIC_REPRESENTATION_CONTEXT() REPRESENTATION_CONTEXT('2D SPACE',''
  ) );
#5181 = PCURVE('',#5182,#5187);
#5182 = CYLINDRICAL_SURFACE('',#5183,0.475);
#5183 = AXIS2_PLACEMENT_3D('',#5184,#5185,#5186);
#5184 = CARTESIAN_POINT('',(8.1,-8.1,-0.1));
#5185 = DIRECTION('',(-0.,-0.,-1.));
#5186 = DIRECTION('',(1.,0.,0.));
#5187 = DEFINITIONAL_REPRESENTATION('',(#5188),#5192);
#5188 = LINE('',#5189,#5190);
#5189 = CARTESIAN_POINT('',(-6.28318530718,-0.1));
#5190 = VECTOR('',#5191,1.);
#5191 = DIRECTION('',(1.,-0.));
#5192 = ( GEOMETRIC_REPRESENTATION_CONTEXT(2) 
PARAMETRIC_REPRESENTATION_CONTEXT() REPRESENTATION_CONTEXT('2D SPACE',''
  ) );
#5193 = FACE_BOUND('',#5194,.F.);
#5194 = EDGE_LOOP('',(#5195,#5216,#5217,#5218,#5219,#5220));
#5195 = ORIENTED_EDGE('',*,*,#5196,.F.);
#5196 = EDGE_CURVE('',#4362,#4496,#5197,.T.);
#5197 = SURFACE_CURVE('',#5198,(#5202,#5209),.PCURVE_S1.);
#5198 = LINE('',#5199,#5200);
#5199 = CARTESIAN_POINT('',(8.97,-8.97,0.));
#5200 = VECTOR('',#5201,1.);
#5201 = DIRECTION('',(0.,1.,0.));
#5202 = PCURVE('',#2468,#5203);
#5203 = DEFINITIONAL_REPRESENTATION('',(#5204),#5208);
#5204 = LINE('',#5205,#5206);
#5205 = CARTESIAN_POINT('',(8.97,-8.97));
#5206 = VECTOR('',#5207,1.);
#5207 = DIRECTION('',(0.,1.));
#5208 = ( GEOMETRIC_REPRESENTATION_CONTEXT(2) 
PARAMETRIC_REPRESENTATION_CONTEXT() REPRESENTATION_CONTEXT('2D SPACE',''
  ) );
#5209 = PCURVE('',#4400,#5210);
#5210 = DEFINITIONAL_REPRESENTATION('',(#5211),#5215);
#5211 = LINE('',#5212,#5213);
#5212 = CARTESIAN_POINT('',(0.,0.));
#5213 = VECTOR('',#5214,1.);
#5214 = DIRECTION('',(1.,0.));
#5215 = ( GEOMETRIC_REPRESENTATION_CONTEXT(2) 
PARAMETRIC_REPRESENTATION_CONTEXT() REPRESENTATION_CONTEXT('2D SPACE',''
  ) );
#5216 = ORIENTED_EDGE('',*,*,#4361,.T.);
#5217 = ORIENTED_EDGE('',*,*,#2450,.F.);
#5218 = ORIENTED_EDGE('',*,*,#2634,.F.);
#5219 = ORIENTED_EDGE('',*,*,#2686,.F.);
#5220 = ORIENTED_EDGE('',*,*,#4516,.T.);
#5221 = FACE_BOUND('',#5222,.F.);
#5222 = EDGE_LOOP('',(#5223));
#5223 = ORIENTED_EDGE('',*,*,#5224,.T.);
#5224 = EDGE_CURVE('',#5225,#5225,#5227,.T.);
#5225 = VERTEX_POINT('',#5226);
#5226 = CARTESIAN_POINT('',(8.575,8.1,0.));
#5227 = SURFACE_CURVE('',#5228,(#5233,#5244),.PCURVE_S1.);
#5228 = CIRCLE('',#5229,0.475);
#5229 = AXIS2_PLACEMENT_3D('',#5230,#5231,#5232);
#5230 = CARTESIAN_POINT('',(8.1,8.1,0.));
#5231 = DIRECTION('',(0.,0.,-1.));
#5232 = DIRECTION('',(1.,0.,0.));
#5233 = PCURVE('',#2468,#5234);
#5234 = DEFINITIONAL_REPRESENTATION('',(#5235),#5243);
#5235 = ( BOUNDED_CURVE() B_SPLINE_CURVE(2,(#5236,#5237,#5238,#5239,
#5240,#5241,#5242),.UNSPECIFIED.,.T.,.F.) B_SPLINE_CURVE_WITH_KNOTS((1,2
    ,2,2,2,1),(-2.094395102393,0.,2.094395102393,4.188790204786,
6.28318530718,8.377580409573),.UNSPECIFIED.) CURVE() 
GEOMETRIC_REPRESENTATION_ITEM() RATIONAL_B_SPLINE_CURVE((1.,0.5,1.,0.5,
1.,0.5,1.)) REPRESENTATION_ITEM('') );
#5236 = CARTESIAN_POINT('',(8.575,8.1));
#5237 = CARTESIAN_POINT('',(8.575,7.277275866405));
#5238 = CARTESIAN_POINT('',(7.8625,7.688637933202));
#5239 = CARTESIAN_POINT('',(7.15,8.1));
#5240 = CARTESIAN_POINT('',(7.8625,8.511362066798));
#5241 = CARTESIAN_POINT('',(8.575,8.922724133595));
#5242 = CARTESIAN_POINT('',(8.575,8.1));
#5243 = ( GEOMETRIC_REPRESENTATION_CONTEXT(2) 
PARAMETRIC_REPRESENTATION_CONTEXT() REPRESENTATION_CONTEXT('2D SPACE',''
  ) );
#5244 = PCURVE('',#5245,#5250);
#5245 = CYLINDRICAL_SURFACE('',#5246,0.475);
#5246 = AXIS2_PLACEMENT_3D('',#5247,#5248,#5249);
#5247 = CARTESIAN_POINT('',(8.1,8.1,-0.1));
#5248 = DIRECTION('',(-0.,-0.,-1.));
#5249 = DIRECTION('',(1.,0.,0.));
#5250 = DEFINITIONAL_REPRESENTATION('',(#5251),#5255);
#5251 = LINE('',#5252,#5253);
#5252 = CARTESIAN_POINT('',(-6.28318530718,-0.1));
#5253 = VECTOR('',#5254,1.);
#5254 = DIRECTION('',(1.,-0.));
#5255 = ( GEOMETRIC_REPRESENTATION_CONTEXT(2) 
PARAMETRIC_REPRESENTATION_CONTEXT() REPRESENTATION_CONTEXT('2D SPACE',''
  ) );
#5256 = FACE_BOUND('',#5257,.F.);
#5257 = EDGE_LOOP('',(#5258,#5259,#5260));
#5258 = ORIENTED_EDGE('',*,*,#3614,.F.);
#5259 = ORIENTED_EDGE('',*,*,#3683,.T.);
#5260 = ORIENTED_EDGE('',*,*,#3731,.F.);
#5261 = ADVANCED_FACE('',(#5262),#2619,.F.);
#5262 = FACE_BOUND('',#5263,.T.);
#5263 = EDGE_LOOP('',(#5264,#5285,#5286,#5287));
#5264 = ORIENTED_EDGE('',*,*,#5265,.F.);
#5265 = EDGE_CURVE('',#5127,#2553,#5266,.T.);
#5266 = SEAM_CURVE('',#5267,(#5271,#5278),.PCURVE_S1.);
#5267 = LINE('',#5268,#5269);
#5268 = CARTESIAN_POINT('',(-8.78514211019,-9.78514211019,-0.5));
#5269 = VECTOR('',#5270,1.);
#5270 = DIRECTION('',(0.,0.,1.));
#5271 = PCURVE('',#2619,#5272);
#5272 = DEFINITIONAL_REPRESENTATION('',(#5273),#5277);
#5273 = LINE('',#5274,#5275);
#5274 = CARTESIAN_POINT('',(-6.28318530718,0.));
#5275 = VECTOR('',#5276,1.);
#5276 = DIRECTION('',(-0.,-1.));
#5277 = ( GEOMETRIC_REPRESENTATION_CONTEXT(2) 
PARAMETRIC_REPRESENTATION_CONTEXT() REPRESENTATION_CONTEXT('2D SPACE',''
  ) );
#5278 = PCURVE('',#2619,#5279);
#5279 = DEFINITIONAL_REPRESENTATION('',(#5280),#5284);
#5280 = LINE('',#5281,#5282);
#5281 = CARTESIAN_POINT('',(-0.,0.));
#5282 = VECTOR('',#5283,1.);
#5283 = DIRECTION('',(-0.,-1.));
#5284 = ( GEOMETRIC_REPRESENTATION_CONTEXT(2) 
PARAMETRIC_REPRESENTATION_CONTEXT() REPRESENTATION_CONTEXT('2D SPACE',''
  ) );
#5285 = ORIENTED_EDGE('',*,*,#5126,.T.);
#5286 = ORIENTED_EDGE('',*,*,#5265,.T.);
#5287 = ORIENTED_EDGE('',*,*,#2604,.T.);
#5288 = ADVANCED_FACE('',(#5289),#2931,.T.);
#5289 = FACE_BOUND('',#5290,.T.);
#5290 = EDGE_LOOP('',(#5291,#5292,#5293,#5314));
#5291 = ORIENTED_EDGE('',*,*,#4079,.F.);
#5292 = ORIENTED_EDGE('',*,*,#5051,.T.);
#5293 = ORIENTED_EDGE('',*,*,#5294,.T.);
#5294 = EDGE_CURVE('',#5052,#2915,#5295,.T.);
#5295 = SURFACE_CURVE('',#5296,(#5300,#5307),.PCURVE_S1.);
#5296 = LINE('',#5297,#5298);
#5297 = CARTESIAN_POINT('',(-9.77,7.77,0.));
#5298 = VECTOR('',#5299,1.);
#5299 = DIRECTION('',(0.,0.,1.));
#5300 = PCURVE('',#2931,#5301);
#5301 = DEFINITIONAL_REPRESENTATION('',(#5302),#5306);
#5302 = LINE('',#5303,#5304);
#5303 = CARTESIAN_POINT('',(1.570796326795,0.));
#5304 = VECTOR('',#5305,1.);
#5305 = DIRECTION('',(0.,1.));
#5306 = ( GEOMETRIC_REPRESENTATION_CONTEXT(2) 
PARAMETRIC_REPRESENTATION_CONTEXT() REPRESENTATION_CONTEXT('2D SPACE',''
  ) );
#5307 = PCURVE('',#2983,#5308);
#5308 = DEFINITIONAL_REPRESENTATION('',(#5309),#5313);
#5309 = LINE('',#5310,#5311);
#5310 = CARTESIAN_POINT('',(2.,0.));
#5311 = VECTOR('',#5312,1.);
#5312 = DIRECTION('',(0.,-1.));
#5313 = ( GEOMETRIC_REPRESENTATION_CONTEXT(2) 
PARAMETRIC_REPRESENTATION_CONTEXT() REPRESENTATION_CONTEXT('2D SPACE',''
  ) );
#5314 = ORIENTED_EDGE('',*,*,#2914,.F.);
#5315 = ADVANCED_FACE('',(#5316),#2983,.F.);
#5316 = FACE_BOUND('',#5317,.F.);
#5317 = EDGE_LOOP('',(#5318,#5319,#5320,#5341,#5368));
#5318 = ORIENTED_EDGE('',*,*,#5294,.T.);
#5319 = ORIENTED_EDGE('',*,*,#2967,.T.);
#5320 = ORIENTED_EDGE('',*,*,#5321,.T.);
#5321 = EDGE_CURVE('',#2968,#5322,#5324,.T.);
#5322 = VERTEX_POINT('',#5323);
#5323 = CARTESIAN_POINT('',(-9.77,-6.149613280325,0.3));
#5324 = SURFACE_CURVE('',#5325,(#5329,#5335),.PCURVE_S1.);
#5325 = LINE('',#5326,#5327);
#5326 = CARTESIAN_POINT('',(-9.77,-6.149613280325,0.));
#5327 = VECTOR('',#5328,1.);
#5328 = DIRECTION('',(0.,-0.,-1.));
#5329 = PCURVE('',#2983,#5330);
#5330 = DEFINITIONAL_REPRESENTATION('',(#5331),#5334);
#5331 = B_SPLINE_CURVE_WITH_KNOTS('',1,(#5332,#5333),.UNSPECIFIED.,.F.,
  .F.,(2,2),(-2.6,-0.3),.PIECEWISE_BEZIER_KNOTS.);
#5332 = CARTESIAN_POINT('',(15.919613280325,-2.6));
#5333 = CARTESIAN_POINT('',(15.919613280325,-0.3));
#5334 = ( GEOMETRIC_REPRESENTATION_CONTEXT(2) 
PARAMETRIC_REPRESENTATION_CONTEXT() REPRESENTATION_CONTEXT('2D SPACE',''
  ) );
#5335 = PCURVE('',#3046,#5336);
#5336 = DEFINITIONAL_REPRESENTATION('',(#5337),#5340);
#5337 = B_SPLINE_CURVE_WITH_KNOTS('',1,(#5338,#5339),.UNSPECIFIED.,.F.,
  .F.,(2,2),(-2.6,-0.3),.PIECEWISE_BEZIER_KNOTS.);
#5338 = CARTESIAN_POINT('',(2.256866523547,-2.6));
#5339 = CARTESIAN_POINT('',(2.256866523547,-0.3));
#5340 = ( GEOMETRIC_REPRESENTATION_CONTEXT(2) 
PARAMETRIC_REPRESENTATION_CONTEXT() REPRESENTATION_CONTEXT('2D SPACE',''
  ) );
#5341 = ORIENTED_EDGE('',*,*,#5342,.F.);
#5342 = EDGE_CURVE('',#5076,#5322,#5343,.T.);
#5343 = SURFACE_CURVE('',#5344,(#5349,#5356),.PCURVE_S1.);
#5344 = ELLIPSE('',#5345,0.424264068712,0.3);
#5345 = AXIS2_PLACEMENT_3D('',#5346,#5347,#5348);
#5346 = CARTESIAN_POINT('',(-9.77,-6.573877349037,0.3));
#5347 = DIRECTION('',(1.,0.,0.));
#5348 = DIRECTION('',(0.,-1.,0.));
#5349 = PCURVE('',#2983,#5350);
#5350 = DEFINITIONAL_REPRESENTATION('',(#5351),#5355);
#5351 = ELLIPSE('',#5352,0.424264068712,0.3);
#5352 = AXIS2_PLACEMENT_2D('',#5353,#5354);
#5353 = CARTESIAN_POINT('',(16.343877349037,-0.3));
#5354 = DIRECTION('',(1.,0.));
#5355 = ( GEOMETRIC_REPRESENTATION_CONTEXT(2) 
PARAMETRIC_REPRESENTATION_CONTEXT() REPRESENTATION_CONTEXT('2D SPACE',''
  ) );
#5356 = PCURVE('',#5112,#5357);
#5357 = DEFINITIONAL_REPRESENTATION('',(#5358),#5367);
#5358 = B_SPLINE_CURVE_WITH_KNOTS('',7,(#5359,#5360,#5361,#5362,#5363,
    #5364,#5365,#5366),.UNSPECIFIED.,.F.,.F.,(8,8),(1.570796326795,
    3.14159265359),.PIECEWISE_BEZIER_KNOTS.);
#5359 = CARTESIAN_POINT('',(1.570796326795,2.556866523547));
#5360 = CARTESIAN_POINT('',(1.346396851538,2.48954668097));
#5361 = CARTESIAN_POINT('',(1.121997376282,2.422227111751));
#5362 = CARTESIAN_POINT('',(0.897597901026,2.360442475815));
#5363 = CARTESIAN_POINT('',(0.673198425769,2.30973777216));
#5364 = CARTESIAN_POINT('',(0.448798950513,2.27449112533));
#5365 = CARTESIAN_POINT('',(0.224399475256,2.256866523547));
#5366 = CARTESIAN_POINT('',(1.850371707709E-16,2.256866523547));
#5367 = ( GEOMETRIC_REPRESENTATION_CONTEXT(2) 
PARAMETRIC_REPRESENTATION_CONTEXT() REPRESENTATION_CONTEXT('2D SPACE',''
  ) );
#5368 = ORIENTED_EDGE('',*,*,#5075,.F.);
#5369 = ADVANCED_FACE('',(#5370),#3046,.F.);
#5370 = FACE_BOUND('',#5371,.F.);
#5371 = EDGE_LOOP('',(#5372,#5395,#5396,#5397));
#5372 = ORIENTED_EDGE('',*,*,#5373,.F.);
#5373 = EDGE_CURVE('',#5322,#5374,#5376,.T.);
#5374 = VERTEX_POINT('',#5375);
#5375 = CARTESIAN_POINT('',(-11.59533547289,-7.974948753223,0.3));
#5376 = SURFACE_CURVE('',#5377,(#5381,#5388),.PCURVE_S1.);
#5377 = LINE('',#5378,#5379);
#5378 = CARTESIAN_POINT('',(-8.174154376967,-4.553767657292,0.3));
#5379 = VECTOR('',#5380,1.);
#5380 = DIRECTION('',(-0.707106781187,-0.707106781187,0.));
#5381 = PCURVE('',#3046,#5382);
#5382 = DEFINITIONAL_REPRESENTATION('',(#5383),#5387);
#5383 = LINE('',#5384,#5385);
#5384 = CARTESIAN_POINT('',(0.,-0.3));
#5385 = VECTOR('',#5386,1.);
#5386 = DIRECTION('',(1.,0.));
#5387 = ( GEOMETRIC_REPRESENTATION_CONTEXT(2) 
PARAMETRIC_REPRESENTATION_CONTEXT() REPRESENTATION_CONTEXT('2D SPACE',''
  ) );
#5388 = PCURVE('',#5112,#5389);
#5389 = DEFINITIONAL_REPRESENTATION('',(#5390),#5394);
#5390 = LINE('',#5391,#5392);
#5391 = CARTESIAN_POINT('',(0.,0.));
#5392 = VECTOR('',#5393,1.);
#5393 = DIRECTION('',(0.,1.));
#5394 = ( GEOMETRIC_REPRESENTATION_CONTEXT(2) 
PARAMETRIC_REPRESENTATION_CONTEXT() REPRESENTATION_CONTEXT('2D SPACE',''
  ) );
#5395 = ORIENTED_EDGE('',*,*,#5321,.F.);
#5396 = ORIENTED_EDGE('',*,*,#3030,.T.);
#5397 = ORIENTED_EDGE('',*,*,#5398,.F.);
#5398 = EDGE_CURVE('',#5374,#3031,#5399,.T.);
#5399 = SURFACE_CURVE('',#5400,(#5404,#5411),.PCURVE_S1.);
#5400 = LINE('',#5401,#5402);
#5401 = CARTESIAN_POINT('',(-11.59533547289,-7.974948753223,0.));
#5402 = VECTOR('',#5403,1.);
#5403 = DIRECTION('',(0.,0.,1.));
#5404 = PCURVE('',#3046,#5405);
#5405 = DEFINITIONAL_REPRESENTATION('',(#5406),#5410);
#5406 = LINE('',#5407,#5408);
#5407 = CARTESIAN_POINT('',(4.8382807052,0.));
#5408 = VECTOR('',#5409,1.);
#5409 = DIRECTION('',(0.,-1.));
#5410 = ( GEOMETRIC_REPRESENTATION_CONTEXT(2) 
PARAMETRIC_REPRESENTATION_CONTEXT() REPRESENTATION_CONTEXT('2D SPACE',''
  ) );
#5411 = PCURVE('',#3101,#5412);
#5412 = DEFINITIONAL_REPRESENTATION('',(#5413),#5417);
#5413 = LINE('',#5414,#5415);
#5414 = CARTESIAN_POINT('',(-2.356194491778,0.));
#5415 = VECTOR('',#5416,1.);
#5416 = DIRECTION('',(-0.,-1.));
#5417 = ( GEOMETRIC_REPRESENTATION_CONTEXT(2) 
PARAMETRIC_REPRESENTATION_CONTEXT() REPRESENTATION_CONTEXT('2D SPACE',''
  ) );
#5418 = ADVANCED_FACE('',(#5419),#3101,.T.);
#5419 = FACE_BOUND('',#5420,.F.);
#5420 = EDGE_LOOP('',(#5421,#5444,#5466,#5467));
#5421 = ORIENTED_EDGE('',*,*,#5422,.F.);
#5422 = EDGE_CURVE('',#5423,#3085,#5425,.T.);
#5423 = VERTEX_POINT('',#5424);
#5424 = CARTESIAN_POINT('',(-7.974948753223,-11.59533547289,0.3));
#5425 = SURFACE_CURVE('',#5426,(#5430,#5437),.PCURVE_S1.);
#5426 = LINE('',#5427,#5428);
#5427 = CARTESIAN_POINT('',(-7.974948753223,-11.59533547289,0.));
#5428 = VECTOR('',#5429,1.);
#5429 = DIRECTION('',(0.,0.,1.));
#5430 = PCURVE('',#3101,#5431);
#5431 = DEFINITIONAL_REPRESENTATION('',(#5432),#5436);
#5432 = LINE('',#5433,#5434);
#5433 = CARTESIAN_POINT('',(-5.497787142196,0.));
#5434 = VECTOR('',#5435,1.);
#5435 = DIRECTION('',(-0.,-1.));
#5436 = ( GEOMETRIC_REPRESENTATION_CONTEXT(2) 
PARAMETRIC_REPRESENTATION_CONTEXT() REPRESENTATION_CONTEXT('2D SPACE',''
  ) );
#5437 = PCURVE('',#3153,#5438);
#5438 = DEFINITIONAL_REPRESENTATION('',(#5439),#5443);
#5439 = LINE('',#5440,#5441);
#5440 = CARTESIAN_POINT('',(0.,0.));
#5441 = VECTOR('',#5442,1.);
#5442 = DIRECTION('',(0.,-1.));
#5443 = ( GEOMETRIC_REPRESENTATION_CONTEXT(2) 
PARAMETRIC_REPRESENTATION_CONTEXT() REPRESENTATION_CONTEXT('2D SPACE',''
  ) );
#5444 = ORIENTED_EDGE('',*,*,#5445,.F.);
#5445 = EDGE_CURVE('',#5374,#5423,#5446,.T.);
#5446 = SURFACE_CURVE('',#5447,(#5452,#5459),.PCURVE_S1.);
#5447 = CIRCLE('',#5448,2.56);
#5448 = AXIS2_PLACEMENT_3D('',#5449,#5450,#5451);
#5449 = CARTESIAN_POINT('',(-9.78514211019,-9.78514211019,0.3));
#5450 = DIRECTION('',(0.,0.,1.));
#5451 = DIRECTION('',(-0.707106782308,0.707106780065,0.));
#5452 = PCURVE('',#3101,#5453);
#5453 = DEFINITIONAL_REPRESENTATION('',(#5454),#5458);
#5454 = LINE('',#5455,#5456);
#5455 = CARTESIAN_POINT('',(-2.356194491778,-0.3));
#5456 = VECTOR('',#5457,1.);
#5457 = DIRECTION('',(-1.,0.));
#5458 = ( GEOMETRIC_REPRESENTATION_CONTEXT(2) 
PARAMETRIC_REPRESENTATION_CONTEXT() REPRESENTATION_CONTEXT('2D SPACE',''
  ) );
#5459 = PCURVE('',#4918,#5460);
#5460 = DEFINITIONAL_REPRESENTATION('',(#5461),#5465);
#5461 = LINE('',#5462,#5463);
#5462 = CARTESIAN_POINT('',(-0.,0.));
#5463 = VECTOR('',#5464,1.);
#5464 = DIRECTION('',(-1.,0.));
#5465 = ( GEOMETRIC_REPRESENTATION_CONTEXT(2) 
PARAMETRIC_REPRESENTATION_CONTEXT() REPRESENTATION_CONTEXT('2D SPACE',''
  ) );
#5466 = ORIENTED_EDGE('',*,*,#5398,.T.);
#5467 = ORIENTED_EDGE('',*,*,#3084,.T.);
#5468 = ADVANCED_FACE('',(#5469),#3153,.F.);
#5469 = FACE_BOUND('',#5470,.F.);
#5470 = EDGE_LOOP('',(#5471,#5494,#5495,#5496));
#5471 = ORIENTED_EDGE('',*,*,#5472,.F.);
#5472 = EDGE_CURVE('',#5423,#5473,#5475,.T.);
#5473 = VERTEX_POINT('',#5474);
#5474 = CARTESIAN_POINT('',(-6.149613280325,-9.77,0.3));
#5475 = SURFACE_CURVE('',#5476,(#5480,#5487),.PCURVE_S1.);
#5476 = LINE('',#5477,#5478);
#5477 = CARTESIAN_POINT('',(-7.974948753223,-11.59533547289,0.3));
#5478 = VECTOR('',#5479,1.);
#5479 = DIRECTION('',(0.707106781187,0.707106781187,0.));
#5480 = PCURVE('',#3153,#5481);
#5481 = DEFINITIONAL_REPRESENTATION('',(#5482),#5486);
#5482 = LINE('',#5483,#5484);
#5483 = CARTESIAN_POINT('',(0.,-0.3));
#5484 = VECTOR('',#5485,1.);
#5485 = DIRECTION('',(1.,0.));
#5486 = ( GEOMETRIC_REPRESENTATION_CONTEXT(2) 
PARAMETRIC_REPRESENTATION_CONTEXT() REPRESENTATION_CONTEXT('2D SPACE',''
  ) );
#5487 = PCURVE('',#4946,#5488);
#5488 = DEFINITIONAL_REPRESENTATION('',(#5489),#5493);
#5489 = LINE('',#5490,#5491);
#5490 = CARTESIAN_POINT('',(0.,0.));
#5491 = VECTOR('',#5492,1.);
#5492 = DIRECTION('',(0.,1.));
#5493 = ( GEOMETRIC_REPRESENTATION_CONTEXT(2) 
PARAMETRIC_REPRESENTATION_CONTEXT() REPRESENTATION_CONTEXT('2D SPACE',''
  ) );
#5494 = ORIENTED_EDGE('',*,*,#5422,.T.);
#5495 = ORIENTED_EDGE('',*,*,#3137,.T.);
#5496 = ORIENTED_EDGE('',*,*,#5497,.F.);
#5497 = EDGE_CURVE('',#5473,#3138,#5498,.T.);
#5498 = SURFACE_CURVE('',#5499,(#5503,#5509),.PCURVE_S1.);
#5499 = LINE('',#5500,#5501);
#5500 = CARTESIAN_POINT('',(-6.149613280325,-9.77,0.));
#5501 = VECTOR('',#5502,1.);
#5502 = DIRECTION('',(0.,-0.,1.));
#5503 = PCURVE('',#3153,#5504);
#5504 = DEFINITIONAL_REPRESENTATION('',(#5505),#5508);
#5505 = B_SPLINE_CURVE_WITH_KNOTS('',1,(#5506,#5507),.UNSPECIFIED.,.F.,
  .F.,(2,2),(0.3,2.6),.PIECEWISE_BEZIER_KNOTS.);
#5506 = CARTESIAN_POINT('',(2.581414181653,-0.3));
#5507 = CARTESIAN_POINT('',(2.581414181653,-2.6));
#5508 = ( GEOMETRIC_REPRESENTATION_CONTEXT(2) 
PARAMETRIC_REPRESENTATION_CONTEXT() REPRESENTATION_CONTEXT('2D SPACE',''
  ) );
#5509 = PCURVE('',#3216,#5510);
#5510 = DEFINITIONAL_REPRESENTATION('',(#5511),#5514);
#5511 = B_SPLINE_CURVE_WITH_KNOTS('',1,(#5512,#5513),.UNSPECIFIED.,.F.,
  .F.,(2,2),(0.3,2.6),.PIECEWISE_BEZIER_KNOTS.);
#5512 = CARTESIAN_POINT('',(3.620386719675,-0.3));
#5513 = CARTESIAN_POINT('',(3.620386719675,-2.6));
#5514 = ( GEOMETRIC_REPRESENTATION_CONTEXT(2) 
PARAMETRIC_REPRESENTATION_CONTEXT() REPRESENTATION_CONTEXT('2D SPACE',''
  ) );
#5515 = ADVANCED_FACE('',(#5516),#3216,.F.);
#5516 = FACE_BOUND('',#5517,.F.);
#5517 = EDGE_LOOP('',(#5518,#5519,#5520,#5541,#5542));
#5518 = ORIENTED_EDGE('',*,*,#5497,.T.);
#5519 = ORIENTED_EDGE('',*,*,#3200,.T.);
#5520 = ORIENTED_EDGE('',*,*,#5521,.F.);
#5521 = EDGE_CURVE('',#4959,#3201,#5522,.T.);
#5522 = SURFACE_CURVE('',#5523,(#5527,#5534),.PCURVE_S1.);
#5523 = LINE('',#5524,#5525);
#5524 = CARTESIAN_POINT('',(7.77,-9.77,0.));
#5525 = VECTOR('',#5526,1.);
#5526 = DIRECTION('',(0.,0.,1.));
#5527 = PCURVE('',#3216,#5528);
#5528 = DEFINITIONAL_REPRESENTATION('',(#5529),#5533);
#5529 = LINE('',#5530,#5531);
#5530 = CARTESIAN_POINT('',(17.54,0.));
#5531 = VECTOR('',#5532,1.);
#5532 = DIRECTION('',(0.,-1.));
#5533 = ( GEOMETRIC_REPRESENTATION_CONTEXT(2) 
PARAMETRIC_REPRESENTATION_CONTEXT() REPRESENTATION_CONTEXT('2D SPACE',''
  ) );
#5534 = PCURVE('',#3271,#5535);
#5535 = DEFINITIONAL_REPRESENTATION('',(#5536),#5540);
#5536 = LINE('',#5537,#5538);
#5537 = CARTESIAN_POINT('',(0.,0.));
#5538 = VECTOR('',#5539,1.);
#5539 = DIRECTION('',(0.,1.));
#5540 = ( GEOMETRIC_REPRESENTATION_CONTEXT(2) 
PARAMETRIC_REPRESENTATION_CONTEXT() REPRESENTATION_CONTEXT('2D SPACE',''
  ) );
#5541 = ORIENTED_EDGE('',*,*,#4958,.F.);
#5542 = ORIENTED_EDGE('',*,*,#5543,.F.);
#5543 = EDGE_CURVE('',#5473,#4931,#5544,.T.);
#5544 = SURFACE_CURVE('',#5545,(#5550,#5557),.PCURVE_S1.);
#5545 = ELLIPSE('',#5546,0.424264068712,0.3);
#5546 = AXIS2_PLACEMENT_3D('',#5547,#5548,#5549);
#5547 = CARTESIAN_POINT('',(-6.573877349037,-9.77,0.3));
#5548 = DIRECTION('',(0.,1.,0.));
#5549 = DIRECTION('',(1.,-0.,0.));
#5550 = PCURVE('',#3216,#5551);
#5551 = DEFINITIONAL_REPRESENTATION('',(#5552),#5556);
#5552 = ELLIPSE('',#5553,0.424264068712,0.3);
#5553 = AXIS2_PLACEMENT_2D('',#5554,#5555);
#5554 = CARTESIAN_POINT('',(3.196122650963,-0.3));
#5555 = DIRECTION('',(1.,0.));
#5556 = ( GEOMETRIC_REPRESENTATION_CONTEXT(2) 
PARAMETRIC_REPRESENTATION_CONTEXT() REPRESENTATION_CONTEXT('2D SPACE',''
  ) );
#5557 = PCURVE('',#4946,#5558);
#5558 = DEFINITIONAL_REPRESENTATION('',(#5559),#5568);
#5559 = B_SPLINE_CURVE_WITH_KNOTS('',7,(#5560,#5561,#5562,#5563,#5564,
    #5565,#5566,#5567),.UNSPECIFIED.,.F.,.F.,(8,8),(0.,1.570796326795),
  .PIECEWISE_BEZIER_KNOTS.);
#5560 = CARTESIAN_POINT('',(0.,2.581414181653));
#5561 = CARTESIAN_POINT('',(0.224399475256,2.581414181653));
#5562 = CARTESIAN_POINT('',(0.448798950513,2.563789579871));
#5563 = CARTESIAN_POINT('',(0.67319842577,2.52854293304));
#5564 = CARTESIAN_POINT('',(0.897597901026,2.477838229386));
#5565 = CARTESIAN_POINT('',(1.121997376282,2.416053593449));
#5566 = CARTESIAN_POINT('',(1.346396851538,2.34873402423));
#5567 = CARTESIAN_POINT('',(1.570796326795,2.281414181653));
#5568 = ( GEOMETRIC_REPRESENTATION_CONTEXT(2) 
PARAMETRIC_REPRESENTATION_CONTEXT() REPRESENTATION_CONTEXT('2D SPACE',''
  ) );
#5569 = ADVANCED_FACE('',(#5570),#3271,.T.);
#5570 = FACE_BOUND('',#5571,.T.);
#5571 = EDGE_LOOP('',(#5572,#5573,#5574,#5595));
#5572 = ORIENTED_EDGE('',*,*,#5521,.F.);
#5573 = ORIENTED_EDGE('',*,*,#4981,.T.);
#5574 = ORIENTED_EDGE('',*,*,#5575,.T.);
#5575 = EDGE_CURVE('',#4982,#3255,#5576,.T.);
#5576 = SURFACE_CURVE('',#5577,(#5581,#5588),.PCURVE_S1.);
#5577 = LINE('',#5578,#5579);
#5578 = CARTESIAN_POINT('',(9.77,-7.77,0.));
#5579 = VECTOR('',#5580,1.);
#5580 = DIRECTION('',(0.,0.,1.));
#5581 = PCURVE('',#3271,#5582);
#5582 = DEFINITIONAL_REPRESENTATION('',(#5583),#5587);
#5583 = LINE('',#5584,#5585);
#5584 = CARTESIAN_POINT('',(1.570796326795,0.));
#5585 = VECTOR('',#5586,1.);
#5586 = DIRECTION('',(0.,1.));
#5587 = ( GEOMETRIC_REPRESENTATION_CONTEXT(2) 
PARAMETRIC_REPRESENTATION_CONTEXT() REPRESENTATION_CONTEXT('2D SPACE',''
  ) );
#5588 = PCURVE('',#3345,#5589);
#5589 = DEFINITIONAL_REPRESENTATION('',(#5590),#5594);
#5590 = LINE('',#5591,#5592);
#5591 = CARTESIAN_POINT('',(2.,0.));
#5592 = VECTOR('',#5593,1.);
#5593 = DIRECTION('',(0.,-1.));
#5594 = ( GEOMETRIC_REPRESENTATION_CONTEXT(2) 
PARAMETRIC_REPRESENTATION_CONTEXT() REPRESENTATION_CONTEXT('2D SPACE',''
  ) );
#5595 = ORIENTED_EDGE('',*,*,#3254,.F.);
#5596 = ADVANCED_FACE('',(#5597),#3345,.F.);
#5597 = FACE_BOUND('',#5598,.F.);
#5598 = EDGE_LOOP('',(#5599,#5600,#5601,#5622));
#5599 = ORIENTED_EDGE('',*,*,#5575,.T.);
#5600 = ORIENTED_EDGE('',*,*,#3331,.T.);
#5601 = ORIENTED_EDGE('',*,*,#5602,.F.);
#5602 = EDGE_CURVE('',#5006,#3310,#5603,.T.);
#5603 = SURFACE_CURVE('',#5604,(#5608,#5615),.PCURVE_S1.);
#5604 = LINE('',#5605,#5606);
#5605 = CARTESIAN_POINT('',(9.77,7.77,0.));
#5606 = VECTOR('',#5607,1.);
#5607 = DIRECTION('',(0.,0.,1.));
#5608 = PCURVE('',#3345,#5609);
#5609 = DEFINITIONAL_REPRESENTATION('',(#5610),#5614);
#5610 = LINE('',#5611,#5612);
#5611 = CARTESIAN_POINT('',(17.54,0.));
#5612 = VECTOR('',#5613,1.);
#5613 = DIRECTION('',(0.,-1.));
#5614 = ( GEOMETRIC_REPRESENTATION_CONTEXT(2) 
PARAMETRIC_REPRESENTATION_CONTEXT() REPRESENTATION_CONTEXT('2D SPACE',''
  ) );
#5615 = PCURVE('',#3376,#5616);
#5616 = DEFINITIONAL_REPRESENTATION('',(#5617),#5621);
#5617 = LINE('',#5618,#5619);
#5618 = CARTESIAN_POINT('',(0.,0.));
#5619 = VECTOR('',#5620,1.);
#5620 = DIRECTION('',(0.,1.));
#5621 = ( GEOMETRIC_REPRESENTATION_CONTEXT(2) 
PARAMETRIC_REPRESENTATION_CONTEXT() REPRESENTATION_CONTEXT('2D SPACE',''
  ) );
#5622 = ORIENTED_EDGE('',*,*,#5005,.F.);
#5623 = ADVANCED_FACE('',(#5624),#3376,.T.);
#5624 = FACE_BOUND('',#5625,.T.);
#5625 = EDGE_LOOP('',(#5626,#5627,#5628,#5629));
#5626 = ORIENTED_EDGE('',*,*,#5602,.F.);
#5627 = ORIENTED_EDGE('',*,*,#5028,.T.);
#5628 = ORIENTED_EDGE('',*,*,#3963,.T.);
#5629 = ORIENTED_EDGE('',*,*,#3361,.F.);
#5630 = ADVANCED_FACE('',(#5631),#3921,.F.);
#5631 = FACE_BOUND('',#5632,.F.);
#5632 = EDGE_LOOP('',(#5633,#5634,#5635,#5636));
#5633 = ORIENTED_EDGE('',*,*,#3907,.T.);
#5634 = ORIENTED_EDGE('',*,*,#4127,.T.);
#5635 = ORIENTED_EDGE('',*,*,#4033,.T.);
#5636 = ORIENTED_EDGE('',*,*,#3938,.T.);
#5637 = ADVANCED_FACE('',(#5638),#3894,.T.);
#5638 = FACE_BOUND('',#5639,.T.);
#5639 = EDGE_LOOP('',(#5640,#5641,#5642,#5643));
#5640 = ORIENTED_EDGE('',*,*,#3880,.T.);
#5641 = ORIENTED_EDGE('',*,*,#4156,.T.);
#5642 = ORIENTED_EDGE('',*,*,#4011,.T.);
#5643 = ORIENTED_EDGE('',*,*,#4180,.T.);
#5644 = ADVANCED_FACE('',(#5645),#4328,.T.);
#5645 = FACE_BOUND('',#5646,.T.);
#5646 = EDGE_LOOP('',(#5647,#5648,#5649));
#5647 = ORIENTED_EDGE('',*,*,#4465,.T.);
#5648 = ORIENTED_EDGE('',*,*,#4313,.T.);
#5649 = ORIENTED_EDGE('',*,*,#5650,.T.);
#5650 = EDGE_CURVE('',#4286,#4445,#5651,.T.);
#5651 = SURFACE_CURVE('',#5652,(#5656,#5662),.PCURVE_S1.);
#5652 = LINE('',#5653,#5654);
#5653 = CARTESIAN_POINT('',(8.385,-8.2425,4.5));
#5654 = VECTOR('',#5655,1.);
#5655 = DIRECTION('',(0.,1.,-0.));
#5656 = PCURVE('',#4328,#5657);
#5657 = DEFINITIONAL_REPRESENTATION('',(#5658),#5661);
#5658 = B_SPLINE_CURVE_WITH_KNOTS('',1,(#5659,#5660),.UNSPECIFIED.,.F.,
  .F.,(2,2),(-0.1425,1.3425),.PIECEWISE_BEZIER_KNOTS.);
#5659 = CARTESIAN_POINT('',(0.285,-0.285));
#5660 = CARTESIAN_POINT('',(0.285,1.2));
#5661 = ( GEOMETRIC_REPRESENTATION_CONTEXT(2) 
PARAMETRIC_REPRESENTATION_CONTEXT() REPRESENTATION_CONTEXT('2D SPACE',''
  ) );
#5662 = PCURVE('',#4301,#5663);
#5663 = DEFINITIONAL_REPRESENTATION('',(#5664),#5667);
#5664 = B_SPLINE_CURVE_WITH_KNOTS('',1,(#5665,#5666),.UNSPECIFIED.,.F.,
  .F.,(2,2),(-0.1425,1.3425),.PIECEWISE_BEZIER_KNOTS.);
#5665 = CARTESIAN_POINT('',(0.,-1.6));
#5666 = CARTESIAN_POINT('',(1.485,-1.6));
#5667 = ( GEOMETRIC_REPRESENTATION_CONTEXT(2) 
PARAMETRIC_REPRESENTATION_CONTEXT() REPRESENTATION_CONTEXT('2D SPACE',''
  ) );
#5668 = ADVANCED_FACE('',(#5669),#4301,.T.);
#5669 = FACE_BOUND('',#5670,.T.);
#5670 = EDGE_LOOP('',(#5671,#5692,#5693,#5694,#5695,#5716,#5717,#5736));
#5671 = ORIENTED_EDGE('',*,*,#5672,.F.);
#5672 = EDGE_CURVE('',#4412,#4591,#5673,.T.);
#5673 = SURFACE_CURVE('',#5674,(#5678,#5685),.PCURVE_S1.);
#5674 = LINE('',#5675,#5676);
#5675 = CARTESIAN_POINT('',(8.385,-8.385,2.9));
#5676 = VECTOR('',#5677,1.);
#5677 = DIRECTION('',(0.,1.,0.));
#5678 = PCURVE('',#4301,#5679);
#5679 = DEFINITIONAL_REPRESENTATION('',(#5680),#5684);
#5680 = LINE('',#5681,#5682);
#5681 = CARTESIAN_POINT('',(0.,0.));
#5682 = VECTOR('',#5683,1.);
#5683 = DIRECTION('',(1.,0.));
#5684 = ( GEOMETRIC_REPRESENTATION_CONTEXT(2) 
PARAMETRIC_REPRESENTATION_CONTEXT() REPRESENTATION_CONTEXT('2D SPACE',''
  ) );
#5685 = PCURVE('',#4428,#5686);
#5686 = DEFINITIONAL_REPRESENTATION('',(#5687),#5691);
#5687 = LINE('',#5688,#5689);
#5688 = CARTESIAN_POINT('',(8.385,-8.385));
#5689 = VECTOR('',#5690,1.);
#5690 = DIRECTION('',(0.,1.));
#5691 = ( GEOMETRIC_REPRESENTATION_CONTEXT(2) 
PARAMETRIC_REPRESENTATION_CONTEXT() REPRESENTATION_CONTEXT('2D SPACE',''
  ) );
#5692 = ORIENTED_EDGE('',*,*,#4444,.F.);
#5693 = ORIENTED_EDGE('',*,*,#5650,.F.);
#5694 = ORIENTED_EDGE('',*,*,#4285,.T.);
#5695 = ORIENTED_EDGE('',*,*,#5696,.T.);
#5696 = EDGE_CURVE('',#4258,#4662,#5697,.T.);
#5697 = SURFACE_CURVE('',#5698,(#5702,#5709),.PCURVE_S1.);
#5698 = LINE('',#5699,#5700);
#5699 = CARTESIAN_POINT('',(8.385,-8.385,5.16));
#5700 = VECTOR('',#5701,1.);
#5701 = DIRECTION('',(0.,1.,0.));
#5702 = PCURVE('',#4301,#5703);
#5703 = DEFINITIONAL_REPRESENTATION('',(#5704),#5708);
#5704 = LINE('',#5705,#5706);
#5705 = CARTESIAN_POINT('',(0.,-2.26));
#5706 = VECTOR('',#5707,1.);
#5707 = DIRECTION('',(1.,0.));
#5708 = ( GEOMETRIC_REPRESENTATION_CONTEXT(2) 
PARAMETRIC_REPRESENTATION_CONTEXT() REPRESENTATION_CONTEXT('2D SPACE',''
  ) );
#5709 = PCURVE('',#4273,#5710);
#5710 = DEFINITIONAL_REPRESENTATION('',(#5711),#5715);
#5711 = LINE('',#5712,#5713);
#5712 = CARTESIAN_POINT('',(8.385,-8.385));
#5713 = VECTOR('',#5714,1.);
#5714 = DIRECTION('',(0.,1.));
#5715 = ( GEOMETRIC_REPRESENTATION_CONTEXT(2) 
PARAMETRIC_REPRESENTATION_CONTEXT() REPRESENTATION_CONTEXT('2D SPACE',''
  ) );
#5716 = ORIENTED_EDGE('',*,*,#4661,.F.);
#5717 = ORIENTED_EDGE('',*,*,#5718,.F.);
#5718 = EDGE_CURVE('',#4562,#4641,#5719,.T.);
#5719 = SURFACE_CURVE('',#5720,(#5724,#5730),.PCURVE_S1.);
#5720 = LINE('',#5721,#5722);
#5721 = CARTESIAN_POINT('',(8.385,-0.1425,4.5));
#5722 = VECTOR('',#5723,1.);
#5723 = DIRECTION('',(0.,1.,-0.));
#5724 = PCURVE('',#4301,#5725);
#5725 = DEFINITIONAL_REPRESENTATION('',(#5726),#5729);
#5726 = B_SPLINE_CURVE_WITH_KNOTS('',1,(#5727,#5728),.UNSPECIFIED.,.F.,
  .F.,(2,2),(7.0425,8.5275),.PIECEWISE_BEZIER_KNOTS.);
#5727 = CARTESIAN_POINT('',(15.285,-1.6));
#5728 = CARTESIAN_POINT('',(16.77,-1.6));
#5729 = ( GEOMETRIC_REPRESENTATION_CONTEXT(2) 
PARAMETRIC_REPRESENTATION_CONTEXT() REPRESENTATION_CONTEXT('2D SPACE',''
  ) );
#5730 = PCURVE('',#4578,#5731);
#5731 = DEFINITIONAL_REPRESENTATION('',(#5732),#5735);
#5732 = B_SPLINE_CURVE_WITH_KNOTS('',1,(#5733,#5734),.UNSPECIFIED.,.F.,
  .F.,(2,2),(7.0425,8.5275),.PIECEWISE_BEZIER_KNOTS.);
#5733 = CARTESIAN_POINT('',(0.285,-1.2));
#5734 = CARTESIAN_POINT('',(0.285,0.285));
#5735 = ( GEOMETRIC_REPRESENTATION_CONTEXT(2) 
PARAMETRIC_REPRESENTATION_CONTEXT() REPRESENTATION_CONTEXT('2D SPACE',''
  ) );
#5736 = ORIENTED_EDGE('',*,*,#4590,.T.);
#5737 = ADVANCED_FACE('',(#5738,#5744),#4273,.F.);
#5738 = FACE_BOUND('',#5739,.F.);
#5739 = EDGE_LOOP('',(#5740,#5741,#5742,#5743));
#5740 = ORIENTED_EDGE('',*,*,#4257,.T.);
#5741 = ORIENTED_EDGE('',*,*,#5696,.T.);
#5742 = ORIENTED_EDGE('',*,*,#4684,.T.);
#5743 = ORIENTED_EDGE('',*,*,#4734,.T.);
#5744 = FACE_BOUND('',#5745,.F.);
#5745 = EDGE_LOOP('',(#5746));
#5746 = ORIENTED_EDGE('',*,*,#4870,.T.);
#5747 = ADVANCED_FACE('',(#5748),#4428,.F.);
#5748 = FACE_BOUND('',#5749,.F.);
#5749 = EDGE_LOOP('',(#5750,#5751,#5752,#5773));
#5750 = ORIENTED_EDGE('',*,*,#5672,.F.);
#5751 = ORIENTED_EDGE('',*,*,#4411,.T.);
#5752 = ORIENTED_EDGE('',*,*,#5753,.T.);
#5753 = EDGE_CURVE('',#4386,#4494,#5754,.T.);
#5754 = SURFACE_CURVE('',#5755,(#5759,#5766),.PCURVE_S1.);
#5755 = LINE('',#5756,#5757);
#5756 = CARTESIAN_POINT('',(8.97,-8.97,2.9));
#5757 = VECTOR('',#5758,1.);
#5758 = DIRECTION('',(0.,1.,0.));
#5759 = PCURVE('',#4428,#5760);
#5760 = DEFINITIONAL_REPRESENTATION('',(#5761),#5765);
#5761 = LINE('',#5762,#5763);
#5762 = CARTESIAN_POINT('',(8.97,-8.97));
#5763 = VECTOR('',#5764,1.);
#5764 = DIRECTION('',(0.,1.));
#5765 = ( GEOMETRIC_REPRESENTATION_CONTEXT(2) 
PARAMETRIC_REPRESENTATION_CONTEXT() REPRESENTATION_CONTEXT('2D SPACE',''
  ) );
#5766 = PCURVE('',#4400,#5767);
#5767 = DEFINITIONAL_REPRESENTATION('',(#5768),#5772);
#5768 = LINE('',#5769,#5770);
#5769 = CARTESIAN_POINT('',(0.,-2.9));
#5770 = VECTOR('',#5771,1.);
#5771 = DIRECTION('',(1.,0.));
#5772 = ( GEOMETRIC_REPRESENTATION_CONTEXT(2) 
PARAMETRIC_REPRESENTATION_CONTEXT() REPRESENTATION_CONTEXT('2D SPACE',''
  ) );
#5773 = ORIENTED_EDGE('',*,*,#4611,.T.);
#5774 = ADVANCED_FACE('',(#5775),#4400,.T.);
#5775 = FACE_BOUND('',#5776,.T.);
#5776 = EDGE_LOOP('',(#5777,#5778,#5779,#5780));
#5777 = ORIENTED_EDGE('',*,*,#5196,.F.);
#5778 = ORIENTED_EDGE('',*,*,#4385,.F.);
#5779 = ORIENTED_EDGE('',*,*,#5753,.T.);
#5780 = ORIENTED_EDGE('',*,*,#4493,.T.);
#5781 = ADVANCED_FACE('',(#5782),#4578,.T.);
#5782 = FACE_BOUND('',#5783,.T.);
#5783 = EDGE_LOOP('',(#5784,#5785,#5786));
#5784 = ORIENTED_EDGE('',*,*,#4561,.T.);
#5785 = ORIENTED_EDGE('',*,*,#5718,.T.);
#5786 = ORIENTED_EDGE('',*,*,#4640,.T.);
#5787 = ADVANCED_FACE('',(#5788),#4918,.T.);
#5788 = FACE_BOUND('',#5789,.F.);
#5789 = EDGE_LOOP('',(#5790,#5810,#5811,#5831));
#5790 = ORIENTED_EDGE('',*,*,#5791,.F.);
#5791 = EDGE_CURVE('',#5374,#4900,#5792,.T.);
#5792 = SURFACE_CURVE('',#5793,(#5798,#5804),.PCURVE_S1.);
#5793 = CIRCLE('',#5794,0.3);
#5794 = AXIS2_PLACEMENT_3D('',#5795,#5796,#5797);
#5795 = CARTESIAN_POINT('',(-11.38320343854,-8.187080787579,0.3));
#5796 = DIRECTION('',(-0.707106781187,-0.707106781187,0.));
#5797 = DIRECTION('',(-0.707106781187,0.707106781187,0.));
#5798 = PCURVE('',#4918,#5799);
#5799 = DEFINITIONAL_REPRESENTATION('',(#5800),#5803);
#5800 = B_SPLINE_CURVE_WITH_KNOTS('',1,(#5801,#5802),.UNSPECIFIED.,.F.,
  .F.,(2,2),(0.,1.570796326795),.PIECEWISE_BEZIER_KNOTS.);
#5801 = CARTESIAN_POINT('',(0.,0.));
#5802 = CARTESIAN_POINT('',(0.,1.570796326795));
#5803 = ( GEOMETRIC_REPRESENTATION_CONTEXT(2) 
PARAMETRIC_REPRESENTATION_CONTEXT() REPRESENTATION_CONTEXT('2D SPACE',''
  ) );
#5804 = PCURVE('',#5112,#5805);
#5805 = DEFINITIONAL_REPRESENTATION('',(#5806),#5809);
#5806 = B_SPLINE_CURVE_WITH_KNOTS('',1,(#5807,#5808),.UNSPECIFIED.,.F.,
  .F.,(2,2),(0.,1.570796326795),.PIECEWISE_BEZIER_KNOTS.);
#5807 = CARTESIAN_POINT('',(0.,4.8382807052));
#5808 = CARTESIAN_POINT('',(1.570796326795,4.8382807052));
#5809 = ( GEOMETRIC_REPRESENTATION_CONTEXT(2) 
PARAMETRIC_REPRESENTATION_CONTEXT() REPRESENTATION_CONTEXT('2D SPACE',''
  ) );
#5810 = ORIENTED_EDGE('',*,*,#5445,.T.);
#5811 = ORIENTED_EDGE('',*,*,#5812,.T.);
#5812 = EDGE_CURVE('',#5423,#4902,#5813,.T.);
#5813 = SURFACE_CURVE('',#5814,(#5819,#5825),.PCURVE_S1.);
#5814 = CIRCLE('',#5815,0.3);
#5815 = AXIS2_PLACEMENT_3D('',#5816,#5817,#5818);
#5816 = CARTESIAN_POINT('',(-8.187080787243,-11.3832034382,0.3));
#5817 = DIRECTION('',(0.707106782308,0.707106780065,0.));
#5818 = DIRECTION('',(0.707106780065,-0.707106782308,0.));
#5819 = PCURVE('',#4918,#5820);
#5820 = DEFINITIONAL_REPRESENTATION('',(#5821),#5824);
#5821 = B_SPLINE_CURVE_WITH_KNOTS('',1,(#5822,#5823),.UNSPECIFIED.,.F.,
  .F.,(2,2),(0.,1.570796326795),.PIECEWISE_BEZIER_KNOTS.);
#5822 = CARTESIAN_POINT('',(-3.141592650418,0.));
#5823 = CARTESIAN_POINT('',(-3.141592650418,1.570796326795));
#5824 = ( GEOMETRIC_REPRESENTATION_CONTEXT(2) 
PARAMETRIC_REPRESENTATION_CONTEXT() REPRESENTATION_CONTEXT('2D SPACE',''
  ) );
#5825 = PCURVE('',#4946,#5826);
#5826 = DEFINITIONAL_REPRESENTATION('',(#5827),#5830);
#5827 = B_SPLINE_CURVE_WITH_KNOTS('',1,(#5828,#5829),.UNSPECIFIED.,.F.,
  .F.,(2,2),(0.,1.570796326795),.PIECEWISE_BEZIER_KNOTS.);
#5828 = CARTESIAN_POINT('',(0.,0.));
#5829 = CARTESIAN_POINT('',(1.570796326795,0.));
#5830 = ( GEOMETRIC_REPRESENTATION_CONTEXT(2) 
PARAMETRIC_REPRESENTATION_CONTEXT() REPRESENTATION_CONTEXT('2D SPACE',''
  ) );
#5831 = ORIENTED_EDGE('',*,*,#4899,.F.);
#5832 = ADVANCED_FACE('',(#5833),#5112,.T.);
#5833 = FACE_BOUND('',#5834,.T.);
#5834 = EDGE_LOOP('',(#5835,#5836,#5837,#5838));
#5835 = ORIENTED_EDGE('',*,*,#5373,.F.);
#5836 = ORIENTED_EDGE('',*,*,#5342,.F.);
#5837 = ORIENTED_EDGE('',*,*,#5098,.T.);
#5838 = ORIENTED_EDGE('',*,*,#5791,.F.);
#5839 = ADVANCED_FACE('',(#5840),#4946,.T.);
#5840 = FACE_BOUND('',#5841,.T.);
#5841 = EDGE_LOOP('',(#5842,#5843,#5844,#5845));
#5842 = ORIENTED_EDGE('',*,*,#5472,.F.);
#5843 = ORIENTED_EDGE('',*,*,#5812,.T.);
#5844 = ORIENTED_EDGE('',*,*,#4930,.T.);
#5845 = ORIENTED_EDGE('',*,*,#5543,.F.);
#5846 = ADVANCED_FACE('',(#5847),#5182,.F.);
#5847 = FACE_BOUND('',#5848,.T.);
#5848 = EDGE_LOOP('',(#5849,#5850,#5873,#5900));
#5849 = ORIENTED_EDGE('',*,*,#5161,.T.);
#5850 = ORIENTED_EDGE('',*,*,#5851,.T.);
#5851 = EDGE_CURVE('',#5162,#5852,#5854,.T.);
#5852 = VERTEX_POINT('',#5853);
#5853 = CARTESIAN_POINT('',(8.575,-8.1,4.));
#5854 = SEAM_CURVE('',#5855,(#5859,#5866),.PCURVE_S1.);
#5855 = LINE('',#5856,#5857);
#5856 = CARTESIAN_POINT('',(8.575,-8.1,-0.1));
#5857 = VECTOR('',#5858,1.);
#5858 = DIRECTION('',(0.,0.,1.));
#5859 = PCURVE('',#5182,#5860);
#5860 = DEFINITIONAL_REPRESENTATION('',(#5861),#5865);
#5861 = LINE('',#5862,#5863);
#5862 = CARTESIAN_POINT('',(-6.28318530718,0.));
#5863 = VECTOR('',#5864,1.);
#5864 = DIRECTION('',(-0.,-1.));
#5865 = ( GEOMETRIC_REPRESENTATION_CONTEXT(2) 
PARAMETRIC_REPRESENTATION_CONTEXT() REPRESENTATION_CONTEXT('2D SPACE',''
  ) );
#5866 = PCURVE('',#5182,#5867);
#5867 = DEFINITIONAL_REPRESENTATION('',(#5868),#5872);
#5868 = LINE('',#5869,#5870);
#5869 = CARTESIAN_POINT('',(-0.,0.));
#5870 = VECTOR('',#5871,1.);
#5871 = DIRECTION('',(-0.,-1.));
#5872 = ( GEOMETRIC_REPRESENTATION_CONTEXT(2) 
PARAMETRIC_REPRESENTATION_CONTEXT() REPRESENTATION_CONTEXT('2D SPACE',''
  ) );
#5873 = ORIENTED_EDGE('',*,*,#5874,.T.);
#5874 = EDGE_CURVE('',#5852,#5852,#5875,.T.);
#5875 = SURFACE_CURVE('',#5876,(#5881,#5888),.PCURVE_S1.);
#5876 = CIRCLE('',#5877,0.475);
#5877 = AXIS2_PLACEMENT_3D('',#5878,#5879,#5880);
#5878 = CARTESIAN_POINT('',(8.1,-8.1,4.));
#5879 = DIRECTION('',(0.,0.,1.));
#5880 = DIRECTION('',(1.,0.,0.));
#5881 = PCURVE('',#5182,#5882);
#5882 = DEFINITIONAL_REPRESENTATION('',(#5883),#5887);
#5883 = LINE('',#5884,#5885);
#5884 = CARTESIAN_POINT('',(-0.,-4.1));
#5885 = VECTOR('',#5886,1.);
#5886 = DIRECTION('',(-1.,0.));
#5887 = ( GEOMETRIC_REPRESENTATION_CONTEXT(2) 
PARAMETRIC_REPRESENTATION_CONTEXT() REPRESENTATION_CONTEXT('2D SPACE',''
  ) );
#5888 = PCURVE('',#5889,#5894);
#5889 = PLANE('',#5890);
#5890 = AXIS2_PLACEMENT_3D('',#5891,#5892,#5893);
#5891 = CARTESIAN_POINT('',(8.1,-8.1,4.));
#5892 = DIRECTION('',(0.,0.,1.));
#5893 = DIRECTION('',(1.,0.,-0.));
#5894 = DEFINITIONAL_REPRESENTATION('',(#5895),#5899);
#5895 = CIRCLE('',#5896,0.475);
#5896 = AXIS2_PLACEMENT_2D('',#5897,#5898);
#5897 = CARTESIAN_POINT('',(-1.7763568394E-15,1.7763568394E-15));
#5898 = DIRECTION('',(1.,0.));
#5899 = ( GEOMETRIC_REPRESENTATION_CONTEXT(2) 
PARAMETRIC_REPRESENTATION_CONTEXT() REPRESENTATION_CONTEXT('2D SPACE',''
  ) );
#5900 = ORIENTED_EDGE('',*,*,#5851,.F.);
#5901 = ADVANCED_FACE('',(#5902),#5245,.F.);
#5902 = FACE_BOUND('',#5903,.T.);
#5903 = EDGE_LOOP('',(#5904,#5905,#5928,#5955));
#5904 = ORIENTED_EDGE('',*,*,#5224,.T.);
#5905 = ORIENTED_EDGE('',*,*,#5906,.T.);
#5906 = EDGE_CURVE('',#5225,#5907,#5909,.T.);
#5907 = VERTEX_POINT('',#5908);
#5908 = CARTESIAN_POINT('',(8.575,8.1,4.));
#5909 = SEAM_CURVE('',#5910,(#5914,#5921),.PCURVE_S1.);
#5910 = LINE('',#5911,#5912);
#5911 = CARTESIAN_POINT('',(8.575,8.1,-0.1));
#5912 = VECTOR('',#5913,1.);
#5913 = DIRECTION('',(0.,0.,1.));
#5914 = PCURVE('',#5245,#5915);
#5915 = DEFINITIONAL_REPRESENTATION('',(#5916),#5920);
#5916 = LINE('',#5917,#5918);
#5917 = CARTESIAN_POINT('',(-6.28318530718,0.));
#5918 = VECTOR('',#5919,1.);
#5919 = DIRECTION('',(-0.,-1.));
#5920 = ( GEOMETRIC_REPRESENTATION_CONTEXT(2) 
PARAMETRIC_REPRESENTATION_CONTEXT() REPRESENTATION_CONTEXT('2D SPACE',''
  ) );
#5921 = PCURVE('',#5245,#5922);
#5922 = DEFINITIONAL_REPRESENTATION('',(#5923),#5927);
#5923 = LINE('',#5924,#5925);
#5924 = CARTESIAN_POINT('',(-0.,0.));
#5925 = VECTOR('',#5926,1.);
#5926 = DIRECTION('',(-0.,-1.));
#5927 = ( GEOMETRIC_REPRESENTATION_CONTEXT(2) 
PARAMETRIC_REPRESENTATION_CONTEXT() REPRESENTATION_CONTEXT('2D SPACE',''
  ) );
#5928 = ORIENTED_EDGE('',*,*,#5929,.T.);
#5929 = EDGE_CURVE('',#5907,#5907,#5930,.T.);
#5930 = SURFACE_CURVE('',#5931,(#5936,#5943),.PCURVE_S1.);
#5931 = CIRCLE('',#5932,0.475);
#5932 = AXIS2_PLACEMENT_3D('',#5933,#5934,#5935);
#5933 = CARTESIAN_POINT('',(8.1,8.1,4.));
#5934 = DIRECTION('',(0.,0.,1.));
#5935 = DIRECTION('',(1.,0.,0.));
#5936 = PCURVE('',#5245,#5937);
#5937 = DEFINITIONAL_REPRESENTATION('',(#5938),#5942);
#5938 = LINE('',#5939,#5940);
#5939 = CARTESIAN_POINT('',(-0.,-4.1));
#5940 = VECTOR('',#5941,1.);
#5941 = DIRECTION('',(-1.,0.));
#5942 = ( GEOMETRIC_REPRESENTATION_CONTEXT(2) 
PARAMETRIC_REPRESENTATION_CONTEXT() REPRESENTATION_CONTEXT('2D SPACE',''
  ) );
#5943 = PCURVE('',#5944,#5949);
#5944 = PLANE('',#5945);
#5945 = AXIS2_PLACEMENT_3D('',#5946,#5947,#5948);
#5946 = CARTESIAN_POINT('',(8.1,8.1,4.));
#5947 = DIRECTION('',(0.,0.,1.));
#5948 = DIRECTION('',(1.,0.,-0.));
#5949 = DEFINITIONAL_REPRESENTATION('',(#5950),#5954);
#5950 = CIRCLE('',#5951,0.475);
#5951 = AXIS2_PLACEMENT_2D('',#5952,#5953);
#5952 = CARTESIAN_POINT('',(0.,0.));
#5953 = DIRECTION('',(1.,0.));
#5954 = ( GEOMETRIC_REPRESENTATION_CONTEXT(2) 
PARAMETRIC_REPRESENTATION_CONTEXT() REPRESENTATION_CONTEXT('2D SPACE',''
  ) );
#5955 = ORIENTED_EDGE('',*,*,#5906,.F.);
#5956 = ADVANCED_FACE('',(#5957),#5889,.F.);
#5957 = FACE_BOUND('',#5958,.F.);
#5958 = EDGE_LOOP('',(#5959));
#5959 = ORIENTED_EDGE('',*,*,#5874,.T.);
#5960 = ADVANCED_FACE('',(#5961),#5944,.F.);
#5961 = FACE_BOUND('',#5962,.F.);
#5962 = EDGE_LOOP('',(#5963));
#5963 = ORIENTED_EDGE('',*,*,#5929,.T.);
#5964 = ( GEOMETRIC_REPRESENTATION_CONTEXT(3) 
GLOBAL_UNCERTAINTY_ASSIGNED_CONTEXT((#5968)) 
GLOBAL_UNIT_ASSIGNED_CONTEXT((#5965,#5966,#5967)) REPRESENTATION_CONTEXT
('Context #1','3D Context with UNIT and UNCERTAINTY') );
#5965 = ( LENGTH_UNIT() NAMED_UNIT(*) SI_UNIT(.MILLI.,.METRE.) );
#5966 = ( NAMED_UNIT(*) PLANE_ANGLE_UNIT() SI_UNIT($,.RADIAN.) );
#5967 = ( NAMED_UNIT(*) SI_UNIT($,.STERADIAN.) SOLID_ANGLE_UNIT() );
#5968 = UNCERTAINTY_MEASURE_WITH_UNIT(LENGTH_MEASURE(1.E-07),#5965,
  'distance_accuracy_value','confusion accuracy');
#5969 = CONTEXT_DEPENDENT_SHAPE_REPRESENTATION(#5970,#5972);
#5970 = ( REPRESENTATION_RELATIONSHIP('','',#36,#10) 
REPRESENTATION_RELATIONSHIP_WITH_TRANSFORMATION(#5971) 
SHAPE_REPRESENTATION_RELATIONSHIP() );
#5971 = ITEM_DEFINED_TRANSFORMATION('','',#11,#15);
#5972 = PRODUCT_DEFINITION_SHAPE('Placement','Placement of an item',
  #5973);
#5973 = NEXT_ASSEMBLY_USAGE_OCCURRENCE('1','housing','',#5,#31,$);
#5974 = PRODUCT_RELATED_PRODUCT_CATEGORY('part',$,(#33));
#5975 = SHAPE_DEFINITION_REPRESENTATION(#5976,#5982);
#5976 = PRODUCT_DEFINITION_SHAPE('','',#5977);
#5977 = PRODUCT_DEFINITION('design','',#5978,#5981);
#5978 = PRODUCT_DEFINITION_FORMATION('','',#5979);
#5979 = PRODUCT('pcb','pcb','',(#5980));
#5980 = PRODUCT_CONTEXT('',#2,'mechanical');
#5981 = PRODUCT_DEFINITION_CONTEXT('part definition',#2,'design');
#5982 = ADVANCED_BREP_SHAPE_REPRESENTATION('',(#11,#5983),#6825);
#5983 = MANIFOLD_SOLID_BREP('',#5984);
#5984 = CLOSED_SHELL('',(#5985,#6105,#6371,#6425,#6475,#6656,#6683,#6710
    ,#6737,#6764,#6771,#6798));
#5985 = ADVANCED_FACE('',(#5986),#6000,.F.);
#5986 = FACE_BOUND('',#5987,.F.);
#5987 = EDGE_LOOP('',(#5988,#6023,#6051,#6079));
#5988 = ORIENTED_EDGE('',*,*,#5989,.F.);
#5989 = EDGE_CURVE('',#5990,#5992,#5994,.T.);
#5990 = VERTEX_POINT('',#5991);
#5991 = CARTESIAN_POINT('',(-7.65,-9.65,-1.2));
#5992 = VERTEX_POINT('',#5993);
#5993 = CARTESIAN_POINT('',(7.65,-9.65,-1.2));
#5994 = SURFACE_CURVE('',#5995,(#5999,#6011),.PCURVE_S1.);
#5995 = LINE('',#5996,#5997);
#5996 = CARTESIAN_POINT('',(-9.65,-9.65,-1.2));
#5997 = VECTOR('',#5998,1.);
#5998 = DIRECTION('',(1.,0.,0.));
#5999 = PCURVE('',#6000,#6005);
#6000 = PLANE('',#6001);
#6001 = AXIS2_PLACEMENT_3D('',#6002,#6003,#6004);
#6002 = CARTESIAN_POINT('',(-9.65,-9.65,-1.2));
#6003 = DIRECTION('',(0.,1.,0.));
#6004 = DIRECTION('',(1.,0.,0.));
#6005 = DEFINITIONAL_REPRESENTATION('',(#6006),#6010);
#6006 = LINE('',#6007,#6008);
#6007 = CARTESIAN_POINT('',(0.,0.));
#6008 = VECTOR('',#6009,1.);
#6009 = DIRECTION('',(1.,0.));
#6010 = ( GEOMETRIC_REPRESENTATION_CONTEXT(2) 
PARAMETRIC_REPRESENTATION_CONTEXT() REPRESENTATION_CONTEXT('2D SPACE',''
  ) );
#6011 = PCURVE('',#6012,#6017);
#6012 = PLANE('',#6013);
#6013 = AXIS2_PLACEMENT_3D('',#6014,#6015,#6016);
#6014 = CARTESIAN_POINT('',(0.,0.,-1.2));
#6015 = DIRECTION('',(0.,0.,1.));
#6016 = DIRECTION('',(1.,0.,-0.));
#6017 = DEFINITIONAL_REPRESENTATION('',(#6018),#6022);
#6018 = LINE('',#6019,#6020);
#6019 = CARTESIAN_POINT('',(-9.65,-9.65));
#6020 = VECTOR('',#6021,1.);
#6021 = DIRECTION('',(1.,0.));
#6022 = ( GEOMETRIC_REPRESENTATION_CONTEXT(2) 
PARAMETRIC_REPRESENTATION_CONTEXT() REPRESENTATION_CONTEXT('2D SPACE',''
  ) );
#6023 = ORIENTED_EDGE('',*,*,#6024,.T.);
#6024 = EDGE_CURVE('',#5990,#6025,#6027,.T.);
#6025 = VERTEX_POINT('',#6026);
#6026 = CARTESIAN_POINT('',(-7.65,-9.65,0.));
#6027 = SURFACE_CURVE('',#6028,(#6032,#6039),.PCURVE_S1.);
#6028 = LINE('',#6029,#6030);
#6029 = CARTESIAN_POINT('',(-7.65,-9.65,-1.2));
#6030 = VECTOR('',#6031,1.);
#6031 = DIRECTION('',(0.,0.,1.));
#6032 = PCURVE('',#6000,#6033);
#6033 = DEFINITIONAL_REPRESENTATION('',(#6034),#6038);
#6034 = LINE('',#6035,#6036);
#6035 = CARTESIAN_POINT('',(2.,0.));
#6036 = VECTOR('',#6037,1.);
#6037 = DIRECTION('',(0.,-1.));
#6038 = ( GEOMETRIC_REPRESENTATION_CONTEXT(2) 
PARAMETRIC_REPRESENTATION_CONTEXT() REPRESENTATION_CONTEXT('2D SPACE',''
  ) );
#6039 = PCURVE('',#6040,#6045);
#6040 = CYLINDRICAL_SURFACE('',#6041,2.);
#6041 = AXIS2_PLACEMENT_3D('',#6042,#6043,#6044);
#6042 = CARTESIAN_POINT('',(-7.65,-7.65,-1.2));
#6043 = DIRECTION('',(0.,0.,1.));
#6044 = DIRECTION('',(0.,-1.,0.));
#6045 = DEFINITIONAL_REPRESENTATION('',(#6046),#6050);
#6046 = LINE('',#6047,#6048);
#6047 = CARTESIAN_POINT('',(-0.,0.));
#6048 = VECTOR('',#6049,1.);
#6049 = DIRECTION('',(-0.,1.));
#6050 = ( GEOMETRIC_REPRESENTATION_CONTEXT(2) 
PARAMETRIC_REPRESENTATION_CONTEXT() REPRESENTATION_CONTEXT('2D SPACE',''
  ) );
#6051 = ORIENTED_EDGE('',*,*,#6052,.T.);
#6052 = EDGE_CURVE('',#6025,#6053,#6055,.T.);
#6053 = VERTEX_POINT('',#6054);
#6054 = CARTESIAN_POINT('',(7.65,-9.65,0.));
#6055 = SURFACE_CURVE('',#6056,(#6060,#6067),.PCURVE_S1.);
#6056 = LINE('',#6057,#6058);
#6057 = CARTESIAN_POINT('',(-9.65,-9.65,0.));
#6058 = VECTOR('',#6059,1.);
#6059 = DIRECTION('',(1.,0.,0.));
#6060 = PCURVE('',#6000,#6061);
#6061 = DEFINITIONAL_REPRESENTATION('',(#6062),#6066);
#6062 = LINE('',#6063,#6064);
#6063 = CARTESIAN_POINT('',(0.,-1.2));
#6064 = VECTOR('',#6065,1.);
#6065 = DIRECTION('',(1.,0.));
#6066 = ( GEOMETRIC_REPRESENTATION_CONTEXT(2) 
PARAMETRIC_REPRESENTATION_CONTEXT() REPRESENTATION_CONTEXT('2D SPACE',''
  ) );
#6067 = PCURVE('',#6068,#6073);
#6068 = PLANE('',#6069);
#6069 = AXIS2_PLACEMENT_3D('',#6070,#6071,#6072);
#6070 = CARTESIAN_POINT('',(0.,0.,0.));
#6071 = DIRECTION('',(0.,0.,1.));
#6072 = DIRECTION('',(1.,0.,-0.));
#6073 = DEFINITIONAL_REPRESENTATION('',(#6074),#6078);
#6074 = LINE('',#6075,#6076);
#6075 = CARTESIAN_POINT('',(-9.65,-9.65));
#6076 = VECTOR('',#6077,1.);
#6077 = DIRECTION('',(1.,0.));
#6078 = ( GEOMETRIC_REPRESENTATION_CONTEXT(2) 
PARAMETRIC_REPRESENTATION_CONTEXT() REPRESENTATION_CONTEXT('2D SPACE',''
  ) );
#6079 = ORIENTED_EDGE('',*,*,#6080,.F.);
#6080 = EDGE_CURVE('',#5992,#6053,#6081,.T.);
#6081 = SURFACE_CURVE('',#6082,(#6086,#6093),.PCURVE_S1.);
#6082 = LINE('',#6083,#6084);
#6083 = CARTESIAN_POINT('',(7.65,-9.65,-1.2));
#6084 = VECTOR('',#6085,1.);
#6085 = DIRECTION('',(0.,0.,1.));
#6086 = PCURVE('',#6000,#6087);
#6087 = DEFINITIONAL_REPRESENTATION('',(#6088),#6092);
#6088 = LINE('',#6089,#6090);
#6089 = CARTESIAN_POINT('',(17.3,0.));
#6090 = VECTOR('',#6091,1.);
#6091 = DIRECTION('',(0.,-1.));
#6092 = ( GEOMETRIC_REPRESENTATION_CONTEXT(2) 
PARAMETRIC_REPRESENTATION_CONTEXT() REPRESENTATION_CONTEXT('2D SPACE',''
  ) );
#6093 = PCURVE('',#6094,#6099);
#6094 = CYLINDRICAL_SURFACE('',#6095,2.);
#6095 = AXIS2_PLACEMENT_3D('',#6096,#6097,#6098);
#6096 = CARTESIAN_POINT('',(7.65,-7.65,-1.2));
#6097 = DIRECTION('',(0.,0.,1.));
#6098 = DIRECTION('',(0.,-1.,0.));
#6099 = DEFINITIONAL_REPRESENTATION('',(#6100),#6104);
#6100 = LINE('',#6101,#6102);
#6101 = CARTESIAN_POINT('',(0.,0.));
#6102 = VECTOR('',#6103,1.);
#6103 = DIRECTION('',(0.,1.));
#6104 = ( GEOMETRIC_REPRESENTATION_CONTEXT(2) 
PARAMETRIC_REPRESENTATION_CONTEXT() REPRESENTATION_CONTEXT('2D SPACE',''
  ) );
#6105 = ADVANCED_FACE('',(#6106,#6301,#6336),#6012,.F.);
#6106 = FACE_BOUND('',#6107,.F.);
#6107 = EDGE_LOOP('',(#6108,#6109,#6133,#6161,#6190,#6218,#6247,#6275));
#6108 = ORIENTED_EDGE('',*,*,#5989,.T.);
#6109 = ORIENTED_EDGE('',*,*,#6110,.T.);
#6110 = EDGE_CURVE('',#5992,#6111,#6113,.T.);
#6111 = VERTEX_POINT('',#6112);
#6112 = CARTESIAN_POINT('',(9.65,-7.65,-1.2));
#6113 = SURFACE_CURVE('',#6114,(#6119,#6126),.PCURVE_S1.);
#6114 = CIRCLE('',#6115,2.);
#6115 = AXIS2_PLACEMENT_3D('',#6116,#6117,#6118);
#6116 = CARTESIAN_POINT('',(7.65,-7.65,-1.2));
#6117 = DIRECTION('',(0.,0.,1.));
#6118 = DIRECTION('',(0.,-1.,0.));
#6119 = PCURVE('',#6012,#6120);
#6120 = DEFINITIONAL_REPRESENTATION('',(#6121),#6125);
#6121 = CIRCLE('',#6122,2.);
#6122 = AXIS2_PLACEMENT_2D('',#6123,#6124);
#6123 = CARTESIAN_POINT('',(7.65,-7.65));
#6124 = DIRECTION('',(0.,-1.));
#6125 = ( GEOMETRIC_REPRESENTATION_CONTEXT(2) 
PARAMETRIC_REPRESENTATION_CONTEXT() REPRESENTATION_CONTEXT('2D SPACE',''
  ) );
#6126 = PCURVE('',#6094,#6127);
#6127 = DEFINITIONAL_REPRESENTATION('',(#6128),#6132);
#6128 = LINE('',#6129,#6130);
#6129 = CARTESIAN_POINT('',(0.,0.));
#6130 = VECTOR('',#6131,1.);
#6131 = DIRECTION('',(1.,0.));
#6132 = ( GEOMETRIC_REPRESENTATION_CONTEXT(2) 
PARAMETRIC_REPRESENTATION_CONTEXT() REPRESENTATION_CONTEXT('2D SPACE',''
  ) );
#6133 = ORIENTED_EDGE('',*,*,#6134,.T.);
#6134 = EDGE_CURVE('',#6111,#6135,#6137,.T.);
#6135 = VERTEX_POINT('',#6136);
#6136 = CARTESIAN_POINT('',(9.65,7.65,-1.2));
#6137 = SURFACE_CURVE('',#6138,(#6142,#6149),.PCURVE_S1.);
#6138 = LINE('',#6139,#6140);
#6139 = CARTESIAN_POINT('',(9.65,-9.65,-1.2));
#6140 = VECTOR('',#6141,1.);
#6141 = DIRECTION('',(0.,1.,0.));
#6142 = PCURVE('',#6012,#6143);
#6143 = DEFINITIONAL_REPRESENTATION('',(#6144),#6148);
#6144 = LINE('',#6145,#6146);
#6145 = CARTESIAN_POINT('',(9.65,-9.65));
#6146 = VECTOR('',#6147,1.);
#6147 = DIRECTION('',(0.,1.));
#6148 = ( GEOMETRIC_REPRESENTATION_CONTEXT(2) 
PARAMETRIC_REPRESENTATION_CONTEXT() REPRESENTATION_CONTEXT('2D SPACE',''
  ) );
#6149 = PCURVE('',#6150,#6155);
#6150 = PLANE('',#6151);
#6151 = AXIS2_PLACEMENT_3D('',#6152,#6153,#6154);
#6152 = CARTESIAN_POINT('',(9.65,-9.65,-1.2));
#6153 = DIRECTION('',(-1.,0.,0.));
#6154 = DIRECTION('',(0.,1.,0.));
#6155 = DEFINITIONAL_REPRESENTATION('',(#6156),#6160);
#6156 = LINE('',#6157,#6158);
#6157 = CARTESIAN_POINT('',(0.,0.));
#6158 = VECTOR('',#6159,1.);
#6159 = DIRECTION('',(1.,0.));
#6160 = ( GEOMETRIC_REPRESENTATION_CONTEXT(2) 
PARAMETRIC_REPRESENTATION_CONTEXT() REPRESENTATION_CONTEXT('2D SPACE',''
  ) );
#6161 = ORIENTED_EDGE('',*,*,#6162,.T.);
#6162 = EDGE_CURVE('',#6135,#6163,#6165,.T.);
#6163 = VERTEX_POINT('',#6164);
#6164 = CARTESIAN_POINT('',(7.65,9.65,-1.2));
#6165 = SURFACE_CURVE('',#6166,(#6171,#6178),.PCURVE_S1.);
#6166 = CIRCLE('',#6167,2.);
#6167 = AXIS2_PLACEMENT_3D('',#6168,#6169,#6170);
#6168 = CARTESIAN_POINT('',(7.65,7.65,-1.2));
#6169 = DIRECTION('',(0.,0.,1.));
#6170 = DIRECTION('',(0.,-1.,0.));
#6171 = PCURVE('',#6012,#6172);
#6172 = DEFINITIONAL_REPRESENTATION('',(#6173),#6177);
#6173 = CIRCLE('',#6174,2.);
#6174 = AXIS2_PLACEMENT_2D('',#6175,#6176);
#6175 = CARTESIAN_POINT('',(7.65,7.65));
#6176 = DIRECTION('',(0.,-1.));
#6177 = ( GEOMETRIC_REPRESENTATION_CONTEXT(2) 
PARAMETRIC_REPRESENTATION_CONTEXT() REPRESENTATION_CONTEXT('2D SPACE',''
  ) );
#6178 = PCURVE('',#6179,#6184);
#6179 = CYLINDRICAL_SURFACE('',#6180,2.);
#6180 = AXIS2_PLACEMENT_3D('',#6181,#6182,#6183);
#6181 = CARTESIAN_POINT('',(7.65,7.65,-1.2));
#6182 = DIRECTION('',(0.,0.,1.));
#6183 = DIRECTION('',(1.,0.,-0.));
#6184 = DEFINITIONAL_REPRESENTATION('',(#6185),#6189);
#6185 = LINE('',#6186,#6187);
#6186 = CARTESIAN_POINT('',(-1.570796326795,0.));
#6187 = VECTOR('',#6188,1.);
#6188 = DIRECTION('',(1.,0.));
#6189 = ( GEOMETRIC_REPRESENTATION_CONTEXT(2) 
PARAMETRIC_REPRESENTATION_CONTEXT() REPRESENTATION_CONTEXT('2D SPACE',''
  ) );
#6190 = ORIENTED_EDGE('',*,*,#6191,.T.);
#6191 = EDGE_CURVE('',#6163,#6192,#6194,.T.);
#6192 = VERTEX_POINT('',#6193);
#6193 = CARTESIAN_POINT('',(-7.65,9.65,-1.2));
#6194 = SURFACE_CURVE('',#6195,(#6199,#6206),.PCURVE_S1.);
#6195 = LINE('',#6196,#6197);
#6196 = CARTESIAN_POINT('',(9.65,9.65,-1.2));
#6197 = VECTOR('',#6198,1.);
#6198 = DIRECTION('',(-1.,0.,0.));
#6199 = PCURVE('',#6012,#6200);
#6200 = DEFINITIONAL_REPRESENTATION('',(#6201),#6205);
#6201 = LINE('',#6202,#6203);
#6202 = CARTESIAN_POINT('',(9.65,9.65));
#6203 = VECTOR('',#6204,1.);
#6204 = DIRECTION('',(-1.,0.));
#6205 = ( GEOMETRIC_REPRESENTATION_CONTEXT(2) 
PARAMETRIC_REPRESENTATION_CONTEXT() REPRESENTATION_CONTEXT('2D SPACE',''
  ) );
#6206 = PCURVE('',#6207,#6212);
#6207 = PLANE('',#6208);
#6208 = AXIS2_PLACEMENT_3D('',#6209,#6210,#6211);
#6209 = CARTESIAN_POINT('',(9.65,9.65,-1.2));
#6210 = DIRECTION('',(0.,-1.,0.));
#6211 = DIRECTION('',(-1.,0.,0.));
#6212 = DEFINITIONAL_REPRESENTATION('',(#6213),#6217);
#6213 = LINE('',#6214,#6215);
#6214 = CARTESIAN_POINT('',(0.,-0.));
#6215 = VECTOR('',#6216,1.);
#6216 = DIRECTION('',(1.,0.));
#6217 = ( GEOMETRIC_REPRESENTATION_CONTEXT(2) 
PARAMETRIC_REPRESENTATION_CONTEXT() REPRESENTATION_CONTEXT('2D SPACE',''
  ) );
#6218 = ORIENTED_EDGE('',*,*,#6219,.T.);
#6219 = EDGE_CURVE('',#6192,#6220,#6222,.T.);
#6220 = VERTEX_POINT('',#6221);
#6221 = CARTESIAN_POINT('',(-9.65,7.65,-1.2));
#6222 = SURFACE_CURVE('',#6223,(#6228,#6235),.PCURVE_S1.);
#6223 = CIRCLE('',#6224,2.);
#6224 = AXIS2_PLACEMENT_3D('',#6225,#6226,#6227);
#6225 = CARTESIAN_POINT('',(-7.65,7.65,-1.2));
#6226 = DIRECTION('',(0.,0.,1.));
#6227 = DIRECTION('',(0.,-1.,0.));
#6228 = PCURVE('',#6012,#6229);
#6229 = DEFINITIONAL_REPRESENTATION('',(#6230),#6234);
#6230 = CIRCLE('',#6231,2.);
#6231 = AXIS2_PLACEMENT_2D('',#6232,#6233);
#6232 = CARTESIAN_POINT('',(-7.65,7.65));
#6233 = DIRECTION('',(0.,-1.));
#6234 = ( GEOMETRIC_REPRESENTATION_CONTEXT(2) 
PARAMETRIC_REPRESENTATION_CONTEXT() REPRESENTATION_CONTEXT('2D SPACE',''
  ) );
#6235 = PCURVE('',#6236,#6241);
#6236 = CYLINDRICAL_SURFACE('',#6237,2.);
#6237 = AXIS2_PLACEMENT_3D('',#6238,#6239,#6240);
#6238 = CARTESIAN_POINT('',(-7.65,7.65,-1.2));
#6239 = DIRECTION('',(0.,0.,1.));
#6240 = DIRECTION('',(-0.,1.,0.));
#6241 = DEFINITIONAL_REPRESENTATION('',(#6242),#6246);
#6242 = LINE('',#6243,#6244);
#6243 = CARTESIAN_POINT('',(-3.14159265359,0.));
#6244 = VECTOR('',#6245,1.);
#6245 = DIRECTION('',(1.,0.));
#6246 = ( GEOMETRIC_REPRESENTATION_CONTEXT(2) 
PARAMETRIC_REPRESENTATION_CONTEXT() REPRESENTATION_CONTEXT('2D SPACE',''
  ) );
#6247 = ORIENTED_EDGE('',*,*,#6248,.T.);
#6248 = EDGE_CURVE('',#6220,#6249,#6251,.T.);
#6249 = VERTEX_POINT('',#6250);
#6250 = CARTESIAN_POINT('',(-9.65,-7.65,-1.2));
#6251 = SURFACE_CURVE('',#6252,(#6256,#6263),.PCURVE_S1.);
#6252 = LINE('',#6253,#6254);
#6253 = CARTESIAN_POINT('',(-9.65,9.65,-1.2));
#6254 = VECTOR('',#6255,1.);
#6255 = DIRECTION('',(0.,-1.,0.));
#6256 = PCURVE('',#6012,#6257);
#6257 = DEFINITIONAL_REPRESENTATION('',(#6258),#6262);
#6258 = LINE('',#6259,#6260);
#6259 = CARTESIAN_POINT('',(-9.65,9.65));
#6260 = VECTOR('',#6261,1.);
#6261 = DIRECTION('',(0.,-1.));
#6262 = ( GEOMETRIC_REPRESENTATION_CONTEXT(2) 
PARAMETRIC_REPRESENTATION_CONTEXT() REPRESENTATION_CONTEXT('2D SPACE',''
  ) );
#6263 = PCURVE('',#6264,#6269);
#6264 = PLANE('',#6265);
#6265 = AXIS2_PLACEMENT_3D('',#6266,#6267,#6268);
#6266 = CARTESIAN_POINT('',(-9.65,9.65,-1.2));
#6267 = DIRECTION('',(1.,0.,-0.));
#6268 = DIRECTION('',(0.,-1.,0.));
#6269 = DEFINITIONAL_REPRESENTATION('',(#6270),#6274);
#6270 = LINE('',#6271,#6272);
#6271 = CARTESIAN_POINT('',(0.,0.));
#6272 = VECTOR('',#6273,1.);
#6273 = DIRECTION('',(1.,0.));
#6274 = ( GEOMETRIC_REPRESENTATION_CONTEXT(2) 
PARAMETRIC_REPRESENTATION_CONTEXT() REPRESENTATION_CONTEXT('2D SPACE',''
  ) );
#6275 = ORIENTED_EDGE('',*,*,#6276,.F.);
#6276 = EDGE_CURVE('',#5990,#6249,#6277,.T.);
#6277 = SURFACE_CURVE('',#6278,(#6283,#6294),.PCURVE_S1.);
#6278 = CIRCLE('',#6279,2.);
#6279 = AXIS2_PLACEMENT_3D('',#6280,#6281,#6282);
#6280 = CARTESIAN_POINT('',(-7.65,-7.65,-1.2));
#6281 = DIRECTION('',(-0.,-0.,-1.));
#6282 = DIRECTION('',(0.,-1.,0.));
#6283 = PCURVE('',#6012,#6284);
#6284 = DEFINITIONAL_REPRESENTATION('',(#6285),#6293);
#6285 = ( BOUNDED_CURVE() B_SPLINE_CURVE(2,(#6286,#6287,#6288,#6289,
#6290,#6291,#6292),.UNSPECIFIED.,.T.,.F.) B_SPLINE_CURVE_WITH_KNOTS((1,2
    ,2,2,2,1),(-2.094395102393,0.,2.094395102393,4.188790204786,
6.28318530718,8.377580409573),.UNSPECIFIED.) CURVE() 
GEOMETRIC_REPRESENTATION_ITEM() RATIONAL_B_SPLINE_CURVE((1.,0.5,1.,0.5,
1.,0.5,1.)) REPRESENTATION_ITEM('') );
#6286 = CARTESIAN_POINT('',(-7.65,-9.65));
#6287 = CARTESIAN_POINT('',(-11.11410161513,-9.65));
#6288 = CARTESIAN_POINT('',(-9.382050807569,-6.65));
#6289 = CARTESIAN_POINT('',(-7.65,-3.65));
#6290 = CARTESIAN_POINT('',(-5.917949192431,-6.65));
#6291 = CARTESIAN_POINT('',(-4.185898384862,-9.65));
#6292 = CARTESIAN_POINT('',(-7.65,-9.65));
#6293 = ( GEOMETRIC_REPRESENTATION_CONTEXT(2) 
PARAMETRIC_REPRESENTATION_CONTEXT() REPRESENTATION_CONTEXT('2D SPACE',''
  ) );
#6294 = PCURVE('',#6040,#6295);
#6295 = DEFINITIONAL_REPRESENTATION('',(#6296),#6300);
#6296 = LINE('',#6297,#6298);
#6297 = CARTESIAN_POINT('',(-0.,0.));
#6298 = VECTOR('',#6299,1.);
#6299 = DIRECTION('',(-1.,0.));
#6300 = ( GEOMETRIC_REPRESENTATION_CONTEXT(2) 
PARAMETRIC_REPRESENTATION_CONTEXT() REPRESENTATION_CONTEXT('2D SPACE',''
  ) );
#6301 = FACE_BOUND('',#6302,.F.);
#6302 = EDGE_LOOP('',(#6303));
#6303 = ORIENTED_EDGE('',*,*,#6304,.T.);
#6304 = EDGE_CURVE('',#6305,#6305,#6307,.T.);
#6305 = VERTEX_POINT('',#6306);
#6306 = CARTESIAN_POINT('',(8.75,-8.1,-1.2));
#6307 = SURFACE_CURVE('',#6308,(#6313,#6324),.PCURVE_S1.);
#6308 = CIRCLE('',#6309,0.65);
#6309 = AXIS2_PLACEMENT_3D('',#6310,#6311,#6312);
#6310 = CARTESIAN_POINT('',(8.1,-8.1,-1.2));
#6311 = DIRECTION('',(0.,0.,-1.));
#6312 = DIRECTION('',(1.,0.,0.));
#6313 = PCURVE('',#6012,#6314);
#6314 = DEFINITIONAL_REPRESENTATION('',(#6315),#6323);
#6315 = ( BOUNDED_CURVE() B_SPLINE_CURVE(2,(#6316,#6317,#6318,#6319,
#6320,#6321,#6322),.UNSPECIFIED.,.T.,.F.) B_SPLINE_CURVE_WITH_KNOTS((1,2
    ,2,2,2,1),(-2.094395102393,0.,2.094395102393,4.188790204786,
6.28318530718,8.377580409573),.UNSPECIFIED.) CURVE() 
GEOMETRIC_REPRESENTATION_ITEM() RATIONAL_B_SPLINE_CURVE((1.,0.5,1.,0.5,
1.,0.5,1.)) REPRESENTATION_ITEM('') );
#6316 = CARTESIAN_POINT('',(8.75,-8.1));
#6317 = CARTESIAN_POINT('',(8.75,-9.22583302492));
#6318 = CARTESIAN_POINT('',(7.775,-8.66291651246));
#6319 = CARTESIAN_POINT('',(6.8,-8.1));
#6320 = CARTESIAN_POINT('',(7.775,-7.53708348754));
#6321 = CARTESIAN_POINT('',(8.75,-6.97416697508));
#6322 = CARTESIAN_POINT('',(8.75,-8.1));
#6323 = ( GEOMETRIC_REPRESENTATION_CONTEXT(2) 
PARAMETRIC_REPRESENTATION_CONTEXT() REPRESENTATION_CONTEXT('2D SPACE',''
  ) );
#6324 = PCURVE('',#6325,#6330);
#6325 = CYLINDRICAL_SURFACE('',#6326,0.65);
#6326 = AXIS2_PLACEMENT_3D('',#6327,#6328,#6329);
#6327 = CARTESIAN_POINT('',(8.1,-8.1,-1.3));
#6328 = DIRECTION('',(-0.,-0.,-1.));
#6329 = DIRECTION('',(1.,0.,0.));
#6330 = DEFINITIONAL_REPRESENTATION('',(#6331),#6335);
#6331 = LINE('',#6332,#6333);
#6332 = CARTESIAN_POINT('',(-6.28318530718,-0.1));
#6333 = VECTOR('',#6334,1.);
#6334 = DIRECTION('',(1.,-0.));
#6335 = ( GEOMETRIC_REPRESENTATION_CONTEXT(2) 
PARAMETRIC_REPRESENTATION_CONTEXT() REPRESENTATION_CONTEXT('2D SPACE',''
  ) );
#6336 = FACE_BOUND('',#6337,.F.);
#6337 = EDGE_LOOP('',(#6338));
#6338 = ORIENTED_EDGE('',*,*,#6339,.T.);
#6339 = EDGE_CURVE('',#6340,#6340,#6342,.T.);
#6340 = VERTEX_POINT('',#6341);
#6341 = CARTESIAN_POINT('',(8.75,8.1,-1.2));
#6342 = SURFACE_CURVE('',#6343,(#6348,#6359),.PCURVE_S1.);
#6343 = CIRCLE('',#6344,0.65);
#6344 = AXIS2_PLACEMENT_3D('',#6345,#6346,#6347);
#6345 = CARTESIAN_POINT('',(8.1,8.1,-1.2));
#6346 = DIRECTION('',(0.,0.,-1.));
#6347 = DIRECTION('',(1.,0.,0.));
#6348 = PCURVE('',#6012,#6349);
#6349 = DEFINITIONAL_REPRESENTATION('',(#6350),#6358);
#6350 = ( BOUNDED_CURVE() B_SPLINE_CURVE(2,(#6351,#6352,#6353,#6354,
#6355,#6356,#6357),.UNSPECIFIED.,.T.,.F.) B_SPLINE_CURVE_WITH_KNOTS((1,2
    ,2,2,2,1),(-2.094395102393,0.,2.094395102393,4.188790204786,
6.28318530718,8.377580409573),.UNSPECIFIED.) CURVE() 
GEOMETRIC_REPRESENTATION_ITEM() RATIONAL_B_SPLINE_CURVE((1.,0.5,1.,0.5,
1.,0.5,1.)) REPRESENTATION_ITEM('') );
#6351 = CARTESIAN_POINT('',(8.75,8.1));
#6352 = CARTESIAN_POINT('',(8.75,6.97416697508));
#6353 = CARTESIAN_POINT('',(7.775,7.53708348754));
#6354 = CARTESIAN_POINT('',(6.8,8.1));
#6355 = CARTESIAN_POINT('',(7.775,8.66291651246));
#6356 = CARTESIAN_POINT('',(8.75,9.22583302492));
#6357 = CARTESIAN_POINT('',(8.75,8.1));
#6358 = ( GEOMETRIC_REPRESENTATION_CONTEXT(2) 
PARAMETRIC_REPRESENTATION_CONTEXT() REPRESENTATION_CONTEXT('2D SPACE',''
  ) );
#6359 = PCURVE('',#6360,#6365);
#6360 = CYLINDRICAL_SURFACE('',#6361,0.65);
#6361 = AXIS2_PLACEMENT_3D('',#6362,#6363,#6364);
#6362 = CARTESIAN_POINT('',(8.1,8.1,-1.3));
#6363 = DIRECTION('',(-0.,-0.,-1.));
#6364 = DIRECTION('',(1.,0.,0.));
#6365 = DEFINITIONAL_REPRESENTATION('',(#6366),#6370);
#6366 = LINE('',#6367,#6368);
#6367 = CARTESIAN_POINT('',(-6.28318530718,-0.1));
#6368 = VECTOR('',#6369,1.);
#6369 = DIRECTION('',(1.,-0.));
#6370 = ( GEOMETRIC_REPRESENTATION_CONTEXT(2) 
PARAMETRIC_REPRESENTATION_CONTEXT() REPRESENTATION_CONTEXT('2D SPACE',''
  ) );
#6371 = ADVANCED_FACE('',(#6372),#6040,.T.);
#6372 = FACE_BOUND('',#6373,.F.);
#6373 = EDGE_LOOP('',(#6374,#6375,#6398,#6424));
#6374 = ORIENTED_EDGE('',*,*,#6276,.T.);
#6375 = ORIENTED_EDGE('',*,*,#6376,.T.);
#6376 = EDGE_CURVE('',#6249,#6377,#6379,.T.);
#6377 = VERTEX_POINT('',#6378);
#6378 = CARTESIAN_POINT('',(-9.65,-7.65,0.));
#6379 = SURFACE_CURVE('',#6380,(#6384,#6391),.PCURVE_S1.);
#6380 = LINE('',#6381,#6382);
#6381 = CARTESIAN_POINT('',(-9.65,-7.65,-1.2));
#6382 = VECTOR('',#6383,1.);
#6383 = DIRECTION('',(0.,0.,1.));
#6384 = PCURVE('',#6040,#6385);
#6385 = DEFINITIONAL_REPRESENTATION('',(#6386),#6390);
#6386 = LINE('',#6387,#6388);
#6387 = CARTESIAN_POINT('',(-1.570796326795,0.));
#6388 = VECTOR('',#6389,1.);
#6389 = DIRECTION('',(-0.,1.));
#6390 = ( GEOMETRIC_REPRESENTATION_CONTEXT(2) 
PARAMETRIC_REPRESENTATION_CONTEXT() REPRESENTATION_CONTEXT('2D SPACE',''
  ) );
#6391 = PCURVE('',#6264,#6392);
#6392 = DEFINITIONAL_REPRESENTATION('',(#6393),#6397);
#6393 = LINE('',#6394,#6395);
#6394 = CARTESIAN_POINT('',(17.3,0.));
#6395 = VECTOR('',#6396,1.);
#6396 = DIRECTION('',(0.,-1.));
#6397 = ( GEOMETRIC_REPRESENTATION_CONTEXT(2) 
PARAMETRIC_REPRESENTATION_CONTEXT() REPRESENTATION_CONTEXT('2D SPACE',''
  ) );
#6398 = ORIENTED_EDGE('',*,*,#6399,.F.);
#6399 = EDGE_CURVE('',#6025,#6377,#6400,.T.);
#6400 = SURFACE_CURVE('',#6401,(#6406,#6413),.PCURVE_S1.);
#6401 = CIRCLE('',#6402,2.);
#6402 = AXIS2_PLACEMENT_3D('',#6403,#6404,#6405);
#6403 = CARTESIAN_POINT('',(-7.65,-7.65,0.));
#6404 = DIRECTION('',(-0.,-0.,-1.));
#6405 = DIRECTION('',(0.,-1.,0.));
#6406 = PCURVE('',#6040,#6407);
#6407 = DEFINITIONAL_REPRESENTATION('',(#6408),#6412);
#6408 = LINE('',#6409,#6410);
#6409 = CARTESIAN_POINT('',(-0.,1.2));
#6410 = VECTOR('',#6411,1.);
#6411 = DIRECTION('',(-1.,0.));
#6412 = ( GEOMETRIC_REPRESENTATION_CONTEXT(2) 
PARAMETRIC_REPRESENTATION_CONTEXT() REPRESENTATION_CONTEXT('2D SPACE',''
  ) );
#6413 = PCURVE('',#6068,#6414);
#6414 = DEFINITIONAL_REPRESENTATION('',(#6415),#6423);
#6415 = ( BOUNDED_CURVE() B_SPLINE_CURVE(2,(#6416,#6417,#6418,#6419,
#6420,#6421,#6422),.UNSPECIFIED.,.T.,.F.) B_SPLINE_CURVE_WITH_KNOTS((1,2
    ,2,2,2,1),(-2.094395102393,0.,2.094395102393,4.188790204786,
6.28318530718,8.377580409573),.UNSPECIFIED.) CURVE() 
GEOMETRIC_REPRESENTATION_ITEM() RATIONAL_B_SPLINE_CURVE((1.,0.5,1.,0.5,
1.,0.5,1.)) REPRESENTATION_ITEM('') );
#6416 = CARTESIAN_POINT('',(-7.65,-9.65));
#6417 = CARTESIAN_POINT('',(-11.11410161513,-9.65));
#6418 = CARTESIAN_POINT('',(-9.382050807569,-6.65));
#6419 = CARTESIAN_POINT('',(-7.65,-3.65));
#6420 = CARTESIAN_POINT('',(-5.917949192431,-6.65));
#6421 = CARTESIAN_POINT('',(-4.185898384862,-9.65));
#6422 = CARTESIAN_POINT('',(-7.65,-9.65));
#6423 = ( GEOMETRIC_REPRESENTATION_CONTEXT(2) 
PARAMETRIC_REPRESENTATION_CONTEXT() REPRESENTATION_CONTEXT('2D SPACE',''
  ) );
#6424 = ORIENTED_EDGE('',*,*,#6024,.F.);
#6425 = ADVANCED_FACE('',(#6426),#6094,.T.);
#6426 = FACE_BOUND('',#6427,.T.);
#6427 = EDGE_LOOP('',(#6428,#6429,#6452,#6474));
#6428 = ORIENTED_EDGE('',*,*,#6110,.T.);
#6429 = ORIENTED_EDGE('',*,*,#6430,.T.);
#6430 = EDGE_CURVE('',#6111,#6431,#6433,.T.);
#6431 = VERTEX_POINT('',#6432);
#6432 = CARTESIAN_POINT('',(9.65,-7.65,0.));
#6433 = SURFACE_CURVE('',#6434,(#6438,#6445),.PCURVE_S1.);
#6434 = LINE('',#6435,#6436);
#6435 = CARTESIAN_POINT('',(9.65,-7.65,-1.2));
#6436 = VECTOR('',#6437,1.);
#6437 = DIRECTION('',(0.,0.,1.));
#6438 = PCURVE('',#6094,#6439);
#6439 = DEFINITIONAL_REPRESENTATION('',(#6440),#6444);
#6440 = LINE('',#6441,#6442);
#6441 = CARTESIAN_POINT('',(1.570796326795,0.));
#6442 = VECTOR('',#6443,1.);
#6443 = DIRECTION('',(0.,1.));
#6444 = ( GEOMETRIC_REPRESENTATION_CONTEXT(2) 
PARAMETRIC_REPRESENTATION_CONTEXT() REPRESENTATION_CONTEXT('2D SPACE',''
  ) );
#6445 = PCURVE('',#6150,#6446);
#6446 = DEFINITIONAL_REPRESENTATION('',(#6447),#6451);
#6447 = LINE('',#6448,#6449);
#6448 = CARTESIAN_POINT('',(2.,0.));
#6449 = VECTOR('',#6450,1.);
#6450 = DIRECTION('',(0.,-1.));
#6451 = ( GEOMETRIC_REPRESENTATION_CONTEXT(2) 
PARAMETRIC_REPRESENTATION_CONTEXT() REPRESENTATION_CONTEXT('2D SPACE',''
  ) );
#6452 = ORIENTED_EDGE('',*,*,#6453,.F.);
#6453 = EDGE_CURVE('',#6053,#6431,#6454,.T.);
#6454 = SURFACE_CURVE('',#6455,(#6460,#6467),.PCURVE_S1.);
#6455 = CIRCLE('',#6456,2.);
#6456 = AXIS2_PLACEMENT_3D('',#6457,#6458,#6459);
#6457 = CARTESIAN_POINT('',(7.65,-7.65,0.));
#6458 = DIRECTION('',(0.,0.,1.));
#6459 = DIRECTION('',(0.,-1.,0.));
#6460 = PCURVE('',#6094,#6461);
#6461 = DEFINITIONAL_REPRESENTATION('',(#6462),#6466);
#6462 = LINE('',#6463,#6464);
#6463 = CARTESIAN_POINT('',(0.,1.2));
#6464 = VECTOR('',#6465,1.);
#6465 = DIRECTION('',(1.,0.));
#6466 = ( GEOMETRIC_REPRESENTATION_CONTEXT(2) 
PARAMETRIC_REPRESENTATION_CONTEXT() REPRESENTATION_CONTEXT('2D SPACE',''
  ) );
#6467 = PCURVE('',#6068,#6468);
#6468 = DEFINITIONAL_REPRESENTATION('',(#6469),#6473);
#6469 = CIRCLE('',#6470,2.);
#6470 = AXIS2_PLACEMENT_2D('',#6471,#6472);
#6471 = CARTESIAN_POINT('',(7.65,-7.65));
#6472 = DIRECTION('',(0.,-1.));
#6473 = ( GEOMETRIC_REPRESENTATION_CONTEXT(2) 
PARAMETRIC_REPRESENTATION_CONTEXT() REPRESENTATION_CONTEXT('2D SPACE',''
  ) );
#6474 = ORIENTED_EDGE('',*,*,#6080,.F.);
#6475 = ADVANCED_FACE('',(#6476,#6596,#6626),#6068,.T.);
#6476 = FACE_BOUND('',#6477,.T.);
#6477 = EDGE_LOOP('',(#6478,#6479,#6480,#6503,#6527,#6550,#6574,#6595));
#6478 = ORIENTED_EDGE('',*,*,#6052,.T.);
#6479 = ORIENTED_EDGE('',*,*,#6453,.T.);
#6480 = ORIENTED_EDGE('',*,*,#6481,.T.);
#6481 = EDGE_CURVE('',#6431,#6482,#6484,.T.);
#6482 = VERTEX_POINT('',#6483);
#6483 = CARTESIAN_POINT('',(9.65,7.65,0.));
#6484 = SURFACE_CURVE('',#6485,(#6489,#6496),.PCURVE_S1.);
#6485 = LINE('',#6486,#6487);
#6486 = CARTESIAN_POINT('',(9.65,-9.65,0.));
#6487 = VECTOR('',#6488,1.);
#6488 = DIRECTION('',(0.,1.,0.));
#6489 = PCURVE('',#6068,#6490);
#6490 = DEFINITIONAL_REPRESENTATION('',(#6491),#6495);
#6491 = LINE('',#6492,#6493);
#6492 = CARTESIAN_POINT('',(9.65,-9.65));
#6493 = VECTOR('',#6494,1.);
#6494 = DIRECTION('',(0.,1.));
#6495 = ( GEOMETRIC_REPRESENTATION_CONTEXT(2) 
PARAMETRIC_REPRESENTATION_CONTEXT() REPRESENTATION_CONTEXT('2D SPACE',''
  ) );
#6496 = PCURVE('',#6150,#6497);
#6497 = DEFINITIONAL_REPRESENTATION('',(#6498),#6502);
#6498 = LINE('',#6499,#6500);
#6499 = CARTESIAN_POINT('',(0.,-1.2));
#6500 = VECTOR('',#6501,1.);
#6501 = DIRECTION('',(1.,0.));
#6502 = ( GEOMETRIC_REPRESENTATION_CONTEXT(2) 
PARAMETRIC_REPRESENTATION_CONTEXT() REPRESENTATION_CONTEXT('2D SPACE',''
  ) );
#6503 = ORIENTED_EDGE('',*,*,#6504,.T.);
#6504 = EDGE_CURVE('',#6482,#6505,#6507,.T.);
#6505 = VERTEX_POINT('',#6506);
#6506 = CARTESIAN_POINT('',(7.65,9.65,0.));
#6507 = SURFACE_CURVE('',#6508,(#6513,#6520),.PCURVE_S1.);
#6508 = CIRCLE('',#6509,2.);
#6509 = AXIS2_PLACEMENT_3D('',#6510,#6511,#6512);
#6510 = CARTESIAN_POINT('',(7.65,7.65,0.));
#6511 = DIRECTION('',(0.,0.,1.));
#6512 = DIRECTION('',(0.,-1.,0.));
#6513 = PCURVE('',#6068,#6514);
#6514 = DEFINITIONAL_REPRESENTATION('',(#6515),#6519);
#6515 = CIRCLE('',#6516,2.);
#6516 = AXIS2_PLACEMENT_2D('',#6517,#6518);
#6517 = CARTESIAN_POINT('',(7.65,7.65));
#6518 = DIRECTION('',(0.,-1.));
#6519 = ( GEOMETRIC_REPRESENTATION_CONTEXT(2) 
PARAMETRIC_REPRESENTATION_CONTEXT() REPRESENTATION_CONTEXT('2D SPACE',''
  ) );
#6520 = PCURVE('',#6179,#6521);
#6521 = DEFINITIONAL_REPRESENTATION('',(#6522),#6526);
#6522 = LINE('',#6523,#6524);
#6523 = CARTESIAN_POINT('',(-1.570796326795,1.2));
#6524 = VECTOR('',#6525,1.);
#6525 = DIRECTION('',(1.,0.));
#6526 = ( GEOMETRIC_REPRESENTATION_CONTEXT(2) 
PARAMETRIC_REPRESENTATION_CONTEXT() REPRESENTATION_CONTEXT('2D SPACE',''
  ) );
#6527 = ORIENTED_EDGE('',*,*,#6528,.T.);
#6528 = EDGE_CURVE('',#6505,#6529,#6531,.T.);
#6529 = VERTEX_POINT('',#6530);
#6530 = CARTESIAN_POINT('',(-7.65,9.65,0.));
#6531 = SURFACE_CURVE('',#6532,(#6536,#6543),.PCURVE_S1.);
#6532 = LINE('',#6533,#6534);
#6533 = CARTESIAN_POINT('',(9.65,9.65,0.));
#6534 = VECTOR('',#6535,1.);
#6535 = DIRECTION('',(-1.,0.,0.));
#6536 = PCURVE('',#6068,#6537);
#6537 = DEFINITIONAL_REPRESENTATION('',(#6538),#6542);
#6538 = LINE('',#6539,#6540);
#6539 = CARTESIAN_POINT('',(9.65,9.65));
#6540 = VECTOR('',#6541,1.);
#6541 = DIRECTION('',(-1.,0.));
#6542 = ( GEOMETRIC_REPRESENTATION_CONTEXT(2) 
PARAMETRIC_REPRESENTATION_CONTEXT() REPRESENTATION_CONTEXT('2D SPACE',''
  ) );
#6543 = PCURVE('',#6207,#6544);
#6544 = DEFINITIONAL_REPRESENTATION('',(#6545),#6549);
#6545 = LINE('',#6546,#6547);
#6546 = CARTESIAN_POINT('',(0.,-1.2));
#6547 = VECTOR('',#6548,1.);
#6548 = DIRECTION('',(1.,0.));
#6549 = ( GEOMETRIC_REPRESENTATION_CONTEXT(2) 
PARAMETRIC_REPRESENTATION_CONTEXT() REPRESENTATION_CONTEXT('2D SPACE',''
  ) );
#6550 = ORIENTED_EDGE('',*,*,#6551,.T.);
#6551 = EDGE_CURVE('',#6529,#6552,#6554,.T.);
#6552 = VERTEX_POINT('',#6553);
#6553 = CARTESIAN_POINT('',(-9.65,7.65,0.));
#6554 = SURFACE_CURVE('',#6555,(#6560,#6567),.PCURVE_S1.);
#6555 = CIRCLE('',#6556,2.);
#6556 = AXIS2_PLACEMENT_3D('',#6557,#6558,#6559);
#6557 = CARTESIAN_POINT('',(-7.65,7.65,0.));
#6558 = DIRECTION('',(0.,0.,1.));
#6559 = DIRECTION('',(0.,-1.,0.));
#6560 = PCURVE('',#6068,#6561);
#6561 = DEFINITIONAL_REPRESENTATION('',(#6562),#6566);
#6562 = CIRCLE('',#6563,2.);
#6563 = AXIS2_PLACEMENT_2D('',#6564,#6565);
#6564 = CARTESIAN_POINT('',(-7.65,7.65));
#6565 = DIRECTION('',(0.,-1.));
#6566 = ( GEOMETRIC_REPRESENTATION_CONTEXT(2) 
PARAMETRIC_REPRESENTATION_CONTEXT() REPRESENTATION_CONTEXT('2D SPACE',''
  ) );
#6567 = PCURVE('',#6236,#6568);
#6568 = DEFINITIONAL_REPRESENTATION('',(#6569),#6573);
#6569 = LINE('',#6570,#6571);
#6570 = CARTESIAN_POINT('',(-3.14159265359,1.2));
#6571 = VECTOR('',#6572,1.);
#6572 = DIRECTION('',(1.,0.));
#6573 = ( GEOMETRIC_REPRESENTATION_CONTEXT(2) 
PARAMETRIC_REPRESENTATION_CONTEXT() REPRESENTATION_CONTEXT('2D SPACE',''
  ) );
#6574 = ORIENTED_EDGE('',*,*,#6575,.T.);
#6575 = EDGE_CURVE('',#6552,#6377,#6576,.T.);
#6576 = SURFACE_CURVE('',#6577,(#6581,#6588),.PCURVE_S1.);
#6577 = LINE('',#6578,#6579);
#6578 = CARTESIAN_POINT('',(-9.65,9.65,0.));
#6579 = VECTOR('',#6580,1.);
#6580 = DIRECTION('',(0.,-1.,0.));
#6581 = PCURVE('',#6068,#6582);
#6582 = DEFINITIONAL_REPRESENTATION('',(#6583),#6587);
#6583 = LINE('',#6584,#6585);
#6584 = CARTESIAN_POINT('',(-9.65,9.65));
#6585 = VECTOR('',#6586,1.);
#6586 = DIRECTION('',(0.,-1.));
#6587 = ( GEOMETRIC_REPRESENTATION_CONTEXT(2) 
PARAMETRIC_REPRESENTATION_CONTEXT() REPRESENTATION_CONTEXT('2D SPACE',''
  ) );
#6588 = PCURVE('',#6264,#6589);
#6589 = DEFINITIONAL_REPRESENTATION('',(#6590),#6594);
#6590 = LINE('',#6591,#6592);
#6591 = CARTESIAN_POINT('',(0.,-1.2));
#6592 = VECTOR('',#6593,1.);
#6593 = DIRECTION('',(1.,0.));
#6594 = ( GEOMETRIC_REPRESENTATION_CONTEXT(2) 
PARAMETRIC_REPRESENTATION_CONTEXT() REPRESENTATION_CONTEXT('2D SPACE',''
  ) );
#6595 = ORIENTED_EDGE('',*,*,#6399,.F.);
#6596 = FACE_BOUND('',#6597,.T.);
#6597 = EDGE_LOOP('',(#6598));
#6598 = ORIENTED_EDGE('',*,*,#6599,.T.);
#6599 = EDGE_CURVE('',#6600,#6600,#6602,.T.);
#6600 = VERTEX_POINT('',#6601);
#6601 = CARTESIAN_POINT('',(8.75,-8.1,0.));
#6602 = SURFACE_CURVE('',#6603,(#6608,#6619),.PCURVE_S1.);
#6603 = CIRCLE('',#6604,0.65);
#6604 = AXIS2_PLACEMENT_3D('',#6605,#6606,#6607);
#6605 = CARTESIAN_POINT('',(8.1,-8.1,0.));
#6606 = DIRECTION('',(0.,0.,-1.));
#6607 = DIRECTION('',(1.,0.,0.));
#6608 = PCURVE('',#6068,#6609);
#6609 = DEFINITIONAL_REPRESENTATION('',(#6610),#6618);
#6610 = ( BOUNDED_CURVE() B_SPLINE_CURVE(2,(#6611,#6612,#6613,#6614,
#6615,#6616,#6617),.UNSPECIFIED.,.T.,.F.) B_SPLINE_CURVE_WITH_KNOTS((1,2
    ,2,2,2,1),(-2.094395102393,0.,2.094395102393,4.188790204786,
6.28318530718,8.377580409573),.UNSPECIFIED.) CURVE() 
GEOMETRIC_REPRESENTATION_ITEM() RATIONAL_B_SPLINE_CURVE((1.,0.5,1.,0.5,
1.,0.5,1.)) REPRESENTATION_ITEM('') );
#6611 = CARTESIAN_POINT('',(8.75,-8.1));
#6612 = CARTESIAN_POINT('',(8.75,-9.22583302492));
#6613 = CARTESIAN_POINT('',(7.775,-8.66291651246));
#6614 = CARTESIAN_POINT('',(6.8,-8.1));
#6615 = CARTESIAN_POINT('',(7.775,-7.53708348754));
#6616 = CARTESIAN_POINT('',(8.75,-6.97416697508));
#6617 = CARTESIAN_POINT('',(8.75,-8.1));
#6618 = ( GEOMETRIC_REPRESENTATION_CONTEXT(2) 
PARAMETRIC_REPRESENTATION_CONTEXT() REPRESENTATION_CONTEXT('2D SPACE',''
  ) );
#6619 = PCURVE('',#6325,#6620);
#6620 = DEFINITIONAL_REPRESENTATION('',(#6621),#6625);
#6621 = LINE('',#6622,#6623);
#6622 = CARTESIAN_POINT('',(-6.28318530718,-1.3));
#6623 = VECTOR('',#6624,1.);
#6624 = DIRECTION('',(1.,-0.));
#6625 = ( GEOMETRIC_REPRESENTATION_CONTEXT(2) 
PARAMETRIC_REPRESENTATION_CONTEXT() REPRESENTATION_CONTEXT('2D SPACE',''
  ) );
#6626 = FACE_BOUND('',#6627,.T.);
#6627 = EDGE_LOOP('',(#6628));
#6628 = ORIENTED_EDGE('',*,*,#6629,.T.);
#6629 = EDGE_CURVE('',#6630,#6630,#6632,.T.);
#6630 = VERTEX_POINT('',#6631);
#6631 = CARTESIAN_POINT('',(8.75,8.1,0.));
#6632 = SURFACE_CURVE('',#6633,(#6638,#6649),.PCURVE_S1.);
#6633 = CIRCLE('',#6634,0.65);
#6634 = AXIS2_PLACEMENT_3D('',#6635,#6636,#6637);
#6635 = CARTESIAN_POINT('',(8.1,8.1,0.));
#6636 = DIRECTION('',(0.,0.,-1.));
#6637 = DIRECTION('',(1.,0.,0.));
#6638 = PCURVE('',#6068,#6639);
#6639 = DEFINITIONAL_REPRESENTATION('',(#6640),#6648);
#6640 = ( BOUNDED_CURVE() B_SPLINE_CURVE(2,(#6641,#6642,#6643,#6644,
#6645,#6646,#6647),.UNSPECIFIED.,.T.,.F.) B_SPLINE_CURVE_WITH_KNOTS((1,2
    ,2,2,2,1),(-2.094395102393,0.,2.094395102393,4.188790204786,
6.28318530718,8.377580409573),.UNSPECIFIED.) CURVE() 
GEOMETRIC_REPRESENTATION_ITEM() RATIONAL_B_SPLINE_CURVE((1.,0.5,1.,0.5,
1.,0.5,1.)) REPRESENTATION_ITEM('') );
#6641 = CARTESIAN_POINT('',(8.75,8.1));
#6642 = CARTESIAN_POINT('',(8.75,6.97416697508));
#6643 = CARTESIAN_POINT('',(7.775,7.53708348754));
#6644 = CARTESIAN_POINT('',(6.8,8.1));
#6645 = CARTESIAN_POINT('',(7.775,8.66291651246));
#6646 = CARTESIAN_POINT('',(8.75,9.22583302492));
#6647 = CARTESIAN_POINT('',(8.75,8.1));
#6648 = ( GEOMETRIC_REPRESENTATION_CONTEXT(2) 
PARAMETRIC_REPRESENTATION_CONTEXT() REPRESENTATION_CONTEXT('2D SPACE',''
  ) );
#6649 = PCURVE('',#6360,#6650);
#6650 = DEFINITIONAL_REPRESENTATION('',(#6651),#6655);
#6651 = LINE('',#6652,#6653);
#6652 = CARTESIAN_POINT('',(-6.28318530718,-1.3));
#6653 = VECTOR('',#6654,1.);
#6654 = DIRECTION('',(1.,-0.));
#6655 = ( GEOMETRIC_REPRESENTATION_CONTEXT(2) 
PARAMETRIC_REPRESENTATION_CONTEXT() REPRESENTATION_CONTEXT('2D SPACE',''
  ) );
#6656 = ADVANCED_FACE('',(#6657),#6264,.F.);
#6657 = FACE_BOUND('',#6658,.F.);
#6658 = EDGE_LOOP('',(#6659,#6660,#6681,#6682));
#6659 = ORIENTED_EDGE('',*,*,#6248,.F.);
#6660 = ORIENTED_EDGE('',*,*,#6661,.T.);
#6661 = EDGE_CURVE('',#6220,#6552,#6662,.T.);
#6662 = SURFACE_CURVE('',#6663,(#6667,#6674),.PCURVE_S1.);
#6663 = LINE('',#6664,#6665);
#6664 = CARTESIAN_POINT('',(-9.65,7.65,-1.2));
#6665 = VECTOR('',#6666,1.);
#6666 = DIRECTION('',(0.,0.,1.));
#6667 = PCURVE('',#6264,#6668);
#6668 = DEFINITIONAL_REPRESENTATION('',(#6669),#6673);
#6669 = LINE('',#6670,#6671);
#6670 = CARTESIAN_POINT('',(2.,0.));
#6671 = VECTOR('',#6672,1.);
#6672 = DIRECTION('',(0.,-1.));
#6673 = ( GEOMETRIC_REPRESENTATION_CONTEXT(2) 
PARAMETRIC_REPRESENTATION_CONTEXT() REPRESENTATION_CONTEXT('2D SPACE',''
  ) );
#6674 = PCURVE('',#6236,#6675);
#6675 = DEFINITIONAL_REPRESENTATION('',(#6676),#6680);
#6676 = LINE('',#6677,#6678);
#6677 = CARTESIAN_POINT('',(1.570796326795,0.));
#6678 = VECTOR('',#6679,1.);
#6679 = DIRECTION('',(0.,1.));
#6680 = ( GEOMETRIC_REPRESENTATION_CONTEXT(2) 
PARAMETRIC_REPRESENTATION_CONTEXT() REPRESENTATION_CONTEXT('2D SPACE',''
  ) );
#6681 = ORIENTED_EDGE('',*,*,#6575,.T.);
#6682 = ORIENTED_EDGE('',*,*,#6376,.F.);
#6683 = ADVANCED_FACE('',(#6684),#6150,.F.);
#6684 = FACE_BOUND('',#6685,.F.);
#6685 = EDGE_LOOP('',(#6686,#6687,#6688,#6689));
#6686 = ORIENTED_EDGE('',*,*,#6134,.F.);
#6687 = ORIENTED_EDGE('',*,*,#6430,.T.);
#6688 = ORIENTED_EDGE('',*,*,#6481,.T.);
#6689 = ORIENTED_EDGE('',*,*,#6690,.F.);
#6690 = EDGE_CURVE('',#6135,#6482,#6691,.T.);
#6691 = SURFACE_CURVE('',#6692,(#6696,#6703),.PCURVE_S1.);
#6692 = LINE('',#6693,#6694);
#6693 = CARTESIAN_POINT('',(9.65,7.65,-1.2));
#6694 = VECTOR('',#6695,1.);
#6695 = DIRECTION('',(0.,0.,1.));
#6696 = PCURVE('',#6150,#6697);
#6697 = DEFINITIONAL_REPRESENTATION('',(#6698),#6702);
#6698 = LINE('',#6699,#6700);
#6699 = CARTESIAN_POINT('',(17.3,0.));
#6700 = VECTOR('',#6701,1.);
#6701 = DIRECTION('',(0.,-1.));
#6702 = ( GEOMETRIC_REPRESENTATION_CONTEXT(2) 
PARAMETRIC_REPRESENTATION_CONTEXT() REPRESENTATION_CONTEXT('2D SPACE',''
  ) );
#6703 = PCURVE('',#6179,#6704);
#6704 = DEFINITIONAL_REPRESENTATION('',(#6705),#6709);
#6705 = LINE('',#6706,#6707);
#6706 = CARTESIAN_POINT('',(0.,0.));
#6707 = VECTOR('',#6708,1.);
#6708 = DIRECTION('',(0.,1.));
#6709 = ( GEOMETRIC_REPRESENTATION_CONTEXT(2) 
PARAMETRIC_REPRESENTATION_CONTEXT() REPRESENTATION_CONTEXT('2D SPACE',''
  ) );
#6710 = ADVANCED_FACE('',(#6711),#6236,.T.);
#6711 = FACE_BOUND('',#6712,.T.);
#6712 = EDGE_LOOP('',(#6713,#6714,#6715,#6716));
#6713 = ORIENTED_EDGE('',*,*,#6219,.T.);
#6714 = ORIENTED_EDGE('',*,*,#6661,.T.);
#6715 = ORIENTED_EDGE('',*,*,#6551,.F.);
#6716 = ORIENTED_EDGE('',*,*,#6717,.F.);
#6717 = EDGE_CURVE('',#6192,#6529,#6718,.T.);
#6718 = SURFACE_CURVE('',#6719,(#6723,#6730),.PCURVE_S1.);
#6719 = LINE('',#6720,#6721);
#6720 = CARTESIAN_POINT('',(-7.65,9.65,-1.2));
#6721 = VECTOR('',#6722,1.);
#6722 = DIRECTION('',(0.,0.,1.));
#6723 = PCURVE('',#6236,#6724);
#6724 = DEFINITIONAL_REPRESENTATION('',(#6725),#6729);
#6725 = LINE('',#6726,#6727);
#6726 = CARTESIAN_POINT('',(0.,0.));
#6727 = VECTOR('',#6728,1.);
#6728 = DIRECTION('',(0.,1.));
#6729 = ( GEOMETRIC_REPRESENTATION_CONTEXT(2) 
PARAMETRIC_REPRESENTATION_CONTEXT() REPRESENTATION_CONTEXT('2D SPACE',''
  ) );
#6730 = PCURVE('',#6207,#6731);
#6731 = DEFINITIONAL_REPRESENTATION('',(#6732),#6736);
#6732 = LINE('',#6733,#6734);
#6733 = CARTESIAN_POINT('',(17.3,0.));
#6734 = VECTOR('',#6735,1.);
#6735 = DIRECTION('',(0.,-1.));
#6736 = ( GEOMETRIC_REPRESENTATION_CONTEXT(2) 
PARAMETRIC_REPRESENTATION_CONTEXT() REPRESENTATION_CONTEXT('2D SPACE',''
  ) );
#6737 = ADVANCED_FACE('',(#6738),#6179,.T.);
#6738 = FACE_BOUND('',#6739,.T.);
#6739 = EDGE_LOOP('',(#6740,#6741,#6762,#6763));
#6740 = ORIENTED_EDGE('',*,*,#6162,.T.);
#6741 = ORIENTED_EDGE('',*,*,#6742,.T.);
#6742 = EDGE_CURVE('',#6163,#6505,#6743,.T.);
#6743 = SURFACE_CURVE('',#6744,(#6748,#6755),.PCURVE_S1.);
#6744 = LINE('',#6745,#6746);
#6745 = CARTESIAN_POINT('',(7.65,9.65,-1.2));
#6746 = VECTOR('',#6747,1.);
#6747 = DIRECTION('',(0.,0.,1.));
#6748 = PCURVE('',#6179,#6749);
#6749 = DEFINITIONAL_REPRESENTATION('',(#6750),#6754);
#6750 = LINE('',#6751,#6752);
#6751 = CARTESIAN_POINT('',(1.570796326795,0.));
#6752 = VECTOR('',#6753,1.);
#6753 = DIRECTION('',(0.,1.));
#6754 = ( GEOMETRIC_REPRESENTATION_CONTEXT(2) 
PARAMETRIC_REPRESENTATION_CONTEXT() REPRESENTATION_CONTEXT('2D SPACE',''
  ) );
#6755 = PCURVE('',#6207,#6756);
#6756 = DEFINITIONAL_REPRESENTATION('',(#6757),#6761);
#6757 = LINE('',#6758,#6759);
#6758 = CARTESIAN_POINT('',(2.,0.));
#6759 = VECTOR('',#6760,1.);
#6760 = DIRECTION('',(0.,-1.));
#6761 = ( GEOMETRIC_REPRESENTATION_CONTEXT(2) 
PARAMETRIC_REPRESENTATION_CONTEXT() REPRESENTATION_CONTEXT('2D SPACE',''
  ) );
#6762 = ORIENTED_EDGE('',*,*,#6504,.F.);
#6763 = ORIENTED_EDGE('',*,*,#6690,.F.);
#6764 = ADVANCED_FACE('',(#6765),#6207,.F.);
#6765 = FACE_BOUND('',#6766,.F.);
#6766 = EDGE_LOOP('',(#6767,#6768,#6769,#6770));
#6767 = ORIENTED_EDGE('',*,*,#6191,.F.);
#6768 = ORIENTED_EDGE('',*,*,#6742,.T.);
#6769 = ORIENTED_EDGE('',*,*,#6528,.T.);
#6770 = ORIENTED_EDGE('',*,*,#6717,.F.);
#6771 = ADVANCED_FACE('',(#6772),#6325,.F.);
#6772 = FACE_BOUND('',#6773,.T.);
#6773 = EDGE_LOOP('',(#6774,#6775,#6796,#6797));
#6774 = ORIENTED_EDGE('',*,*,#6304,.T.);
#6775 = ORIENTED_EDGE('',*,*,#6776,.T.);
#6776 = EDGE_CURVE('',#6305,#6600,#6777,.T.);
#6777 = SEAM_CURVE('',#6778,(#6782,#6789),.PCURVE_S1.);
#6778 = LINE('',#6779,#6780);
#6779 = CARTESIAN_POINT('',(8.75,-8.1,-1.3));
#6780 = VECTOR('',#6781,1.);
#6781 = DIRECTION('',(0.,0.,1.));
#6782 = PCURVE('',#6325,#6783);
#6783 = DEFINITIONAL_REPRESENTATION('',(#6784),#6788);
#6784 = LINE('',#6785,#6786);
#6785 = CARTESIAN_POINT('',(-6.28318530718,0.));
#6786 = VECTOR('',#6787,1.);
#6787 = DIRECTION('',(-0.,-1.));
#6788 = ( GEOMETRIC_REPRESENTATION_CONTEXT(2) 
PARAMETRIC_REPRESENTATION_CONTEXT() REPRESENTATION_CONTEXT('2D SPACE',''
  ) );
#6789 = PCURVE('',#6325,#6790);
#6790 = DEFINITIONAL_REPRESENTATION('',(#6791),#6795);
#6791 = LINE('',#6792,#6793);
#6792 = CARTESIAN_POINT('',(-0.,0.));
#6793 = VECTOR('',#6794,1.);
#6794 = DIRECTION('',(-0.,-1.));
#6795 = ( GEOMETRIC_REPRESENTATION_CONTEXT(2) 
PARAMETRIC_REPRESENTATION_CONTEXT() REPRESENTATION_CONTEXT('2D SPACE',''
  ) );
#6796 = ORIENTED_EDGE('',*,*,#6599,.F.);
#6797 = ORIENTED_EDGE('',*,*,#6776,.F.);
#6798 = ADVANCED_FACE('',(#6799),#6360,.F.);
#6799 = FACE_BOUND('',#6800,.T.);
#6800 = EDGE_LOOP('',(#6801,#6802,#6823,#6824));
#6801 = ORIENTED_EDGE('',*,*,#6339,.T.);
#6802 = ORIENTED_EDGE('',*,*,#6803,.T.);
#6803 = EDGE_CURVE('',#6340,#6630,#6804,.T.);
#6804 = SEAM_CURVE('',#6805,(#6809,#6816),.PCURVE_S1.);
#6805 = LINE('',#6806,#6807);
#6806 = CARTESIAN_POINT('',(8.75,8.1,-1.3));
#6807 = VECTOR('',#6808,1.);
#6808 = DIRECTION('',(0.,0.,1.));
#6809 = PCURVE('',#6360,#6810);
#6810 = DEFINITIONAL_REPRESENTATION('',(#6811),#6815);
#6811 = LINE('',#6812,#6813);
#6812 = CARTESIAN_POINT('',(-6.28318530718,0.));
#6813 = VECTOR('',#6814,1.);
#6814 = DIRECTION('',(-0.,-1.));
#6815 = ( GEOMETRIC_REPRESENTATION_CONTEXT(2) 
PARAMETRIC_REPRESENTATION_CONTEXT() REPRESENTATION_CONTEXT('2D SPACE',''
  ) );
#6816 = PCURVE('',#6360,#6817);
#6817 = DEFINITIONAL_REPRESENTATION('',(#6818),#6822);
#6818 = LINE('',#6819,#6820);
#6819 = CARTESIAN_POINT('',(-0.,0.));
#6820 = VECTOR('',#6821,1.);
#6821 = DIRECTION('',(-0.,-1.));
#6822 = ( GEOMETRIC_REPRESENTATION_CONTEXT(2) 
PARAMETRIC_REPRESENTATION_CONTEXT() REPRESENTATION_CONTEXT('2D SPACE',''
  ) );
#6823 = ORIENTED_EDGE('',*,*,#6629,.F.);
#6824 = ORIENTED_EDGE('',*,*,#6803,.F.);
#6825 = ( GEOMETRIC_REPRESENTATION_CONTEXT(3) 
GLOBAL_UNCERTAINTY_ASSIGNED_CONTEXT((#6829)) 
GLOBAL_UNIT_ASSIGNED_CONTEXT((#6826,#6827,#6828)) REPRESENTATION_CONTEXT
('Context #1','3D Context with UNIT and UNCERTAINTY') );
#6826 = ( LENGTH_UNIT() NAMED_UNIT(*) SI_UNIT(.MILLI.,.METRE.) );
#6827 = ( NAMED_UNIT(*) PLANE_ANGLE_UNIT() SI_UNIT($,.RADIAN.) );
#6828 = ( NAMED_UNIT(*) SI_UNIT($,.STERADIAN.) SOLID_ANGLE_UNIT() );
#6829 = UNCERTAINTY_MEASURE_WITH_UNIT(LENGTH_MEASURE(1.E-07),#6826,
  'distance_accuracy_value','confusion accuracy');
#6830 = CONTEXT_DEPENDENT_SHAPE_REPRESENTATION(#6831,#6833);
#6831 = ( REPRESENTATION_RELATIONSHIP('','',#5982,#10) 
REPRESENTATION_RELATIONSHIP_WITH_TRANSFORMATION(#6832) 
SHAPE_REPRESENTATION_RELATIONSHIP() );
#6832 = ITEM_DEFINED_TRANSFORMATION('','',#11,#19);
#6833 = PRODUCT_DEFINITION_SHAPE('Placement','Placement of an item',
  #6834);
#6834 = NEXT_ASSEMBLY_USAGE_OCCURRENCE('2','pcb','',#5,#5977,$);
#6835 = PRODUCT_RELATED_PRODUCT_CATEGORY('part',$,(#5979));
#6836 = MECHANICAL_DESIGN_GEOMETRIC_PRESENTATION_REPRESENTATION('',(
    #6837),#5964);
#6837 = STYLED_ITEM('color',(#6838),#37);
#6838 = PRESENTATION_STYLE_ASSIGNMENT((#6839));
#6839 = SURFACE_STYLE_USAGE(.BOTH.,#6840);
#6840 = SURFACE_SIDE_STYLE('',(#6841));
#6841 = SURFACE_STYLE_FILL_AREA(#6842);
#6842 = FILL_AREA_STYLE('',(#6843));
#6843 = FILL_AREA_STYLE_COLOUR('',#6844);
#6844 = COLOUR_RGB('',0.740000011925,0.740000011925,0.720000003324);
#6845 = MECHANICAL_DESIGN_GEOMETRIC_PRESENTATION_REPRESENTATION('',(
    #6846),#6825);
#6846 = STYLED_ITEM('color',(#6847),#5983);
#6847 = PRESENTATION_STYLE_ASSIGNMENT((#6848));
#6848 = SURFACE_STYLE_USAGE(.BOTH.,#6849);
#6849 = SURFACE_SIDE_STYLE('',(#6850));
#6850 = SURFACE_STYLE_FILL_AREA(#6851);
#6851 = FILL_AREA_STYLE('',(#6852));
#6852 = FILL_AREA_STYLE_COLOUR('',#6853);
#6853 = COLOUR_RGB('',0.130000001093,0.339999993741,0.210000004305);
ENDSEC;
END-ISO-10303-21;
